[
  {
    "implementation": "android/app/src/androidTest/kotlin/com/meshcoreone/android/app/navigation/cases/NavigationPersistenceFixture.kt",
    "sources": [],
    "android_only": [
      "WP-302"
    ],
    "generated_inputs": [],
    "feature_acceptance": "not established by headers"
  },
  {
    "implementation": "android/app/src/androidTest/kotlin/com/meshcoreone/android/app/navigation/cases/NotificationFixture.kt",
    "sources": [],
    "android_only": [
      "WP-302"
    ],
    "generated_inputs": [],
    "feature_acceptance": "not established by headers"
  },
  {
    "implementation": "android/app/src/androidTest/kotlin/com/meshcoreone/android/app/navigation/cases/OriginalNavigationCases.kt",
    "sources": [
      "MC1Tests/AppState/NavigationCoordinatorTests.swift",
      "MC1Tests/AppState/NavigationStateTests.swift",
      "MC1Tests/SidebarNavigationLayoutTests.swift"
    ],
    "android_only": [],
    "generated_inputs": [],
    "feature_acceptance": "not established by headers"
  },
  {
    "implementation": "android/app/src/androidTest/kotlin/com/meshcoreone/android/app/navigation/NavigationKeyboardBackTest.kt",
    "sources": [],
    "android_only": [
      "WP-302"
    ],
    "generated_inputs": [],
    "feature_acceptance": "not established by headers"
  },
  {
    "implementation": "android/app/src/androidTest/kotlin/com/meshcoreone/android/app/navigation/OriginalNavigationInstrumentedTest.kt",
    "sources": [],
    "android_only": [
      "WP-302"
    ],
    "generated_inputs": [],
    "feature_acceptance": "not established by headers"
  },
  {
    "implementation": "android/app/src/main/kotlin/com/meshcoreone/android/app/MainActivity.kt",
    "sources": [
      "MC1/ContentView.swift"
    ],
    "android_only": [],
    "generated_inputs": [],
    "feature_acceptance": "not established by headers"
  },
  {
    "implementation": "android/app/src/main/kotlin/com/meshcoreone/android/app/navigation/MapNavigationConsumer.kt",
    "sources": [
      "MC1/Views/Chats/ViewModel/ChatViewModel.swift"
    ],
    "android_only": [],
    "generated_inputs": [],
    "feature_acceptance": "not established by headers"
  },
  {
    "implementation": "android/app/src/main/kotlin/com/meshcoreone/android/app/navigation/NativeNavigationShell.kt",
    "sources": [
      "MC1/ContentView.swift",
      "MC1/Views/AppSidebar.swift",
      "MC1/Views/MainSidebarView.swift",
      "MC1/Views/Sidebar/SidebarContentColumnBackground.swift"
    ],
    "android_only": [],
    "generated_inputs": [],
    "feature_acceptance": "not established by headers"
  },
  {
    "implementation": "android/app/src/main/kotlin/com/meshcoreone/android/app/navigation/NavigationCoordinator.kt",
    "sources": [
      "MC1/State/NavigationCoordinator.swift",
      "MC1/Views/MainSidebarView.swift"
    ],
    "android_only": [],
    "generated_inputs": [],
    "feature_acceptance": "not established by headers"
  },
  {
    "implementation": "android/app/src/main/kotlin/com/meshcoreone/android/app/navigation/NavigationSavedState.kt",
    "sources": [
      "MC1/State/NavigationCoordinator.swift"
    ],
    "android_only": [],
    "generated_inputs": [],
    "feature_acceptance": "not established by headers"
  },
  {
    "implementation": "android/app/src/main/kotlin/com/meshcoreone/android/app/navigation/NavigationState.kt",
    "sources": [
      "MC1/State/NavigationCoordinator.swift",
      "MC1/State/AppTab.swift",
      "MC1/Views/MainSidebarView.swift",
      "MC1/Views/Tools/ToolSelection.swift",
      "MC1/Views/Settings/SettingsDetail.swift",
      "MC1/State/MapFocusRequest.swift",
      "MC1/Views/Chats/HashtagDeeplinkSupport.swift"
    ],
    "android_only": [],
    "generated_inputs": [],
    "feature_acceptance": "not established by headers"
  },
  {
    "implementation": "android/app/src/main/kotlin/com/meshcoreone/android/app/navigation/NotificationNavigationBinding.kt",
    "sources": [
      "MC1/State/NavigationCoordinator.swift"
    ],
    "android_only": [],
    "generated_inputs": [],
    "feature_acceptance": "not established by headers"
  },
  {
    "implementation": "android/app/src/main/kotlin/com/meshcoreone/android/app/navigation/NotificationNavigationRequest.kt",
    "sources": [
      "MC1/State/NavigationCoordinator.swift"
    ],
    "android_only": [],
    "generated_inputs": [],
    "feature_acceptance": "not established by headers"
  },
  {
    "implementation": "android/app/src/main/kotlin/com/meshcoreone/android/app/navigation/PersistenceNavigationLookup.kt",
    "sources": [
      "MC1/State/NavigationCoordinator.swift"
    ],
    "android_only": [],
    "generated_inputs": [],
    "feature_acceptance": "not established by headers"
  },
  {
    "implementation": "android/app/src/main/kotlin/com/meshcoreone/android/FeatureRegistry.kt",
    "sources": [],
    "android_only": [
      "WP-002"
    ],
    "generated_inputs": [],
    "feature_acceptance": "not established by headers"
  },
  {
    "implementation": "android/app/src/main/kotlin/com/meshcoreone/android/MainActivity.kt",
    "sources": [],
    "android_only": [
      "WP-302"
    ],
    "generated_inputs": [],
    "feature_acceptance": "not established by headers"
  },
  {
    "implementation": "android/app/src/main/kotlin/com/meshcoreone/android/ScaffoldApp.kt",
    "sources": [],
    "android_only": [
      "WP-002"
    ],
    "generated_inputs": [],
    "feature_acceptance": "not established by headers"
  },
  {
    "implementation": "android/app/src/main/kotlin/com/meshcoreone/android/ScaffoldNavigation.kt",
    "sources": [],
    "android_only": [
      "WP-002"
    ],
    "generated_inputs": [],
    "feature_acceptance": "not established by headers"
  },
  {
    "implementation": "android/app/src/test/kotlin/com/meshcoreone/android/app/navigation/NavigationActivityTest.kt",
    "sources": [],
    "android_only": [
      "WP-302"
    ],
    "generated_inputs": [],
    "feature_acceptance": "not established by headers"
  },
  {
    "implementation": "android/app/src/test/kotlin/com/meshcoreone/android/app/navigation/NavigationComposeTest.kt",
    "sources": [],
    "android_only": [
      "WP-302"
    ],
    "generated_inputs": [],
    "feature_acceptance": "not established by headers"
  },
  {
    "implementation": "android/app/src/test/kotlin/com/meshcoreone/android/app/navigation/NavigationExecutionBinding.kt",
    "sources": [],
    "android_only": [
      "WP-302"
    ],
    "generated_inputs": [],
    "feature_acceptance": "not established by headers"
  },
  {
    "implementation": "android/app/src/test/kotlin/com/meshcoreone/android/app/navigation/NavigationStateTest.kt",
    "sources": [],
    "android_only": [
      "WP-302"
    ],
    "generated_inputs": [],
    "feature_acceptance": "not established by headers"
  },
  {
    "implementation": "android/app/src/test/kotlin/com/meshcoreone/android/app/navigation/OriginalNavigationTest.kt",
    "sources": [],
    "android_only": [
      "WP-302"
    ],
    "generated_inputs": [],
    "feature_acceptance": "not established by headers"
  },
  {
    "implementation": "android/app/src/test/kotlin/com/meshcoreone/android/ScaffoldLauncherTest.kt",
    "sources": [],
    "android_only": [
      "WP-002"
    ],
    "generated_inputs": [],
    "feature_acceptance": "not established by headers"
  },
  {
    "implementation": "android/app/src/test/kotlin/com/meshcoreone/android/ScaffoldNavigationTest.kt",
    "sources": [],
    "android_only": [
      "WP-002"
    ],
    "generated_inputs": [],
    "feature_acceptance": "not established by headers"
  },
  {
    "implementation": "android/build-logic/convention/src/main/kotlin/com/meshcoreone/buildlogic/BuildConventions.kt",
    "sources": [],
    "android_only": [
      "WP-002"
    ],
    "generated_inputs": [],
    "feature_acceptance": "not established by headers"
  },
  {
    "implementation": "android/build-logic/convention/src/main/kotlin/com/meshcoreone/buildlogic/DependencyGraphs.kt",
    "sources": [],
    "android_only": [
      "WP-002"
    ],
    "generated_inputs": [],
    "feature_acceptance": "not established by headers"
  },
  {
    "implementation": "android/build-logic/convention/src/main/kotlin/com/meshcoreone/buildlogic/DependencyInventory.kt",
    "sources": [],
    "android_only": [
      "WP-002"
    ],
    "generated_inputs": [],
    "feature_acceptance": "not established by headers"
  },
  {
    "implementation": "android/build-logic/convention/src/main/kotlin/com/meshcoreone/buildlogic/ModuleGraph.kt",
    "sources": [],
    "android_only": [
      "WP-002"
    ],
    "generated_inputs": [],
    "feature_acceptance": "not established by headers"
  },
  {
    "implementation": "android/build-logic/convention/src/main/kotlin/com/meshcoreone/buildlogic/ScaffoldReports.kt",
    "sources": [],
    "android_only": [
      "WP-002"
    ],
    "generated_inputs": [],
    "feature_acceptance": "not established by headers"
  },
  {
    "implementation": "android/build-logic/convention/src/main/kotlin/com/meshcoreone/buildlogic/ScaffoldRootConventionPlugin.kt",
    "sources": [],
    "android_only": [
      "WP-002"
    ],
    "generated_inputs": [],
    "feature_acceptance": "not established by headers"
  },
  {
    "implementation": "android/build-logic/convention/src/main/kotlin/com/meshcoreone/buildlogic/ScaffoldSchema.kt",
    "sources": [],
    "android_only": [
      "WP-002"
    ],
    "generated_inputs": [],
    "feature_acceptance": "not established by headers"
  },
  {
    "implementation": "android/build-logic/convention/src/test/kotlin/com/meshcoreone/buildlogic/DependencyGraphsTest.kt",
    "sources": [],
    "android_only": [
      "WP-002"
    ],
    "generated_inputs": [],
    "feature_acceptance": "not established by headers"
  },
  {
    "implementation": "android/build-logic/convention/src/test/kotlin/com/meshcoreone/buildlogic/DependencyInventoryTest.kt",
    "sources": [],
    "android_only": [
      "WP-002"
    ],
    "generated_inputs": [],
    "feature_acceptance": "not established by headers"
  },
  {
    "implementation": "android/build-logic/convention/src/test/kotlin/com/meshcoreone/buildlogic/ModuleGraphTest.kt",
    "sources": [],
    "android_only": [
      "WP-002"
    ],
    "generated_inputs": [],
    "feature_acceptance": "not established by headers"
  },
  {
    "implementation": "android/build-logic/convention/src/test/kotlin/com/meshcoreone/buildlogic/RootTaskRegistrationTest.kt",
    "sources": [],
    "android_only": [
      "WP-002"
    ],
    "generated_inputs": [],
    "feature_acceptance": "not established by headers"
  },
  {
    "implementation": "android/build-logic/convention/src/test/kotlin/com/meshcoreone/buildlogic/ScaffoldReportsTest.kt",
    "sources": [],
    "android_only": [
      "WP-002"
    ],
    "generated_inputs": [],
    "feature_acceptance": "not established by headers"
  },
  {
    "implementation": "android/build-logic/convention/src/test/kotlin/com/meshcoreone/buildlogic/ScaffoldSchemaTest.kt",
    "sources": [],
    "android_only": [
      "WP-002"
    ],
    "generated_inputs": [],
    "feature_acceptance": "not established by headers"
  },
  {
    "implementation": "android/core/ble/src/main/kotlin/com/meshcoreone/android/core/ble/AndroidGattApi.kt",
    "sources": [],
    "android_only": [
      "WP-205"
    ],
    "generated_inputs": [],
    "feature_acceptance": "not established by headers"
  },
  {
    "implementation": "android/core/ble/src/main/kotlin/com/meshcoreone/android/core/ble/AndroidGattFacade.kt",
    "sources": [
      "MC1Services/Sources/MC1Services/Transport/BLEStateMachine+CBDelegate.swift"
    ],
    "android_only": [],
    "generated_inputs": [],
    "feature_acceptance": "not established by headers"
  },
  {
    "implementation": "android/core/ble/src/main/kotlin/com/meshcoreone/android/core/ble/BleClock.kt",
    "sources": [],
    "android_only": [
      "WP-205"
    ],
    "generated_inputs": [],
    "feature_acceptance": "not established by headers"
  },
  {
    "implementation": "android/core/ble/src/main/kotlin/com/meshcoreone/android/core/ble/BleError.kt",
    "sources": [
      "MC1Services/Sources/MC1Services/Errors/BLEError.swift"
    ],
    "android_only": [],
    "generated_inputs": [],
    "feature_acceptance": "not established by headers"
  },
  {
    "implementation": "android/core/ble/src/main/kotlin/com/meshcoreone/android/core/ble/BleTransport.kt",
    "sources": [
      "MC1Services/Sources/MC1Services/Transport/BLEStateMachine.swift",
      "MC1Services/Sources/MC1Services/Transport/BLEStateMachine+CallbackHandlers.swift",
      "MC1Services/Sources/MC1Services/Transport/iOSBLETransport.swift",
      "MC1Services/Sources/MC1Services/Transport/iOSMeshTransport.swift"
    ],
    "android_only": [],
    "generated_inputs": [],
    "feature_acceptance": "not established by headers"
  },
  {
    "implementation": "android/core/ble/src/main/kotlin/com/meshcoreone/android/core/ble/BleTypes.kt",
    "sources": [
      "MC1Services/Sources/MC1Services/Transport/BLEPhase.swift",
      "MC1Services/Sources/MC1Services/Transport/BLEPhaseKind.swift",
      "MC1Services/Sources/MC1Services/Transport/BLELinkDiagnostics.swift",
      "MC1Services/Sources/MC1Services/Transport/BLEServiceUUID.swift",
      "MC1Services/Sources/MC1Services/Transport/BluetoothAvailability.swift",
      "MC1Services/Sources/MC1Services/Transport/DiscoveredDevice.swift"
    ],
    "android_only": [],
    "generated_inputs": [],
    "feature_acceptance": "not established by headers"
  },
  {
    "implementation": "android/core/ble/src/main/kotlin/com/meshcoreone/android/core/ble/GattFacade.kt",
    "sources": [
      "MC1Services/Sources/MC1Services/Transport/BLEStateMachineProtocol.swift"
    ],
    "android_only": [],
    "generated_inputs": [],
    "feature_acceptance": "not established by headers"
  },
  {
    "implementation": "android/core/ble/src/test/kotlin/com/meshcoreone/android/core/ble/AndroidGattAdapterTest.kt",
    "sources": [],
    "android_only": [
      "WP-205"
    ],
    "generated_inputs": [],
    "feature_acceptance": "not established by headers"
  },
  {
    "implementation": "android/core/ble/src/test/kotlin/com/meshcoreone/android/core/ble/AndroidGattApi31Test.kt",
    "sources": [],
    "android_only": [
      "WP-205"
    ],
    "generated_inputs": [],
    "feature_acceptance": "not established by headers"
  },
  {
    "implementation": "android/core/ble/src/test/kotlin/com/meshcoreone/android/core/ble/AndroidGattApi32Test.kt",
    "sources": [],
    "android_only": [
      "WP-205"
    ],
    "generated_inputs": [],
    "feature_acceptance": "not established by headers"
  },
  {
    "implementation": "android/core/ble/src/test/kotlin/com/meshcoreone/android/core/ble/AndroidGattApi33Test.kt",
    "sources": [],
    "android_only": [
      "WP-205"
    ],
    "generated_inputs": [],
    "feature_acceptance": "not established by headers"
  },
  {
    "implementation": "android/core/ble/src/test/kotlin/com/meshcoreone/android/core/ble/AndroidGattApi37Test.kt",
    "sources": [],
    "android_only": [
      "WP-205"
    ],
    "generated_inputs": [],
    "feature_acceptance": "not established by headers"
  },
  {
    "implementation": "android/core/ble/src/test/kotlin/com/meshcoreone/android/core/ble/AndroidGattFixtures.kt",
    "sources": [],
    "android_only": [
      "WP-205"
    ],
    "generated_inputs": [],
    "feature_acceptance": "not established by headers"
  },
  {
    "implementation": "android/core/ble/src/test/kotlin/com/meshcoreone/android/core/ble/Api37DeviceShadow.kt",
    "sources": [],
    "android_only": [
      "WP-205"
    ],
    "generated_inputs": [],
    "feature_acceptance": "not established by headers"
  },
  {
    "implementation": "android/core/ble/src/test/kotlin/com/meshcoreone/android/core/ble/BleBondRefreshTest.kt",
    "sources": [
      "MC1Services/Tests/MC1ServicesTests/Transport/BondShieldRefreshTests.swift"
    ],
    "android_only": [],
    "generated_inputs": [],
    "feature_acceptance": "not established by headers"
  },
  {
    "implementation": "android/core/ble/src/test/kotlin/com/meshcoreone/android/core/ble/BleDiscoveryTest.kt",
    "sources": [
      "MC1Services/Tests/MC1ServicesTests/Transport/BLEStateMachineEmptyGATTHoldTests.swift",
      "MC1Services/Tests/MC1ServicesTests/Transport/BLEStateMachineTests.swift",
      "MC1Services/Tests/MC1ServicesTests/Transport/BLEStateMachineBondSuspectRecoveryTests.swift"
    ],
    "android_only": [],
    "generated_inputs": [],
    "feature_acceptance": "not established by headers"
  },
  {
    "implementation": "android/core/ble/src/test/kotlin/com/meshcoreone/android/core/ble/BleFaultProjectionTest.kt",
    "sources": [],
    "android_only": [
      "WP-205"
    ],
    "generated_inputs": [],
    "feature_acceptance": "not established by headers"
  },
  {
    "implementation": "android/core/ble/src/test/kotlin/com/meshcoreone/android/core/ble/BleGattStatusTest.kt",
    "sources": [
      "MC1Services/Tests/MC1ServicesTests/Transport/BLEStateMachineDisconnectionMappingTests.swift",
      "MC1Services/Tests/MC1ServicesTests/Transport/BLEStateMachineRestorationAndTeardownTests.swift"
    ],
    "android_only": [],
    "generated_inputs": [],
    "feature_acceptance": "not established by headers"
  },
  {
    "implementation": "android/core/ble/src/test/kotlin/com/meshcoreone/android/core/ble/BleLifecycleTest.kt",
    "sources": [
      "MC1Services/Tests/MC1ServicesTests/Transport/BLEStateMachineTests.swift",
      "MC1Services/Tests/MC1ServicesTests/Transport/BLEStateMachineRestorationAndTeardownTests.swift",
      "MC1Services/Tests/MC1ServicesTests/Transport/BLEStateMachineBondSuspectRecoveryTests.swift"
    ],
    "android_only": [],
    "generated_inputs": [],
    "feature_acceptance": "not established by headers"
  },
  {
    "implementation": "android/core/ble/src/test/kotlin/com/meshcoreone/android/core/ble/BleOperationFailureTest.kt",
    "sources": [
      "MC1Services/Tests/MC1ServicesTests/Transport/BLEStateMachineRestorationAndTeardownTests.swift",
      "MC1Services/Tests/MC1ServicesTests/Transport/BLEStateMachineDisconnectionMappingTests.swift"
    ],
    "android_only": [],
    "generated_inputs": [],
    "feature_acceptance": "not established by headers"
  },
  {
    "implementation": "android/core/ble/src/test/kotlin/com/meshcoreone/android/core/ble/BleReviewRegressionTest.kt",
    "sources": [],
    "android_only": [
      "WP-205"
    ],
    "generated_inputs": [],
    "feature_acceptance": "not established by headers"
  },
  {
    "implementation": "android/core/ble/src/test/kotlin/com/meshcoreone/android/core/ble/BleStreamTest.kt",
    "sources": [
      "MC1Services/Sources/MC1Services/Transport/BLEStateMachine+CBDelegate.swift",
      "MC1Services/Tests/MC1ServicesTests/Transport/BLEStateMachineRestorationAndTeardownTests.swift"
    ],
    "android_only": [],
    "generated_inputs": [],
    "feature_acceptance": "not established by headers"
  },
  {
    "implementation": "android/core/ble/src/test/kotlin/com/meshcoreone/android/core/ble/BleValuesTest.kt",
    "sources": [
      "MC1Services/Tests/MC1ServicesTests/Transport/BLEPhaseTests.swift",
      "MC1Services/Tests/MC1ServicesTests/Transport/BLEStateMachineTests.swift"
    ],
    "android_only": [],
    "generated_inputs": [],
    "feature_acceptance": "not established by headers"
  },
  {
    "implementation": "android/core/ble/src/test/kotlin/com/meshcoreone/android/core/ble/BleWriteTest.kt",
    "sources": [
      "MC1Services/Tests/MC1ServicesTests/Transport/BLEStateMachineWriteWithoutResponseTests.swift",
      "MC1Services/Tests/MC1ServicesTests/Transport/BLEStateMachineRestorationAndTeardownTests.swift"
    ],
    "android_only": [],
    "generated_inputs": [],
    "feature_acceptance": "not established by headers"
  },
  {
    "implementation": "android/core/ble/src/test/kotlin/com/meshcoreone/android/core/ble/FakeGattFixture.kt",
    "sources": [
      "MC1Services/Tests/MC1ServicesTests/Mocks/MockBLEStateMachine.swift",
      "MC1Services/Tests/MC1ServicesTests/Mocks/MockMeshTransport.swift",
      "MC1Tests/Helpers/MockMeshTransport.swift"
    ],
    "android_only": [],
    "generated_inputs": [],
    "feature_acceptance": "not established by headers"
  },
  {
    "implementation": "android/core/connectivity/src/main/kotlin/com/meshcoreone/android/core/connectivity/ble/BleLinkInspector.kt",
    "sources": [
      "MC1Services/Sources/MC1Services/Connection/ConnectionManager+BLE.swift"
    ],
    "android_only": [],
    "generated_inputs": [],
    "feature_acceptance": "not established by headers"
  },
  {
    "implementation": "android/core/connectivity/src/main/kotlin/com/meshcoreone/android/core/connectivity/ble/BleScanCoordinator.kt",
    "sources": [
      "MC1Services/Sources/MC1Services/Connection/ConnectionManager+BLE.swift"
    ],
    "android_only": [],
    "generated_inputs": [],
    "feature_acceptance": "not established by headers"
  },
  {
    "implementation": "android/core/connectivity/src/main/kotlin/com/meshcoreone/android/core/connectivity/bond/BondingCoordinator.kt",
    "sources": [],
    "android_only": [
      "WP-206"
    ],
    "generated_inputs": [],
    "feature_acceptance": "not established by headers"
  },
  {
    "implementation": "android/core/connectivity/src/main/kotlin/com/meshcoreone/android/core/connectivity/ConnectivityEnvironment.kt",
    "sources": [],
    "android_only": [
      "WP-206"
    ],
    "generated_inputs": [],
    "feature_acceptance": "not established by headers"
  },
  {
    "implementation": "android/core/connectivity/src/main/kotlin/com/meshcoreone/android/core/connectivity/ConnectivityPlatform.kt",
    "sources": [],
    "android_only": [
      "WP-206"
    ],
    "generated_inputs": [],
    "feature_acceptance": "not established by headers"
  },
  {
    "implementation": "android/core/connectivity/src/main/kotlin/com/meshcoreone/android/core/connectivity/device/ConnectedDeviceEditor.kt",
    "sources": [
      "MC1Services/Sources/MC1Services/Connection/ConnectionManager+Pairing.swift"
    ],
    "android_only": [],
    "generated_inputs": [],
    "feature_acceptance": "not established by headers"
  },
  {
    "implementation": "android/core/connectivity/src/main/kotlin/com/meshcoreone/android/core/connectivity/pairing/BluetoothScanPairingService.kt",
    "sources": [
      "MC1Services/Sources/MC1Services/Services/BluetoothScanPairingService.swift"
    ],
    "android_only": [],
    "generated_inputs": [],
    "feature_acceptance": "not established by headers"
  },
  {
    "implementation": "android/core/connectivity/src/main/kotlin/com/meshcoreone/android/core/connectivity/pairing/CompanionDiscoveryCriteria.kt",
    "sources": [
      "MC1Services/Sources/MC1Services/Services/AccessorySetupKitDiscoveryCriteria.swift",
      "MC1Services/Sources/MC1Services/Services/AccessorySetupKitLogFormatter.swift"
    ],
    "android_only": [],
    "generated_inputs": [],
    "feature_acceptance": "not established by headers"
  },
  {
    "implementation": "android/core/connectivity/src/main/kotlin/com/meshcoreone/android/core/connectivity/pairing/CompanionPairingService.kt",
    "sources": [
      "MC1Services/Sources/MC1Services/Services/AccessorySetupPairingService.swift",
      "MC1Services/Sources/MC1Services/Services/DevicePairingFactory.swift"
    ],
    "android_only": [],
    "generated_inputs": [],
    "feature_acceptance": "not established by headers"
  },
  {
    "implementation": "android/core/connectivity/src/main/kotlin/com/meshcoreone/android/core/connectivity/pairing/CompanionPlatformMapping.kt",
    "sources": [],
    "android_only": [
      "WP-206"
    ],
    "generated_inputs": [],
    "feature_acceptance": "not established by headers"
  },
  {
    "implementation": "android/core/connectivity/src/main/kotlin/com/meshcoreone/android/core/connectivity/pairing/CompanionSetupService.kt",
    "sources": [
      "MC1Services/Sources/MC1Services/Services/AccessorySetupKitService.swift",
      "MC1Services/Sources/MC1Services/Services/AccessorySetupKitServicing.swift"
    ],
    "android_only": [],
    "generated_inputs": [],
    "feature_acceptance": "not established by headers"
  },
  {
    "implementation": "android/core/connectivity/src/main/kotlin/com/meshcoreone/android/core/connectivity/pairing/DeviceEndpointIdentity.kt",
    "sources": [],
    "android_only": [
      "WP-206"
    ],
    "generated_inputs": [],
    "feature_acceptance": "not established by headers"
  },
  {
    "implementation": "android/core/connectivity/src/main/kotlin/com/meshcoreone/android/core/connectivity/pairing/DevicePairing.kt",
    "sources": [
      "MC1Services/Sources/MC1Services/Services/DevicePairingService.swift",
      "MC1Services/Sources/MC1Services/Services/DevicePairingDelegate.swift",
      "MC1Services/Sources/MC1Services/Services/DevicePairingError.swift",
      "MC1Services/Sources/MC1Services/Errors/PairingError.swift"
    ],
    "android_only": [],
    "generated_inputs": [],
    "feature_acceptance": "not established by headers"
  },
  {
    "implementation": "android/core/connectivity/src/main/kotlin/com/meshcoreone/android/core/connectivity/pairing/PairingCoordinator.kt",
    "sources": [
      "MC1Services/Sources/MC1Services/Connection/ConnectionManager+Pairing.swift"
    ],
    "android_only": [],
    "generated_inputs": [],
    "feature_acceptance": "not established by headers"
  },
  {
    "implementation": "android/core/connectivity/src/main/kotlin/com/meshcoreone/android/core/connectivity/pairing/SystemPairedAccessory.kt",
    "sources": [
      "MC1/State/SystemPairedAccessory.swift",
      "MC1/State/SystemPairingSetupPrompt.swift"
    ],
    "android_only": [],
    "generated_inputs": [],
    "feature_acceptance": "not established by headers"
  },
  {
    "implementation": "android/core/connectivity/src/main/kotlin/com/meshcoreone/android/core/connectivity/permissions/AndroidPermissionState.kt",
    "sources": [],
    "android_only": [
      "WP-206"
    ],
    "generated_inputs": [],
    "feature_acceptance": "not established by headers"
  },
  {
    "implementation": "android/core/connectivity/src/main/kotlin/com/meshcoreone/android/core/connectivity/permissions/ConnectivityPermissionPolicy.kt",
    "sources": [],
    "android_only": [
      "WP-206"
    ],
    "generated_inputs": [],
    "feature_acceptance": "not established by headers"
  },
  {
    "implementation": "android/core/connectivity/src/main/kotlin/com/meshcoreone/android/core/connectivity/platform/AndroidBluetoothAdapters.kt",
    "sources": [],
    "android_only": [
      "WP-206"
    ],
    "generated_inputs": [],
    "feature_acceptance": "not established by headers"
  },
  {
    "implementation": "android/core/connectivity/src/main/kotlin/com/meshcoreone/android/core/connectivity/platform/AndroidCompanionDeviceGateway.kt",
    "sources": [],
    "android_only": [
      "WP-206"
    ],
    "generated_inputs": [],
    "feature_acceptance": "not established by headers"
  },
  {
    "implementation": "android/core/connectivity/src/main/kotlin/com/meshcoreone/android/core/connectivity/platform/AndroidLocalNetworkGateway.kt",
    "sources": [],
    "android_only": [
      "WP-206"
    ],
    "generated_inputs": [],
    "feature_acceptance": "not established by headers"
  },
  {
    "implementation": "android/core/connectivity/src/main/kotlin/com/meshcoreone/android/core/connectivity/platform/MeshCompanionDeviceService.kt",
    "sources": [],
    "android_only": [
      "WP-206"
    ],
    "generated_inputs": [],
    "feature_acceptance": "not established by headers"
  },
  {
    "implementation": "android/core/connectivity/src/main/kotlin/com/meshcoreone/android/core/connectivity/presence/PresenceReconnect.kt",
    "sources": [],
    "android_only": [
      "WP-206"
    ],
    "generated_inputs": [],
    "feature_acceptance": "not established by headers"
  },
  {
    "implementation": "android/core/connectivity/src/main/kotlin/com/meshcoreone/android/core/connectivity/service/ConnectedDeviceHosting.kt",
    "sources": [],
    "android_only": [
      "WP-206"
    ],
    "generated_inputs": [],
    "feature_acceptance": "not established by headers"
  },
  {
    "implementation": "android/core/connectivity/src/main/kotlin/com/meshcoreone/android/core/connectivity/service/ConnectedDeviceService.kt",
    "sources": [],
    "android_only": [
      "WP-206"
    ],
    "generated_inputs": [],
    "feature_acceptance": "not established by headers"
  },
  {
    "implementation": "android/core/connectivity/src/main/kotlin/com/meshcoreone/android/core/connectivity/wifi/LocalNetworkBinding.kt",
    "sources": [],
    "android_only": [
      "WP-206"
    ],
    "generated_inputs": [],
    "feature_acceptance": "not established by headers"
  },
  {
    "implementation": "android/core/connectivity/src/test/kotlin/com/meshcoreone/android/core/connectivity/BluetoothScanPairingServiceTest.kt",
    "sources": [
      "MC1Services/Tests/MC1ServicesTests/BluetoothScanPairingServiceTests.swift"
    ],
    "android_only": [],
    "generated_inputs": [],
    "feature_acceptance": "not established by headers"
  },
  {
    "implementation": "android/core/connectivity/src/test/kotlin/com/meshcoreone/android/core/connectivity/BondLossPairingRecoveryTest.kt",
    "sources": [
      "MC1Services/Tests/MC1ServicesTests/BondLossPairingRecoveryTests.swift"
    ],
    "android_only": [],
    "generated_inputs": [],
    "feature_acceptance": "not established by headers"
  },
  {
    "implementation": "android/core/connectivity/src/test/kotlin/com/meshcoreone/android/core/connectivity/CompanionDiscoveryCriteriaTest.kt",
    "sources": [
      "MC1Services/Tests/MC1ServicesTests/Services/AccessorySetupKitDiscoveryCriteriaTests.swift"
    ],
    "android_only": [],
    "generated_inputs": [],
    "feature_acceptance": "not established by headers"
  },
  {
    "implementation": "android/core/connectivity/src/test/kotlin/com/meshcoreone/android/core/connectivity/CompanionFaultProjectionTest.kt",
    "sources": [],
    "android_only": [
      "WP-206"
    ],
    "generated_inputs": [],
    "feature_acceptance": "not established by headers"
  },
  {
    "implementation": "android/core/connectivity/src/test/kotlin/com/meshcoreone/android/core/connectivity/CompanionSetupServiceTest.kt",
    "sources": [],
    "android_only": [
      "WP-206"
    ],
    "generated_inputs": [],
    "feature_acceptance": "not established by headers"
  },
  {
    "implementation": "android/core/connectivity/src/test/kotlin/com/meshcoreone/android/core/connectivity/ConnectionManagerAuthFailureRoutingTest.kt",
    "sources": [
      "MC1Services/Tests/MC1ServicesTests/ConnectionManagerAuthFailureRoutingTests.swift"
    ],
    "android_only": [],
    "generated_inputs": [],
    "feature_acceptance": "not established by headers"
  },
  {
    "implementation": "android/core/connectivity/src/test/kotlin/com/meshcoreone/android/core/connectivity/ConnectionManagerBLEHealthTest.kt",
    "sources": [
      "MC1Services/Tests/MC1ServicesTests/ConnectionManagerBLEHealthTests.swift"
    ],
    "android_only": [],
    "generated_inputs": [],
    "feature_acceptance": "not established by headers"
  },
  {
    "implementation": "android/core/connectivity/src/test/kotlin/com/meshcoreone/android/core/connectivity/ConnectionManagerBLEScanningTest.kt",
    "sources": [
      "MC1Services/Tests/MC1ServicesTests/ConnectionManagerBLEScanningTests.swift"
    ],
    "android_only": [],
    "generated_inputs": [],
    "feature_acceptance": "not established by headers"
  },
  {
    "implementation": "android/core/connectivity/src/test/kotlin/com/meshcoreone/android/core/connectivity/ConnectionManagerPairingTest.kt",
    "sources": [
      "MC1Services/Tests/MC1ServicesTests/ConnectionManagerPairingTests.swift"
    ],
    "android_only": [],
    "generated_inputs": [],
    "feature_acceptance": "not established by headers"
  },
  {
    "implementation": "android/core/connectivity/src/test/kotlin/com/meshcoreone/android/core/connectivity/ConnectionManagerPromotionTest.kt",
    "sources": [
      "MC1Services/Tests/MC1ServicesTests/ConnectionManagerPromotionTests.swift"
    ],
    "android_only": [],
    "generated_inputs": [],
    "feature_acceptance": "not established by headers"
  },
  {
    "implementation": "android/core/connectivity/src/test/kotlin/com/meshcoreone/android/core/connectivity/ConnectivityManifestTest.kt",
    "sources": [],
    "android_only": [
      "WP-206"
    ],
    "generated_inputs": [],
    "feature_acceptance": "not established by headers"
  },
  {
    "implementation": "android/core/connectivity/src/test/kotlin/com/meshcoreone/android/core/connectivity/LocalNetworkBindingTest.kt",
    "sources": [],
    "android_only": [
      "WP-206"
    ],
    "generated_inputs": [],
    "feature_acceptance": "not established by headers"
  },
  {
    "implementation": "android/core/connectivity/src/test/kotlin/com/meshcoreone/android/core/connectivity/PairingFlowRaceTest.kt",
    "sources": [
      "MC1Services/Tests/MC1ServicesTests/PairingCancellationTests.swift",
      "MC1Services/Tests/MC1ServicesTests/PairingRaceIntegrationTests.swift",
      "MC1Services/Tests/MC1ServicesTests/PairingWhileConnectedTests.swift"
    ],
    "android_only": [],
    "generated_inputs": [],
    "feature_acceptance": "not established by headers"
  },
  {
    "implementation": "android/core/connectivity/src/test/kotlin/com/meshcoreone/android/core/connectivity/PairingRecoveryTest.kt",
    "sources": [],
    "android_only": [
      "WP-206"
    ],
    "generated_inputs": [],
    "feature_acceptance": "not established by headers"
  },
  {
    "implementation": "android/core/connectivity/src/test/kotlin/com/meshcoreone/android/core/connectivity/PairingStrandedAssociationTest.kt",
    "sources": [
      "MC1Services/Tests/MC1ServicesTests/PairingStrandedAssociationTests.swift"
    ],
    "android_only": [],
    "generated_inputs": [],
    "feature_acceptance": "not established by headers"
  },
  {
    "implementation": "android/core/connectivity/src/test/kotlin/com/meshcoreone/android/core/connectivity/PlatformBoundaryTest.kt",
    "sources": [],
    "android_only": [
      "WP-206"
    ],
    "generated_inputs": [],
    "feature_acceptance": "not established by headers"
  },
  {
    "implementation": "android/core/connectivity/src/test/kotlin/com/meshcoreone/android/core/connectivity/support/DeviceFixtures.kt",
    "sources": [],
    "android_only": [
      "WP-206"
    ],
    "generated_inputs": [],
    "feature_acceptance": "not established by headers"
  },
  {
    "implementation": "android/core/connectivity/src/test/kotlin/com/meshcoreone/android/core/connectivity/support/MockCompanionSetupService.kt",
    "sources": [
      "MC1Services/Tests/MC1ServicesTests/Mocks/MockAccessorySetupKitService.swift",
      "MC1Tests/Helpers/MockAccessorySetupKitService.swift",
      "MC1Tests/Helpers/ASAccessory+Testing.swift"
    ],
    "android_only": [],
    "generated_inputs": [],
    "feature_acceptance": "not established by headers"
  },
  {
    "implementation": "android/core/connectivity/src/test/kotlin/com/meshcoreone/android/core/connectivity/support/RuntimeHarness.kt",
    "sources": [],
    "android_only": [
      "WP-206"
    ],
    "generated_inputs": [],
    "feature_acceptance": "not established by headers"
  },
  {
    "implementation": "android/core/connectivity/src/test/kotlin/com/meshcoreone/android/core/connectivity/support/Scenario.kt",
    "sources": [],
    "android_only": [
      "WP-206"
    ],
    "generated_inputs": [],
    "feature_acceptance": "not established by headers"
  },
  {
    "implementation": "android/core/contracts/src/main/kotlin/com/meshcoreone/android/core/contracts/domain/ConnectionContracts.kt",
    "sources": [
      "MC1Services/Sources/MC1Services/Connection/DeviceConnectionState.swift",
      "MC1Services/Sources/MC1Services/Connection/ConnectionIntent.swift",
      "MC1Services/Sources/MC1Services/Transport/BLEPhaseKind.swift",
      "MC1Services/Sources/MC1Services/ServiceContainer.swift"
    ],
    "android_only": [],
    "generated_inputs": [],
    "feature_acceptance": "not established by headers"
  },
  {
    "implementation": "android/core/contracts/src/main/kotlin/com/meshcoreone/android/core/contracts/domain/DeviceAndContactPersisting.kt",
    "sources": [
      "MC1Services/Sources/MC1Services/Protocols/Persistence/DevicePersisting.swift",
      "MC1Services/Sources/MC1Services/Protocols/Persistence/ContactPersisting.swift",
      "MC1Services/Sources/MC1Services/Protocols/Persistence/ChannelPersisting.swift",
      "MC1Services/Sources/MC1Services/Services/PersistenceStore+Devices.swift",
      "MC1Services/Sources/MC1Services/Services/PersistenceStore+Contacts.swift",
      "MC1Services/Sources/MC1Services/Services/PersistenceStore+Channels.swift"
    ],
    "android_only": [],
    "generated_inputs": [],
    "feature_acceptance": "not established by headers"
  },
  {
    "implementation": "android/core/contracts/src/main/kotlin/com/meshcoreone/android/core/contracts/domain/DiagnosticPersisting.kt",
    "sources": [
      "MC1Services/Sources/MC1Services/Protocols/Persistence/TracePathPersisting.swift",
      "MC1Services/Sources/MC1Services/Protocols/Persistence/DebugLogPersisting.swift",
      "MC1Services/Sources/MC1Services/Protocols/Persistence/DebugLogRetention.swift",
      "MC1Services/Sources/MC1Services/Protocols/Persistence/LinkPreviewPersisting.swift",
      "MC1Services/Sources/MC1Services/Protocols/Persistence/RxLogPersisting.swift",
      "MC1Services/Sources/MC1Services/Protocols/Persistence/NodeSnapshotPersisting.swift",
      "MC1Services/Sources/MC1Services/Services/PersistenceStore+Diagnostics.swift"
    ],
    "android_only": [],
    "generated_inputs": [],
    "feature_acceptance": "not established by headers"
  },
  {
    "implementation": "android/core/contracts/src/main/kotlin/com/meshcoreone/android/core/contracts/domain/errors/BleFaults.kt",
    "sources": [
      "MC1Services/Sources/MC1Services/Errors/BLEError.swift"
    ],
    "android_only": [],
    "generated_inputs": [],
    "feature_acceptance": "not established by headers"
  },
  {
    "implementation": "android/core/contracts/src/main/kotlin/com/meshcoreone/android/core/contracts/domain/errors/CompanionSetupFaults.kt",
    "sources": [
      "MC1Services/Sources/MC1Services/Services/AccessorySetupKitService.swift"
    ],
    "android_only": [],
    "generated_inputs": [],
    "feature_acceptance": "not established by headers"
  },
  {
    "implementation": "android/core/contracts/src/main/kotlin/com/meshcoreone/android/core/contracts/domain/errors/ContactsChannelAdvertisementFaults.kt",
    "sources": [
      "MC1Services/Sources/MC1Services/Services/ContactService.swift",
      "MC1Services/Sources/MC1Services/Services/ChannelService.swift",
      "MC1Services/Sources/MC1Services/Services/AdvertisementService.swift"
    ],
    "android_only": [],
    "generated_inputs": [],
    "feature_acceptance": "not established by headers"
  },
  {
    "implementation": "android/core/contracts/src/main/kotlin/com/meshcoreone/android/core/contracts/domain/errors/DeviceSettingsFaults.kt",
    "sources": [
      "MC1Services/Sources/MC1Services/Services/DeviceService.swift",
      "MC1Services/Sources/MC1Services/Errors/SettingsServiceError.swift"
    ],
    "android_only": [],
    "generated_inputs": [],
    "feature_acceptance": "not established by headers"
  },
  {
    "implementation": "android/core/contracts/src/main/kotlin/com/meshcoreone/android/core/contracts/domain/errors/MessagingFaults.kt",
    "sources": [
      "MC1Services/Sources/MC1Services/Services/MessageServiceError.swift",
      "MC1Services/Sources/MC1Services/Services/MessagePollingService.swift",
      "MC1Services/Sources/MC1Services/Services/ChatSendQueueService.swift"
    ],
    "android_only": [],
    "generated_inputs": [],
    "feature_acceptance": "not established by headers"
  },
  {
    "implementation": "android/core/contracts/src/main/kotlin/com/meshcoreone/android/core/contracts/domain/errors/RemoteRoomNodeConfigFaults.kt",
    "sources": [
      "MC1Services/Sources/MC1Services/Errors/RemoteNodeError.swift",
      "MC1Services/Sources/MC1Services/Services/RoomServerService.swift",
      "MC1Services/Sources/MC1Services/Services/BinaryProtocolService.swift",
      "MC1Services/Sources/MC1Services/Services/NodeConfigService.swift"
    ],
    "android_only": [],
    "generated_inputs": [],
    "feature_acceptance": "not established by headers"
  },
  {
    "implementation": "android/core/contracts/src/main/kotlin/com/meshcoreone/android/core/contracts/domain/errors/RuntimeFaults.kt",
    "sources": [
      "MC1Services/Sources/MC1Services/Errors/ConnectionError.swift",
      "MC1Services/Sources/MC1Services/Utilities/TimeoutUtility.swift"
    ],
    "android_only": [],
    "generated_inputs": [],
    "feature_acceptance": "not established by headers"
  },
  {
    "implementation": "android/core/contracts/src/main/kotlin/com/meshcoreone/android/core/contracts/domain/errors/SyncFaults.kt",
    "sources": [
      "MC1Services/Sources/MC1Services/Sync/SyncCoordinator.swift"
    ],
    "android_only": [],
    "generated_inputs": [],
    "feature_acceptance": "not established by headers"
  },
  {
    "implementation": "android/core/contracts/src/main/kotlin/com/meshcoreone/android/core/contracts/domain/MessagePersisting.kt",
    "sources": [
      "MC1Services/Sources/MC1Services/Protocols/Persistence/MessagePersisting.swift",
      "MC1Services/Sources/MC1Services/Protocols/Persistence/HeardRepeatPersisting.swift",
      "MC1Services/Sources/MC1Services/Protocols/Persistence/ReactionPersisting.swift",
      "MC1Services/Sources/MC1Services/Services/PersistenceStore+Messages.swift",
      "MC1Services/Sources/MC1Services/Services/PersistenceStore+PendingSends.swift",
      "MC1Services/Sources/MC1Services/Services/PersistenceStore+FailedSends.swift"
    ],
    "android_only": [],
    "generated_inputs": [],
    "feature_acceptance": "not established by headers"
  },
  {
    "implementation": "android/core/contracts/src/main/kotlin/com/meshcoreone/android/core/contracts/domain/MessagingContracts.kt",
    "sources": [
      "MC1Services/Sources/MC1Services/Services/MessageStatusEvent.swift",
      "MC1Services/Sources/MC1Services/Services/MessageService+SendDM.swift",
      "MC1Services/Sources/MC1Services/Services/MessageService+SendChannel.swift",
      "MC1Services/Sources/MC1Services/Services/ChatSendQueueService.swift"
    ],
    "android_only": [],
    "generated_inputs": [],
    "feature_acceptance": "not established by headers"
  },
  {
    "implementation": "android/core/contracts/src/main/kotlin/com/meshcoreone/android/core/contracts/domain/PlatformPorts.kt",
    "sources": [
      "MC1Services/Sources/MC1Services/Protocols/NotificationStringProvider.swift",
      "MC1/State/NavigationCoordinator.swift"
    ],
    "android_only": [],
    "generated_inputs": [],
    "feature_acceptance": "not established by headers"
  },
  {
    "implementation": "android/core/contracts/src/main/kotlin/com/meshcoreone/android/core/contracts/domain/RepositoryValues.kt",
    "sources": [
      "MC1Services/Sources/MC1Services/Protocols/Persistence/MessagePersisting.swift",
      "MC1Services/Sources/MC1Services/Protocols/Persistence/ContactPersisting.swift",
      "MC1Services/Sources/MC1Services/Protocols/Persistence/RxLogPersisting.swift",
      "MC1Services/Sources/MC1Services/Protocols/Persistence/NodeSnapshotPersisting.swift",
      "MC1Services/Sources/MC1Services/Services/PersistenceStore.swift",
      "MC1Services/Sources/MC1Services/Services/ReactionParser.swift"
    ],
    "android_only": [],
    "generated_inputs": [],
    "feature_acceptance": "not established by headers"
  },
  {
    "implementation": "android/core/contracts/src/main/kotlin/com/meshcoreone/android/core/contracts/domain/RoomPersisting.kt",
    "sources": [
      "MC1Services/Sources/MC1Services/Protocols/Persistence/RoomPersisting.swift",
      "MC1Services/Sources/MC1Services/Protocols/Persistence/DiscoveredNodePersisting.swift",
      "MC1Services/Sources/MC1Services/Protocols/PersistenceStoreProtocol.swift",
      "MC1Services/Sources/MC1Services/Services/PersistenceStore+Rooms.swift",
      "MC1Services/Sources/MC1Services/Services/PersistenceStore+Metadata.swift"
    ],
    "android_only": [],
    "generated_inputs": [],
    "feature_acceptance": "not established by headers"
  },
  {
    "implementation": "android/core/contracts/src/main/kotlin/com/meshcoreone/android/core/contracts/domain/ServiceContracts.kt",
    "sources": [
      "MC1Services/Sources/MC1Services/Protocols/AppStateProvider.swift",
      "MC1Services/Sources/MC1Services/Protocols/ChannelServiceProtocol.swift",
      "MC1Services/Sources/MC1Services/Protocols/ContactServiceProtocol.swift",
      "MC1Services/Sources/MC1Services/Protocols/MessagePollingServiceProtocol.swift",
      "MC1Services/Sources/MC1Services/Services/ChannelService.swift",
      "MC1Services/Sources/MC1Services/Services/ContactService.swift",
      "MC1Services/Sources/MC1Services/ServiceContainer.swift"
    ],
    "android_only": [],
    "generated_inputs": [],
    "feature_acceptance": "not established by headers"
  },
  {
    "implementation": "android/core/contracts/src/main/kotlin/com/meshcoreone/android/core/contracts/FeatureRoute.kt",
    "sources": [],
    "android_only": [
      "WP-002"
    ],
    "generated_inputs": [],
    "feature_acceptance": "not established by headers"
  },
  {
    "implementation": "android/core/contracts/src/main/kotlin/com/meshcoreone/android/core/contracts/notifications/NotificationDelivery.kt",
    "sources": [
      "MC1Services/Sources/MC1Services/Services/NotificationService.swift"
    ],
    "android_only": [],
    "generated_inputs": [],
    "feature_acceptance": "not established by headers"
  },
  {
    "implementation": "android/core/contracts/src/test/kotlin/com/meshcoreone/android/core/contracts/FeatureRouteTest.kt",
    "sources": [],
    "android_only": [
      "WP-002"
    ],
    "generated_inputs": [],
    "feature_acceptance": "not established by headers"
  },
  {
    "implementation": "android/core/data/src/main/kotlin/com/meshcoreone/android/core/data/backup/AppBackupCodec.kt",
    "sources": [
      "MC1Services/Sources/MC1Services/Services/AppBackupEnvelope.swift"
    ],
    "android_only": [],
    "generated_inputs": [],
    "feature_acceptance": "not established by headers"
  },
  {
    "implementation": "android/core/data/src/main/kotlin/com/meshcoreone/android/core/data/backup/AppBackupEnvelope.kt",
    "sources": [
      "MC1Services/Sources/MC1Services/Services/AppBackupEnvelope.swift",
      "MC1Services/Sources/MC1Services/Services/RestoreOutcome.swift"
    ],
    "android_only": [],
    "generated_inputs": [],
    "feature_acceptance": "not established by headers"
  },
  {
    "implementation": "android/core/data/src/main/kotlin/com/meshcoreone/android/core/data/backup/AppBackupService.kt",
    "sources": [
      "MC1Services/Sources/MC1Services/Services/AppBackupService.swift"
    ],
    "android_only": [],
    "generated_inputs": [],
    "feature_acceptance": "not established by headers"
  },
  {
    "implementation": "android/core/data/src/main/kotlin/com/meshcoreone/android/core/data/backup/BackupCompression.kt",
    "sources": [
      "MC1Services/Sources/MC1Services/Extensions/Data+Extensions.swift",
      "MC1Services/Sources/MC1Services/Services/AppBackupEnvelope.swift"
    ],
    "android_only": [],
    "generated_inputs": [],
    "feature_acceptance": "not established by headers"
  },
  {
    "implementation": "android/core/data/src/main/kotlin/com/meshcoreone/android/core/data/backup/BackupDatabaseRestore.kt",
    "sources": [
      "MC1Services/Sources/MC1Services/Services/PersistenceStore+BackupImport.swift",
      "MC1Services/Sources/MC1Services/Services/PersistenceStore+BackupBatchInsert.swift"
    ],
    "android_only": [],
    "generated_inputs": [],
    "feature_acceptance": "not established by headers"
  },
  {
    "implementation": "android/core/data/src/main/kotlin/com/meshcoreone/android/core/data/backup/BackupDiagnosticRestore.kt",
    "sources": [
      "MC1Services/Sources/MC1Services/Services/PersistenceStore+BackupBatchInsert.swift"
    ],
    "android_only": [],
    "generated_inputs": [],
    "feature_acceptance": "not established by headers"
  },
  {
    "implementation": "android/core/data/src/main/kotlin/com/meshcoreone/android/core/data/backup/BackupExportSnapshot.kt",
    "sources": [
      "MC1Services/Sources/MC1Services/Services/PersistenceStore+BackupExport.swift"
    ],
    "android_only": [],
    "generated_inputs": [],
    "feature_acceptance": "not established by headers"
  },
  {
    "implementation": "android/core/data/src/main/kotlin/com/meshcoreone/android/core/data/backup/BackupJsonStream.kt",
    "sources": [],
    "android_only": [
      "WP-203"
    ],
    "generated_inputs": [],
    "feature_acceptance": "not established by headers"
  },
  {
    "implementation": "android/core/data/src/main/kotlin/com/meshcoreone/android/core/data/backup/BackupJsonValues.kt",
    "sources": [
      "MC1Services/Sources/MC1Services/Services/AppBackupEnvelope.swift",
      "MC1Services/Sources/MC1Services/Errors/AppBackupError.swift"
    ],
    "android_only": [],
    "generated_inputs": [],
    "feature_acceptance": "not established by headers"
  },
  {
    "implementation": "android/core/data/src/main/kotlin/com/meshcoreone/android/core/data/backup/BackupMessageRestore.kt",
    "sources": [
      "MC1Services/Sources/MC1Services/Services/PersistenceStore+BackupBatchInsert.swift",
      "MC1Services/Sources/MC1Services/Services/PersistenceStore+BackupImport.swift"
    ],
    "android_only": [],
    "generated_inputs": [],
    "feature_acceptance": "not established by headers"
  },
  {
    "implementation": "android/core/data/src/main/kotlin/com/meshcoreone/android/core/data/backup/BackupRestoreMetadata.kt",
    "sources": [
      "MC1Services/Sources/MC1Services/Services/PersistenceStore+BackupHelpers.swift",
      "MC1Services/Sources/MC1Services/Services/PersistenceStore+BackupImport.swift"
    ],
    "android_only": [],
    "generated_inputs": [],
    "feature_acceptance": "not established by headers"
  },
  {
    "implementation": "android/core/data/src/main/kotlin/com/meshcoreone/android/core/data/backup/BackupUserDefaults.kt",
    "sources": [
      "MC1Services/Sources/MC1Services/Services/BackupUserDefaults.swift"
    ],
    "android_only": [],
    "generated_inputs": [],
    "feature_acceptance": "not established by headers"
  },
  {
    "implementation": "android/core/data/src/main/kotlin/com/meshcoreone/android/core/data/backup/BackupWireSelections.kt",
    "sources": [],
    "android_only": [
      "WP-203"
    ],
    "generated_inputs": [],
    "feature_acceptance": "not established by headers"
  },
  {
    "implementation": "android/core/data/src/main/kotlin/com/meshcoreone/android/core/data/backup/DiagnosticBackupJson.kt",
    "sources": [
      "MC1Services/Sources/MC1Services/Models/SavedTracePath.swift",
      "MC1Services/Sources/MC1Services/Models/BlockedChannelSender.swift",
      "MC1Services/Sources/MC1Services/Models/NodeStatusSnapshot.swift",
      "MC1Services/Sources/MC1Services/Models/DiscoveredNode.swift"
    ],
    "android_only": [],
    "generated_inputs": [],
    "feature_acceptance": "not established by headers"
  },
  {
    "implementation": "android/core/data/src/main/kotlin/com/meshcoreone/android/core/data/backup/MessageBackupJson.kt",
    "sources": [
      "MC1Services/Sources/MC1Services/Models/Message.swift",
      "MC1Services/Sources/MC1Services/Models/MessageRepeat.swift",
      "MC1Services/Sources/MC1Services/Models/Reaction.swift",
      "MC1Services/Sources/MC1Services/Models/RemoteNodeSession.swift",
      "MC1Services/Sources/MC1Services/Models/RoomMessage.swift"
    ],
    "android_only": [],
    "generated_inputs": [],
    "feature_acceptance": "not established by headers"
  },
  {
    "implementation": "android/core/data/src/main/kotlin/com/meshcoreone/android/core/data/backup/RadioBackupJson.kt",
    "sources": [
      "MC1Services/Sources/MC1Services/Models/Device.swift",
      "MC1Services/Sources/MC1Services/Models/Contact.swift",
      "MC1Services/Sources/MC1Services/Models/Channel.swift",
      "MC1Services/Sources/MC1Services/Models/ConnectionMethod.swift"
    ],
    "android_only": [],
    "generated_inputs": [],
    "feature_acceptance": "not established by headers"
  },
  {
    "implementation": "android/core/data/src/main/kotlin/com/meshcoreone/android/core/data/repository/ChannelRepository.kt",
    "sources": [
      "MC1Services/Sources/MC1Services/Protocols/Persistence/ChannelPersisting.swift",
      "MC1Services/Sources/MC1Services/Services/PersistenceStore+Channels.swift"
    ],
    "android_only": [],
    "generated_inputs": [],
    "feature_acceptance": "not established by headers"
  },
  {
    "implementation": "android/core/data/src/main/kotlin/com/meshcoreone/android/core/data/repository/ContactRepository.kt",
    "sources": [
      "MC1Services/Sources/MC1Services/Protocols/Persistence/ContactPersisting.swift",
      "MC1Services/Sources/MC1Services/Services/PersistenceStore+Contacts.swift",
      "MC1Services/Sources/MC1Services/Services/PersistenceStore+Channels.swift"
    ],
    "android_only": [],
    "generated_inputs": [],
    "feature_acceptance": "not established by headers"
  },
  {
    "implementation": "android/core/data/src/main/kotlin/com/meshcoreone/android/core/data/repository/DeviceRepository.kt",
    "sources": [
      "MC1Services/Sources/MC1Services/Protocols/Persistence/DevicePersisting.swift",
      "MC1Services/Sources/MC1Services/Services/PersistenceStore+Devices.swift"
    ],
    "android_only": [],
    "generated_inputs": [],
    "feature_acceptance": "not established by headers"
  },
  {
    "implementation": "android/core/data/src/main/kotlin/com/meshcoreone/android/core/data/repository/DiagnosticRepository.kt",
    "sources": [
      "MC1Services/Sources/MC1Services/Protocols/Persistence/TracePathPersisting.swift",
      "MC1Services/Sources/MC1Services/Protocols/Persistence/DebugLogPersisting.swift",
      "MC1Services/Sources/MC1Services/Protocols/Persistence/DebugLogRetention.swift",
      "MC1Services/Sources/MC1Services/Protocols/Persistence/LinkPreviewPersisting.swift",
      "MC1Services/Sources/MC1Services/Protocols/Persistence/RxLogPersisting.swift",
      "MC1Services/Sources/MC1Services/Protocols/Persistence/NodeSnapshotPersisting.swift",
      "MC1Services/Sources/MC1Services/Services/PersistenceStore+Diagnostics.swift",
      "MC1Services/Sources/MC1Services/Services/PersistenceStore+Metadata.swift"
    ],
    "android_only": [],
    "generated_inputs": [],
    "feature_acceptance": "not established by headers"
  },
  {
    "implementation": "android/core/data/src/main/kotlin/com/meshcoreone/android/core/data/repository/DiscoveredNodeRepository.kt",
    "sources": [
      "MC1Services/Sources/MC1Services/Protocols/Persistence/DiscoveredNodePersisting.swift",
      "MC1Services/Sources/MC1Services/Services/PersistenceStore.swift"
    ],
    "android_only": [],
    "generated_inputs": [],
    "feature_acceptance": "not established by headers"
  },
  {
    "implementation": "android/core/data/src/main/kotlin/com/meshcoreone/android/core/data/repository/MessageRepository.kt",
    "sources": [
      "MC1Services/Sources/MC1Services/Protocols/Persistence/MessagePersisting.swift",
      "MC1Services/Sources/MC1Services/Protocols/Persistence/HeardRepeatPersisting.swift",
      "MC1Services/Sources/MC1Services/Protocols/Persistence/ReactionPersisting.swift",
      "MC1Services/Sources/MC1Services/Services/PersistenceStore+Messages.swift",
      "MC1Services/Sources/MC1Services/Services/PersistenceStore+FailedSends.swift"
    ],
    "android_only": [],
    "generated_inputs": [],
    "feature_acceptance": "not established by headers"
  },
  {
    "implementation": "android/core/data/src/main/kotlin/com/meshcoreone/android/core/data/repository/MetadataRepository.kt",
    "sources": [
      "MC1Services/Sources/MC1Services/Services/PersistenceStore+Metadata.swift"
    ],
    "android_only": [],
    "generated_inputs": [],
    "feature_acceptance": "not established by headers"
  },
  {
    "implementation": "android/core/data/src/main/kotlin/com/meshcoreone/android/core/data/repository/PendingSendRepository.kt",
    "sources": [
      "MC1Services/Sources/MC1Services/Protocols/Persistence/MessagePersisting.swift",
      "MC1Services/Sources/MC1Services/Services/PersistenceStore+PendingSends.swift"
    ],
    "android_only": [],
    "generated_inputs": [],
    "feature_acceptance": "not established by headers"
  },
  {
    "implementation": "android/core/data/src/main/kotlin/com/meshcoreone/android/core/data/repository/RepositoryCascades.kt",
    "sources": [
      "MC1Services/Sources/MC1Services/Services/PersistenceStore+Contacts.swift",
      "MC1Services/Sources/MC1Services/Services/PersistenceStore+Channels.swift",
      "MC1Services/Sources/MC1Services/Services/PersistenceStore+Devices.swift",
      "MC1Services/Sources/MC1Services/Services/PersistenceStore+PendingSends.swift"
    ],
    "android_only": [],
    "generated_inputs": [],
    "feature_acceptance": "not established by headers"
  },
  {
    "implementation": "android/core/data/src/main/kotlin/com/meshcoreone/android/core/data/repository/RepositoryPolicies.kt",
    "sources": [
      "MC1Services/Sources/MC1Services/Services/PersistenceStore+Messages.swift",
      "MC1Services/Sources/MC1Services/Services/PersistenceStore+Contacts.swift",
      "MC1Services/Sources/MC1Services/Services/ReactionParser.swift",
      "MC1Services/Sources/MC1Services/Services/MeshCoreOpenReactionParser.swift",
      "MC1Services/Sources/MC1Services/Services/InboundHopAdoption.swift",
      "MC1Services/Sources/MC1Services/Extensions/Character+EmojiDetection.swift",
      "MC1Services/Sources/MC1Services/Utilities/DeduplicationKey.swift"
    ],
    "android_only": [],
    "generated_inputs": [],
    "feature_acceptance": "not established by headers"
  },
  {
    "implementation": "android/core/data/src/main/kotlin/com/meshcoreone/android/core/data/repository/RoomPersistenceStore.kt",
    "sources": [
      "MC1Services/Sources/MC1Services/Protocols/PersistenceStoreProtocol.swift",
      "MC1Services/Sources/MC1Services/Services/PersistenceStore.swift",
      "MC1Services/Sources/MC1Services/MC1Services.swift"
    ],
    "android_only": [],
    "generated_inputs": [],
    "feature_acceptance": "not established by headers"
  },
  {
    "implementation": "android/core/data/src/main/kotlin/com/meshcoreone/android/core/data/repository/RoomRepository.kt",
    "sources": [
      "MC1Services/Sources/MC1Services/Protocols/Persistence/RoomPersisting.swift",
      "MC1Services/Sources/MC1Services/Services/PersistenceStore+Rooms.swift"
    ],
    "android_only": [],
    "generated_inputs": [],
    "feature_acceptance": "not established by headers"
  },
  {
    "implementation": "android/core/data/src/main/kotlin/com/meshcoreone/android/core/data/repository/RoomRepositoryContext.kt",
    "sources": [
      "MC1Services/Sources/MC1Services/Services/PersistenceStore.swift",
      "MC1Services/Sources/MC1Services/Services/PersistenceStore+Diagnostics.swift"
    ],
    "android_only": [],
    "generated_inputs": [],
    "feature_acceptance": "not established by headers"
  },
  {
    "implementation": "android/core/data/src/test/kotlin/com/meshcoreone/android/core/data/backup/AppBackupEnvelopeTest.kt",
    "sources": [
      "MC1Services/Tests/MC1ServicesTests/AppBackupEnvelopeTests.swift"
    ],
    "android_only": [],
    "generated_inputs": [],
    "feature_acceptance": "not established by headers"
  },
  {
    "implementation": "android/core/data/src/test/kotlin/com/meshcoreone/android/core/data/backup/AppBackupServiceTest.kt",
    "sources": [
      "MC1Services/Tests/MC1ServicesTests/AppBackupServiceTests.swift"
    ],
    "android_only": [],
    "generated_inputs": [],
    "feature_acceptance": "not established by headers"
  },
  {
    "implementation": "android/core/data/src/test/kotlin/com/meshcoreone/android/core/data/backup/BackupChannelIntegrationTest.kt",
    "sources": [
      "MC1Services/Tests/MC1ServicesTests/BackupIntegrationTests.swift"
    ],
    "android_only": [],
    "generated_inputs": [],
    "feature_acceptance": "not established by headers"
  },
  {
    "implementation": "android/core/data/src/test/kotlin/com/meshcoreone/android/core/data/backup/BackupCodecBoundaryTest.kt",
    "sources": [],
    "android_only": [
      "WP-203"
    ],
    "generated_inputs": [],
    "feature_acceptance": "not established by headers"
  },
  {
    "implementation": "android/core/data/src/test/kotlin/com/meshcoreone/android/core/data/backup/BackupDiagnosticIntegrationTest.kt",
    "sources": [
      "MC1Services/Tests/MC1ServicesTests/BackupIntegrationTests.swift"
    ],
    "android_only": [],
    "generated_inputs": [],
    "feature_acceptance": "not established by headers"
  },
  {
    "implementation": "android/core/data/src/test/kotlin/com/meshcoreone/android/core/data/backup/BackupExportEligibilityTest.kt",
    "sources": [],
    "android_only": [
      "WP-203"
    ],
    "generated_inputs": [],
    "feature_acceptance": "not established by headers"
  },
  {
    "implementation": "android/core/data/src/test/kotlin/com/meshcoreone/android/core/data/backup/BackupFieldIntegrationTest.kt",
    "sources": [
      "MC1Services/Tests/MC1ServicesTests/BackupIntegrationTests.swift"
    ],
    "android_only": [],
    "generated_inputs": [],
    "feature_acceptance": "not established by headers"
  },
  {
    "implementation": "android/core/data/src/test/kotlin/com/meshcoreone/android/core/data/backup/BackupIdentityIntegrationTest.kt",
    "sources": [
      "MC1Services/Tests/MC1ServicesTests/BackupIntegrationTests.swift"
    ],
    "android_only": [],
    "generated_inputs": [],
    "feature_acceptance": "not established by headers"
  },
  {
    "implementation": "android/core/data/src/test/kotlin/com/meshcoreone/android/core/data/backup/BackupIgnoredValueTest.kt",
    "sources": [],
    "android_only": [
      "WP-203"
    ],
    "generated_inputs": [],
    "feature_acceptance": "not established by headers"
  },
  {
    "implementation": "android/core/data/src/test/kotlin/com/meshcoreone/android/core/data/backup/BackupInteropTest.kt",
    "sources": [],
    "android_only": [
      "WP-203"
    ],
    "generated_inputs": [],
    "feature_acceptance": "not established by headers"
  },
  {
    "implementation": "android/core/data/src/test/kotlin/com/meshcoreone/android/core/data/backup/BackupMessageIntegrationTest.kt",
    "sources": [
      "MC1Services/Tests/MC1ServicesTests/BackupIntegrationTests.swift"
    ],
    "android_only": [],
    "generated_inputs": [],
    "feature_acceptance": "not established by headers"
  },
  {
    "implementation": "android/core/data/src/test/kotlin/com/meshcoreone/android/core/data/backup/BackupMetadataIntegrationTest.kt",
    "sources": [
      "MC1Services/Tests/MC1ServicesTests/BackupIntegrationTests.swift"
    ],
    "android_only": [],
    "generated_inputs": [],
    "feature_acceptance": "not established by headers"
  },
  {
    "implementation": "android/core/data/src/test/kotlin/com/meshcoreone/android/core/data/backup/BackupPreferenceTest.kt",
    "sources": [
      "MC1Services/Tests/MC1ServicesTests/BackupIntegrationTests.swift",
      "MC1Services/Tests/MC1ServicesTests/BackupUserDefaultsCoverageTests.swift"
    ],
    "android_only": [],
    "generated_inputs": [],
    "feature_acceptance": "not established by headers"
  },
  {
    "implementation": "android/core/data/src/test/kotlin/com/meshcoreone/android/core/data/backup/BackupTestValues.kt",
    "sources": [
      "MC1Services/Tests/MC1ServicesTests/Helpers/AppBackupEnvelope+Testing.swift",
      "MC1Services/Tests/MC1ServicesTests/Helpers/ImportResult+Testing.swift"
    ],
    "android_only": [],
    "generated_inputs": [],
    "feature_acceptance": "not established by headers"
  },
  {
    "implementation": "android/core/data/src/test/kotlin/com/meshcoreone/android/core/data/backup/BackupTransactionTest.kt",
    "sources": [
      "MC1Services/Tests/MC1ServicesTests/BackupIntegrationTests.swift"
    ],
    "android_only": [],
    "generated_inputs": [],
    "feature_acceptance": "not established by headers"
  },
  {
    "implementation": "android/core/data/src/test/kotlin/com/meshcoreone/android/core/data/backup/BackupUnicodeKeyTest.kt",
    "sources": [],
    "android_only": [
      "WP-203"
    ],
    "generated_inputs": [],
    "feature_acceptance": "not established by headers"
  },
  {
    "implementation": "android/core/data/src/test/kotlin/com/meshcoreone/android/core/data/ConnectionRuntimeRoomIntegrationTest.kt",
    "sources": [
      "MC1Services/Tests/MC1ServicesTests/ConnectRadioIDResolutionTests.swift",
      "MC1Services/Sources/MC1Services/Connection/ConnectionManager+Lifecycle.swift"
    ],
    "android_only": [],
    "generated_inputs": [],
    "feature_acceptance": "not established by headers"
  },
  {
    "implementation": "android/core/data/src/test/kotlin/com/meshcoreone/android/core/data/messaging/MessagingRoomIntegrationTest.kt",
    "sources": [
      "MC1Services/Tests/MC1ServicesTests/Services/ChatSendQueueServiceAttemptCountTests.swift",
      "MC1Services/Tests/MC1ServicesTests/Services/ChatSendQueueServiceTests.swift"
    ],
    "android_only": [],
    "generated_inputs": [],
    "feature_acceptance": "not established by headers"
  },
  {
    "implementation": "android/core/data/src/test/kotlin/com/meshcoreone/android/core/data/repository/AdoptionSourceTest.kt",
    "sources": [
      "MC1Services/Tests/MC1ServicesTests/PersistenceStoreTests.swift"
    ],
    "android_only": [],
    "generated_inputs": [],
    "feature_acceptance": "not established by headers"
  },
  {
    "implementation": "android/core/data/src/test/kotlin/com/meshcoreone/android/core/data/repository/BatchSyncPersistenceTest.kt",
    "sources": [
      "MC1Services/Tests/MC1ServicesTests/PersistenceStoreBatchSyncTests.swift"
    ],
    "android_only": [],
    "generated_inputs": [],
    "feature_acceptance": "not established by headers"
  },
  {
    "implementation": "android/core/data/src/test/kotlin/com/meshcoreone/android/core/data/repository/BlockedSenderPersistenceTest.kt",
    "sources": [
      "MC1Services/Tests/MC1ServicesTests/BlockedChannelSenderPersistenceTests.swift",
      "MC1Services/Tests/MC1ServicesTests/BlockedSenderMessageDeletionTests.swift"
    ],
    "android_only": [],
    "generated_inputs": [],
    "feature_acceptance": "not established by headers"
  },
  {
    "implementation": "android/core/data/src/test/kotlin/com/meshcoreone/android/core/data/repository/CascadeSourceTest.kt",
    "sources": [
      "MC1Services/Tests/MC1ServicesTests/PersistenceStoreTests.swift"
    ],
    "android_only": [],
    "generated_inputs": [],
    "feature_acceptance": "not established by headers"
  },
  {
    "implementation": "android/core/data/src/test/kotlin/com/meshcoreone/android/core/data/repository/DeviceContactSourceTest.kt",
    "sources": [
      "MC1Services/Tests/MC1ServicesTests/PersistenceStoreTests.swift"
    ],
    "android_only": [],
    "generated_inputs": [],
    "feature_acceptance": "not established by headers"
  },
  {
    "implementation": "android/core/data/src/test/kotlin/com/meshcoreone/android/core/data/repository/DeviceSettingsRoomTest.kt",
    "sources": [
      "MC1Services/Tests/MC1ServicesTests/KnownRegionTests.swift",
      "MC1Services/Sources/MC1Services/Services/DeviceService.swift",
      "MC1/State/AppState+Wiring.swift"
    ],
    "android_only": [],
    "generated_inputs": [],
    "feature_acceptance": "not established by headers"
  },
  {
    "implementation": "android/core/data/src/test/kotlin/com/meshcoreone/android/core/data/repository/IdentityReconciliationPersistenceTest.kt",
    "sources": [
      "MC1Services/Tests/MC1ServicesTests/IdentityReconciliationIntegrationTests.swift"
    ],
    "android_only": [],
    "generated_inputs": [],
    "feature_acceptance": "not established by headers"
  },
  {
    "implementation": "android/core/data/src/test/kotlin/com/meshcoreone/android/core/data/repository/InitialSchemaMigrationBoundaryTest.kt",
    "sources": [
      "MC1Services/Tests/MC1ServicesTests/ChannelFloodScopeMigrationTests.swift",
      "MC1Services/Tests/MC1ServicesTests/RadioIDMigrationTests.swift",
      "MC1Services/Tests/MC1ServicesTests/RepeaterUnreadMigrationTests.swift",
      "MC1Services/Tests/MC1ServicesTests/SortDateBackfillMigrationTests.swift",
      "MC1Services/Tests/MC1ServicesTests/SortDateResetMigrationTests.swift"
    ],
    "android_only": [],
    "generated_inputs": [],
    "feature_acceptance": "not established by headers"
  },
  {
    "implementation": "android/core/data/src/test/kotlin/com/meshcoreone/android/core/data/repository/MessageSourceTest.kt",
    "sources": [
      "MC1Services/Tests/MC1ServicesTests/PersistenceStoreTests.swift"
    ],
    "android_only": [],
    "generated_inputs": [],
    "feature_acceptance": "not established by headers"
  },
  {
    "implementation": "android/core/data/src/test/kotlin/com/meshcoreone/android/core/data/repository/MessageWindowPersistenceTest.kt",
    "sources": [
      "MC1Services/Tests/MC1ServicesTests/PersistenceStoreMessageWindowTests.swift"
    ],
    "android_only": [],
    "generated_inputs": [],
    "feature_acceptance": "not established by headers"
  },
  {
    "implementation": "android/core/data/src/test/kotlin/com/meshcoreone/android/core/data/repository/NativeDiagnosticRepositoryTest.kt",
    "sources": [],
    "android_only": [
      "WP-202"
    ],
    "generated_inputs": [],
    "feature_acceptance": "not established by headers"
  },
  {
    "implementation": "android/core/data/src/test/kotlin/com/meshcoreone/android/core/data/repository/NativeMessageRoleTest.kt",
    "sources": [],
    "android_only": [
      "WP-202"
    ],
    "generated_inputs": [],
    "feature_acceptance": "not established by headers"
  },
  {
    "implementation": "android/core/data/src/test/kotlin/com/meshcoreone/android/core/data/repository/NativeRadioPolicyTest.kt",
    "sources": [],
    "android_only": [
      "WP-202"
    ],
    "generated_inputs": [],
    "feature_acceptance": "not established by headers"
  },
  {
    "implementation": "android/core/data/src/test/kotlin/com/meshcoreone/android/core/data/repository/NativeRepositoryBoundaryTest.kt",
    "sources": [],
    "android_only": [
      "WP-202"
    ],
    "generated_inputs": [],
    "feature_acceptance": "not established by headers"
  },
  {
    "implementation": "android/core/data/src/test/kotlin/com/meshcoreone/android/core/data/repository/PendingSendPersistenceTest.kt",
    "sources": [
      "MC1Services/Tests/MC1ServicesTests/PendingSendPersistenceTests.swift"
    ],
    "android_only": [],
    "generated_inputs": [],
    "feature_acceptance": "not established by headers"
  },
  {
    "implementation": "android/core/data/src/test/kotlin/com/meshcoreone/android/core/data/repository/RepositoryTestValues.kt",
    "sources": [
      "MC1Services/Tests/MC1ServicesTests/Helpers/PersistenceStore+Testing.swift",
      "MC1Services/Tests/MC1ServicesTests/Helpers/PersistenceStore+TestFetch.swift",
      "MC1Services/Tests/MC1ServicesTests/Mocks/MockPersistenceStore.swift"
    ],
    "android_only": [],
    "generated_inputs": [],
    "feature_acceptance": "not established by headers"
  },
  {
    "implementation": "android/core/data/src/test/kotlin/com/meshcoreone/android/core/data/repository/RoomSourceTest.kt",
    "sources": [
      "MC1Services/Tests/MC1ServicesTests/PersistenceStoreTests.swift"
    ],
    "android_only": [],
    "generated_inputs": [],
    "feature_acceptance": "not established by headers"
  },
  {
    "implementation": "android/core/data/src/test/kotlin/com/meshcoreone/android/core/data/repository/RxLogSourceTest.kt",
    "sources": [
      "MC1Services/Tests/MC1ServicesTests/PersistenceStoreTests.swift"
    ],
    "android_only": [],
    "generated_inputs": [],
    "feature_acceptance": "not established by headers"
  },
  {
    "implementation": "android/core/data/src/test/kotlin/com/meshcoreone/android/core/data/repository/UnsignedPathReopenTest.kt",
    "sources": [
      "MC1Services/Tests/MC1ServicesTests/DiscoveredNodeUnsignedFetchTests.swift"
    ],
    "android_only": [],
    "generated_inputs": [],
    "feature_acceptance": "not established by headers"
  },
  {
    "implementation": "android/core/database/src/main/kotlin/com/meshcoreone/android/core/database/DiagnosticDaos.kt",
    "sources": [
      "MC1Services/Sources/MC1Services/Services/PersistenceStore+Diagnostics.swift",
      "MC1Services/Sources/MC1Services/Services/PersistenceStore+Metadata.swift",
      "MC1Services/Sources/MC1Services/Services/PersistenceStore+Devices.swift"
    ],
    "android_only": [],
    "generated_inputs": [],
    "feature_acceptance": "not established by headers"
  },
  {
    "implementation": "android/core/database/src/main/kotlin/com/meshcoreone/android/core/database/DiagnosticEntities.kt",
    "sources": [
      "MC1Services/Sources/MC1Services/Models/SavedTracePath.swift",
      "MC1Services/Sources/MC1Services/Models/RxLogEntry.swift",
      "MC1Services/Sources/MC1Services/Models/DebugLogEntry.swift",
      "MC1Services/Sources/MC1Services/Models/LinkPreviewData.swift",
      "MC1Services/Sources/MC1Services/Models/NodeStatusSnapshot.swift"
    ],
    "android_only": [],
    "generated_inputs": [],
    "feature_acceptance": "not established by headers"
  },
  {
    "implementation": "android/core/database/src/main/kotlin/com/meshcoreone/android/core/database/DiagnosticMappings.kt",
    "sources": [
      "MC1Services/Sources/MC1Services/Models/SavedTracePath.swift",
      "MC1Services/Sources/MC1Services/Models/RxLogEntry.swift",
      "MC1Services/Sources/MC1Services/Models/DebugLogEntry.swift",
      "MC1Services/Sources/MC1Services/Models/LinkPreviewData.swift",
      "MC1Services/Sources/MC1Services/Models/NodeStatusSnapshot.swift"
    ],
    "android_only": [],
    "generated_inputs": [],
    "feature_acceptance": "not established by headers"
  },
  {
    "implementation": "android/core/database/src/main/kotlin/com/meshcoreone/android/core/database/MeshCoreDatabase.kt",
    "sources": [
      "MC1Services/Sources/MC1Services/Services/PersistenceStore.swift"
    ],
    "android_only": [],
    "generated_inputs": [],
    "feature_acceptance": "not established by headers"
  },
  {
    "implementation": "android/core/database/src/main/kotlin/com/meshcoreone/android/core/database/MessageDaos.kt",
    "sources": [
      "MC1Services/Sources/MC1Services/Services/PersistenceStore+Messages.swift",
      "MC1Services/Sources/MC1Services/Services/PersistenceStore+PendingSends.swift",
      "MC1Services/Sources/MC1Services/Services/PersistenceStore+FailedSends.swift"
    ],
    "android_only": [],
    "generated_inputs": [],
    "feature_acceptance": "not established by headers"
  },
  {
    "implementation": "android/core/database/src/main/kotlin/com/meshcoreone/android/core/database/MessageEntities.kt",
    "sources": [
      "MC1Services/Sources/MC1Services/Models/Message.swift",
      "MC1Services/Sources/MC1Services/Models/MessageRepeat.swift",
      "MC1Services/Sources/MC1Services/Models/Reaction.swift",
      "MC1Services/Sources/MC1Services/Models/PendingSend.swift"
    ],
    "android_only": [],
    "generated_inputs": [],
    "feature_acceptance": "not established by headers"
  },
  {
    "implementation": "android/core/database/src/main/kotlin/com/meshcoreone/android/core/database/MessageMappings.kt",
    "sources": [
      "MC1Services/Sources/MC1Services/Models/Message.swift",
      "MC1Services/Sources/MC1Services/Models/MessageRepeat.swift",
      "MC1Services/Sources/MC1Services/Models/Reaction.swift",
      "MC1Services/Sources/MC1Services/Models/PendingSend.swift"
    ],
    "android_only": [],
    "generated_inputs": [],
    "feature_acceptance": "not established by headers"
  },
  {
    "implementation": "android/core/database/src/main/kotlin/com/meshcoreone/android/core/database/RadioDaos.kt",
    "sources": [
      "MC1Services/Sources/MC1Services/Services/PersistenceStore+Devices.swift",
      "MC1Services/Sources/MC1Services/Services/PersistenceStore+Contacts.swift",
      "MC1Services/Sources/MC1Services/Services/PersistenceStore+Channels.swift",
      "MC1Services/Sources/MC1Services/Services/PersistenceStore.swift"
    ],
    "android_only": [],
    "generated_inputs": [],
    "feature_acceptance": "not established by headers"
  },
  {
    "implementation": "android/core/database/src/main/kotlin/com/meshcoreone/android/core/database/RadioEntities.kt",
    "sources": [
      "MC1Services/Sources/MC1Services/Models/Device.swift",
      "MC1Services/Sources/MC1Services/Models/Contact.swift",
      "MC1Services/Sources/MC1Services/Models/Channel.swift",
      "MC1Services/Sources/MC1Services/Models/DiscoveredNode.swift",
      "MC1Services/Sources/MC1Services/Models/BlockedChannelSender.swift"
    ],
    "android_only": [],
    "generated_inputs": [],
    "feature_acceptance": "not established by headers"
  },
  {
    "implementation": "android/core/database/src/main/kotlin/com/meshcoreone/android/core/database/RadioMappings.kt",
    "sources": [
      "MC1Services/Sources/MC1Services/Models/Device.swift",
      "MC1Services/Sources/MC1Services/Models/Contact.swift",
      "MC1Services/Sources/MC1Services/Models/Channel.swift",
      "MC1Services/Sources/MC1Services/Models/DiscoveredNode.swift",
      "MC1Services/Sources/MC1Services/Models/BlockedChannelSender.swift"
    ],
    "android_only": [],
    "generated_inputs": [],
    "feature_acceptance": "not established by headers"
  },
  {
    "implementation": "android/core/database/src/main/kotlin/com/meshcoreone/android/core/database/RoomDaos.kt",
    "sources": [
      "MC1Services/Sources/MC1Services/Services/PersistenceStore+Rooms.swift",
      "MC1Services/Sources/MC1Services/Services/PersistenceStore+FailedSends.swift"
    ],
    "android_only": [],
    "generated_inputs": [],
    "feature_acceptance": "not established by headers"
  },
  {
    "implementation": "android/core/database/src/main/kotlin/com/meshcoreone/android/core/database/RoomEntities.kt",
    "sources": [
      "MC1Services/Sources/MC1Services/Models/RemoteNodeSession.swift",
      "MC1Services/Sources/MC1Services/Models/RoomMessage.swift"
    ],
    "android_only": [],
    "generated_inputs": [],
    "feature_acceptance": "not established by headers"
  },
  {
    "implementation": "android/core/database/src/main/kotlin/com/meshcoreone/android/core/database/RoomMappings.kt",
    "sources": [
      "MC1Services/Sources/MC1Services/Models/RemoteNodeSession.swift",
      "MC1Services/Sources/MC1Services/Models/RoomMessage.swift"
    ],
    "android_only": [],
    "generated_inputs": [],
    "feature_acceptance": "not established by headers"
  },
  {
    "implementation": "android/core/database/src/main/kotlin/com/meshcoreone/android/core/database/StoredInstant.kt",
    "sources": [],
    "android_only": [
      "WP-201"
    ],
    "generated_inputs": [],
    "feature_acceptance": "not established by headers"
  },
  {
    "implementation": "android/core/database/src/main/kotlin/com/meshcoreone/android/core/database/ValueConverters.kt",
    "sources": [
      "MC1Services/Sources/MC1Services/Models/ConnectionMethod.swift",
      "MC1Services/Sources/MC1Services/Models/NodeStatusSnapshot.swift",
      "MC1Services/Sources/MC1Services/Models/SavedTracePath.swift"
    ],
    "android_only": [],
    "generated_inputs": [],
    "feature_acceptance": "not established by headers"
  },
  {
    "implementation": "android/core/database/src/test/kotlin/com/meshcoreone/android/core/database/ReviewedSourceRegressionTest.kt",
    "sources": [
      "MC1Services/Sources/MC1Services/Services/PersistenceStore+Diagnostics.swift",
      "MC1Services/Sources/MC1Services/Services/RxLogService.swift",
      "MC1Services/Sources/MC1Services/Services/HeardRepeatsService.swift",
      "MC1Services/Sources/MC1Services/Models/Message.swift"
    ],
    "android_only": [],
    "generated_inputs": [],
    "feature_acceptance": "not established by headers"
  },
  {
    "implementation": "android/core/database/src/test/kotlin/com/meshcoreone/android/core/database/RoomBoundaryTest.kt",
    "sources": [],
    "android_only": [
      "WP-201"
    ],
    "generated_inputs": [],
    "feature_acceptance": "not established by headers"
  },
  {
    "implementation": "android/core/database/src/test/kotlin/com/meshcoreone/android/core/database/RoomFieldCoverageTest.kt",
    "sources": [],
    "android_only": [
      "WP-201"
    ],
    "generated_inputs": [],
    "feature_acceptance": "not established by headers"
  },
  {
    "implementation": "android/core/database/src/test/kotlin/com/meshcoreone/android/core/database/RoomTestValues.kt",
    "sources": [
      "MC1Services/Tests/MC1ServicesTests/Helpers/MessageDTO+Testing.swift",
      "MC1Services/Tests/MC1ServicesTests/Helpers/ChannelDTO+Testing.swift",
      "MC1Services/Tests/MC1ServicesTests/Helpers/DeviceDTO+Testing.swift",
      "MC1Services/Tests/MC1ServicesTests/Helpers/RemoteNodeSessionDTO+Testing.swift",
      "MC1Services/Tests/MC1ServicesTests/Helpers/RoomMessageDTO+Testing.swift"
    ],
    "android_only": [],
    "generated_inputs": [],
    "feature_acceptance": "not established by headers"
  },
  {
    "implementation": "android/core/database/src/test/kotlin/com/meshcoreone/android/core/database/SourceRoomCasesTest.kt",
    "sources": [
      "MC1Services/Tests/MC1ServicesTests/FailedSendConversationKeysTests.swift",
      "MC1Services/Tests/MC1ServicesTests/ChannelFloodScopeTests.swift",
      "MC1Services/Tests/MC1ServicesTests/DevicePublicKeyDeduplicationTests.swift",
      "MC1Services/Tests/MC1ServicesTests/Models/ConnectionMethodTests.swift"
    ],
    "android_only": [],
    "generated_inputs": [],
    "feature_acceptance": "not established by headers"
  },
  {
    "implementation": "android/core/datastore/src/main/kotlin/com/meshcoreone/android/core/datastore/BackupPreferenceStore.kt",
    "sources": [
      "MC1Services/Sources/MC1Services/Services/AppStorageKey.swift"
    ],
    "android_only": [],
    "generated_inputs": [],
    "feature_acceptance": "not established by headers"
  },
  {
    "implementation": "android/core/datastore/src/main/kotlin/com/meshcoreone/android/core/datastore/BoundedPreferencesSerializer.kt",
    "sources": [],
    "android_only": [
      "WP-204"
    ],
    "generated_inputs": [],
    "feature_acceptance": "not established by headers"
  },
  {
    "implementation": "android/core/datastore/src/main/kotlin/com/meshcoreone/android/core/datastore/KeyGenerationService.kt",
    "sources": [
      "MC1Services/Sources/MC1Services/Services/KeyGenerationService.swift"
    ],
    "android_only": [],
    "generated_inputs": [],
    "feature_acceptance": "not established by headers"
  },
  {
    "implementation": "android/core/datastore/src/main/kotlin/com/meshcoreone/android/core/datastore/MeshCoreStorage.kt",
    "sources": [],
    "android_only": [
      "WP-204"
    ],
    "generated_inputs": [],
    "feature_acceptance": "not established by headers"
  },
  {
    "implementation": "android/core/datastore/src/main/kotlin/com/meshcoreone/android/core/datastore/OrderedStrings.kt",
    "sources": [],
    "android_only": [
      "WP-204"
    ],
    "generated_inputs": [],
    "feature_acceptance": "not established by headers"
  },
  {
    "implementation": "android/core/datastore/src/main/kotlin/com/meshcoreone/android/core/datastore/PreferenceConsumers.kt",
    "sources": [
      "MC1Services/Sources/MC1Services/Services/AppStorageKey.swift"
    ],
    "android_only": [],
    "generated_inputs": [],
    "feature_acceptance": "not established by headers"
  },
  {
    "implementation": "android/core/datastore/src/main/kotlin/com/meshcoreone/android/core/datastore/PreferenceKeys.kt",
    "sources": [
      "MC1Services/Sources/MC1Services/Services/AppStorageKey.swift",
      "MC1Services/Sources/MC1Services/Services/SceneStorageKey.swift",
      "MC1/Models/DevicePreferenceStore.swift"
    ],
    "android_only": [],
    "generated_inputs": [],
    "feature_acceptance": "not established by headers"
  },
  {
    "implementation": "android/core/datastore/src/main/kotlin/com/meshcoreone/android/core/datastore/PreferenceSnapshot.kt",
    "sources": [
      "MC1Services/Sources/MC1Services/Services/AppStorageKey.swift"
    ],
    "android_only": [],
    "generated_inputs": [],
    "feature_acceptance": "not established by headers"
  },
  {
    "implementation": "android/core/datastore/src/main/kotlin/com/meshcoreone/android/core/datastore/PreferenceStore.kt",
    "sources": [
      "MC1Services/Sources/MC1Services/Services/AppStorageKey.swift",
      "MC1/Models/DevicePreferenceStore.swift",
      "MC1Services/Sources/MC1Services/Services/SceneStorageKey.swift"
    ],
    "android_only": [],
    "generated_inputs": [],
    "feature_acceptance": "not established by headers"
  },
  {
    "implementation": "android/core/datastore/src/main/kotlin/com/meshcoreone/android/core/datastore/SecretArchive.kt",
    "sources": [],
    "android_only": [
      "WP-204"
    ],
    "generated_inputs": [],
    "feature_acceptance": "not established by headers"
  },
  {
    "implementation": "android/core/datastore/src/main/kotlin/com/meshcoreone/android/core/datastore/SecretCryptography.kt",
    "sources": [
      "MC1Services/Sources/MC1Services/Services/KeychainService.swift"
    ],
    "android_only": [],
    "generated_inputs": [],
    "feature_acceptance": "not established by headers"
  },
  {
    "implementation": "android/core/datastore/src/main/kotlin/com/meshcoreone/android/core/datastore/SecretEnvelope.kt",
    "sources": [],
    "android_only": [
      "WP-204"
    ],
    "generated_inputs": [],
    "feature_acceptance": "not established by headers"
  },
  {
    "implementation": "android/core/datastore/src/main/kotlin/com/meshcoreone/android/core/datastore/SecretIdentity.kt",
    "sources": [
      "MC1Services/Sources/MC1Services/Services/KeychainService.swift",
      "MC1Services/Sources/MC1Services/Services/KeyGenerationService.swift"
    ],
    "android_only": [],
    "generated_inputs": [],
    "feature_acceptance": "not established by headers"
  },
  {
    "implementation": "android/core/datastore/src/main/kotlin/com/meshcoreone/android/core/datastore/SecretStore.kt",
    "sources": [
      "MC1Services/Sources/MC1Services/Services/KeychainService.swift",
      "MC1Services/Sources/MC1Services/Services/KeyGenerationService.swift"
    ],
    "android_only": [],
    "generated_inputs": [],
    "feature_acceptance": "not established by headers"
  },
  {
    "implementation": "android/core/datastore/src/main/kotlin/com/meshcoreone/android/core/datastore/StorageAccess.kt",
    "sources": [],
    "android_only": [
      "WP-204"
    ],
    "generated_inputs": [],
    "feature_acceptance": "not established by headers"
  },
  {
    "implementation": "android/core/datastore/src/main/kotlin/com/meshcoreone/android/core/datastore/StorageFailure.kt",
    "sources": [],
    "android_only": [
      "WP-204"
    ],
    "generated_inputs": [],
    "feature_acceptance": "not established by headers"
  },
  {
    "implementation": "android/core/datastore/src/test/kotlin/com/meshcoreone/android/core/datastore/ConnectionRuntimePreferenceIntegrationTest.kt",
    "sources": [
      "MC1Services/Tests/MC1ServicesTests/Connection/LastConnectionStoreTests.swift",
      "MC1Services/Tests/MC1ServicesTests/ConnectionIntentTests.swift"
    ],
    "android_only": [],
    "generated_inputs": [],
    "feature_acceptance": "not established by headers"
  },
  {
    "implementation": "android/core/datastore/src/test/kotlin/com/meshcoreone/android/core/datastore/CryptographyBoundaryTest.kt",
    "sources": [],
    "android_only": [
      "WP-204"
    ],
    "generated_inputs": [],
    "feature_acceptance": "not established by headers"
  },
  {
    "implementation": "android/core/datastore/src/test/kotlin/com/meshcoreone/android/core/datastore/DevicePreferenceSourceTest.kt",
    "sources": [
      "MC1Tests/Models/DevicePreferenceStoreTests.swift"
    ],
    "android_only": [],
    "generated_inputs": [],
    "feature_acceptance": "not established by headers"
  },
  {
    "implementation": "android/core/datastore/src/test/kotlin/com/meshcoreone/android/core/datastore/KeyGenerationBoundaryTest.kt",
    "sources": [],
    "android_only": [
      "WP-204"
    ],
    "generated_inputs": [],
    "feature_acceptance": "not established by headers"
  },
  {
    "implementation": "android/core/datastore/src/test/kotlin/com/meshcoreone/android/core/datastore/KeyGenerationSourceTest.kt",
    "sources": [
      "MC1Services/Tests/MC1ServicesTests/Services/KeyGenerationServiceTests.swift"
    ],
    "android_only": [],
    "generated_inputs": [],
    "feature_acceptance": "not established by headers"
  },
  {
    "implementation": "android/core/datastore/src/test/kotlin/com/meshcoreone/android/core/datastore/KeystorePlatformPolicyTest.kt",
    "sources": [],
    "android_only": [
      "WP-204"
    ],
    "generated_inputs": [],
    "feature_acceptance": "not established by headers"
  },
  {
    "implementation": "android/core/datastore/src/test/kotlin/com/meshcoreone/android/core/datastore/OwnerCloseRegressionTest.kt",
    "sources": [],
    "android_only": [
      "WP-204"
    ],
    "generated_inputs": [],
    "feature_acceptance": "not established by headers"
  },
  {
    "implementation": "android/core/datastore/src/test/kotlin/com/meshcoreone/android/core/datastore/PersistenceKeysSourceTest.kt",
    "sources": [
      "MC1Services/Tests/MC1ServicesTests/PersistenceKeysThemeTests.swift"
    ],
    "android_only": [],
    "generated_inputs": [],
    "feature_acceptance": "not established by headers"
  },
  {
    "implementation": "android/core/datastore/src/test/kotlin/com/meshcoreone/android/core/datastore/PlatformStorageTest.kt",
    "sources": [],
    "android_only": [
      "WP-204"
    ],
    "generated_inputs": [],
    "feature_acceptance": "not established by headers"
  },
  {
    "implementation": "android/core/datastore/src/test/kotlin/com/meshcoreone/android/core/datastore/PreferenceBoundaryTest.kt",
    "sources": [],
    "android_only": [
      "WP-204"
    ],
    "generated_inputs": [],
    "feature_acceptance": "not established by headers"
  },
  {
    "implementation": "android/core/datastore/src/test/kotlin/com/meshcoreone/android/core/datastore/SecretBoundaryTest.kt",
    "sources": [],
    "android_only": [
      "WP-204"
    ],
    "generated_inputs": [],
    "feature_acceptance": "not established by headers"
  },
  {
    "implementation": "android/core/datastore/src/test/kotlin/com/meshcoreone/android/core/datastore/StorageTestSupport.kt",
    "sources": [],
    "android_only": [
      "WP-204"
    ],
    "generated_inputs": [],
    "feature_acceptance": "not established by headers"
  },
  {
    "implementation": "android/core/designsystem/src/main/kotlin/com/meshcoreone/android/core/designsystem/AndroidAppearance.kt",
    "sources": [],
    "android_only": [
      "WP-301"
    ],
    "generated_inputs": [],
    "feature_acceptance": "not established by headers"
  },
  {
    "implementation": "android/core/designsystem/src/main/kotlin/com/meshcoreone/android/core/designsystem/AppearanceToken.kt",
    "sources": [
      "MC1/Theme/AppearanceToken.swift",
      "MC1/Theme/ThemeCardMetrics.swift"
    ],
    "android_only": [],
    "generated_inputs": [],
    "feature_acceptance": "not established by headers"
  },
  {
    "implementation": "android/core/designsystem/src/main/kotlin/com/meshcoreone/android/core/designsystem/generated/GeneratedThemes.kt",
    "sources": [],
    "android_only": [],
    "generated_inputs": [
      "tools/android-port/theme_convert.py; inputs: MC1/Theme/Theme.swift@db14559b39d32322b06477c6ae676112f583db50, MC1/Resources/Assets.xcassets/AppAccentColor.colorset/Contents.json@db14559b39d32322b06477c6ae676112f583db50"
    ],
    "feature_acceptance": "not established by headers"
  },
  {
    "implementation": "android/core/designsystem/src/main/kotlin/com/meshcoreone/android/core/designsystem/generated/ThemeRecoveryStrings.kt",
    "sources": [],
    "android_only": [],
    "generated_inputs": [
      "tools/android-port/theme_convert.py; inputs: MC1/Resources/Localization/en.lproj/Settings.strings@db14559b39d32322b06477c6ae676112f583db50"
    ],
    "feature_acceptance": "not established by headers"
  },
  {
    "implementation": "android/core/designsystem/src/main/kotlin/com/meshcoreone/android/core/designsystem/IdentityGamut.kt",
    "sources": [
      "MC1/Theme/IdentityGamut.swift"
    ],
    "android_only": [],
    "generated_inputs": [],
    "feature_acceptance": "not established by headers"
  },
  {
    "implementation": "android/core/designsystem/src/main/kotlin/com/meshcoreone/android/core/designsystem/LocalizedTheme.kt",
    "sources": [
      "MC1/Theme/Theme+LocalizedName.swift",
      "MC1/Extensions/SNRQuality+Color.swift"
    ],
    "android_only": [],
    "generated_inputs": [],
    "feature_acceptance": "not established by headers"
  },
  {
    "implementation": "android/core/designsystem/src/main/kotlin/com/meshcoreone/android/core/designsystem/MeshCoreTheme.kt",
    "sources": [
      "MC1/Theme/EnvironmentValues+AppTheme.swift",
      "MC1/Theme/ThemedSurfaceModifiers.swift"
    ],
    "android_only": [],
    "generated_inputs": [],
    "feature_acceptance": "not established by headers"
  },
  {
    "implementation": "android/core/designsystem/src/main/kotlin/com/meshcoreone/android/core/designsystem/MeshIcons.kt",
    "sources": [],
    "android_only": [
      "WP-301"
    ],
    "generated_inputs": [],
    "feature_acceptance": "not established by headers"
  },
  {
    "implementation": "android/core/designsystem/src/main/kotlin/com/meshcoreone/android/core/designsystem/NativeThemeMetrics.kt",
    "sources": [],
    "android_only": [
      "WP-301"
    ],
    "generated_inputs": [],
    "feature_acceptance": "not established by headers"
  },
  {
    "implementation": "android/core/designsystem/src/main/kotlin/com/meshcoreone/android/core/designsystem/ScaffoldTheme.kt",
    "sources": [],
    "android_only": [
      "WP-301"
    ],
    "generated_inputs": [],
    "feature_acceptance": "not established by headers"
  },
  {
    "implementation": "android/core/designsystem/src/main/kotlin/com/meshcoreone/android/core/designsystem/Theme.kt",
    "sources": [
      "MC1/Theme/Theme.swift",
      "MC1/Theme/ThemeRegistry.swift",
      "MC1/Theme/AppColorSchemePreference.swift",
      "MC1/Theme/AvatarCategory.swift",
      "MC1/Theme/CategoryAvatarColors.swift",
      "MC1/Theme/CategoryHues.swift",
      "MC1/Theme/Theme+AvatarColors.swift"
    ],
    "android_only": [],
    "generated_inputs": [],
    "feature_acceptance": "not established by headers"
  },
  {
    "implementation": "android/core/designsystem/src/main/kotlin/com/meshcoreone/android/core/designsystem/ThemeColor.kt",
    "sources": [
      "MC1/Extensions/Color+Hex.swift",
      "MC1/Theme/WCAGContrast.swift"
    ],
    "android_only": [],
    "generated_inputs": [],
    "feature_acceptance": "not established by headers"
  },
  {
    "implementation": "android/core/designsystem/src/main/kotlin/com/meshcoreone/android/core/designsystem/ThemeFoundationContent.kt",
    "sources": [],
    "android_only": [
      "WP-301"
    ],
    "generated_inputs": [],
    "feature_acceptance": "not established by headers"
  },
  {
    "implementation": "android/core/designsystem/src/main/kotlin/com/meshcoreone/android/core/designsystem/ThemePaletteSwatch.kt",
    "sources": [
      "MC1/Theme/ThemePaletteSwatch.swift"
    ],
    "android_only": [],
    "generated_inputs": [],
    "feature_acceptance": "not established by headers"
  },
  {
    "implementation": "android/core/designsystem/src/main/kotlin/com/meshcoreone/android/core/designsystem/ThemeRoles.kt",
    "sources": [
      "MC1/Theme/AppColors.swift",
      "MC1/Extensions/SNRQuality+Color.swift"
    ],
    "android_only": [],
    "generated_inputs": [],
    "feature_acceptance": "not established by headers"
  },
  {
    "implementation": "android/core/designsystem/src/main/kotlin/com/meshcoreone/android/core/designsystem/ThemeService.kt",
    "sources": [
      "MC1/Theme/ThemeService.swift",
      "MC1/Theme/ThemeServiceError.swift"
    ],
    "android_only": [],
    "generated_inputs": [],
    "feature_acceptance": "not established by headers"
  },
  {
    "implementation": "android/core/designsystem/src/main/kotlin/com/meshcoreone/android/core/designsystem/ThemeText.kt",
    "sources": [
      "MC1Tests/MessageTextThemeTests.swift"
    ],
    "android_only": [],
    "generated_inputs": [],
    "feature_acceptance": "not established by headers"
  },
  {
    "implementation": "android/core/designsystem/src/test/kotlin/com/meshcoreone/android/core/designsystem/AndroidAppearance37Test.kt",
    "sources": [],
    "android_only": [
      "WP-301"
    ],
    "generated_inputs": [],
    "feature_acceptance": "not established by headers"
  },
  {
    "implementation": "android/core/designsystem/src/test/kotlin/com/meshcoreone/android/core/designsystem/IdentityGamutTest.kt",
    "sources": [
      "MC1Tests/Theme/IdentityGamutTests.swift"
    ],
    "android_only": [],
    "generated_inputs": [],
    "feature_acceptance": "not established by headers"
  },
  {
    "implementation": "android/core/designsystem/src/test/kotlin/com/meshcoreone/android/core/designsystem/ThemeComposeTest.kt",
    "sources": [
      "MC1Tests/AppThemeEnvironmentTests.swift",
      "MC1Tests/AppStateThemeWiringTests.swift"
    ],
    "android_only": [],
    "generated_inputs": [],
    "feature_acceptance": "not established by headers"
  },
  {
    "implementation": "android/core/designsystem/src/test/kotlin/com/meshcoreone/android/core/designsystem/ThemeContrastTest.kt",
    "sources": [
      "MC1Tests/Theme/ThemeContrastTests.swift"
    ],
    "android_only": [],
    "generated_inputs": [],
    "feature_acceptance": "not established by headers"
  },
  {
    "implementation": "android/core/designsystem/src/test/kotlin/com/meshcoreone/android/core/designsystem/ThemePolicyTest.kt",
    "sources": [
      "MC1Tests/AppColorSchemePreferenceTests.swift",
      "MC1Tests/ThemeRegistryTests.swift",
      "MC1Tests/Theme/ThemeStructureTests.swift"
    ],
    "android_only": [],
    "generated_inputs": [],
    "feature_acceptance": "not established by headers"
  },
  {
    "implementation": "android/core/designsystem/src/test/kotlin/com/meshcoreone/android/core/designsystem/ThemeResourceTest.kt",
    "sources": [
      "MC1Tests/ThemeLocalizedNameTests.swift",
      "MC1Tests/MessageTextThemeTests.swift"
    ],
    "android_only": [],
    "generated_inputs": [],
    "feature_acceptance": "not established by headers"
  },
  {
    "implementation": "android/core/designsystem/src/test/kotlin/com/meshcoreone/android/core/designsystem/ThemeServiceTest.kt",
    "sources": [
      "MC1Tests/ThemeServiceTests.swift",
      "MC1Tests/AppStateThemeWiringTests.swift"
    ],
    "android_only": [],
    "generated_inputs": [],
    "feature_acceptance": "not established by headers"
  },
  {
    "implementation": "android/core/designsystem/src/test/kotlin/com/meshcoreone/android/core/designsystem/ThemeTestSupport.kt",
    "sources": [],
    "android_only": [
      "WP-301"
    ],
    "generated_inputs": [],
    "feature_acceptance": "not established by headers"
  },
  {
    "implementation": "android/core/l10n/src/main/kotlin/com/meshcoreone/android/core/l10n/generated/AppChatsStrings.kt",
    "sources": [],
    "android_only": [],
    "generated_inputs": [
      "tools/android-port/l10n_convert.py; inputs: MC1/Resources/Localization/de.lproj/Chats.strings@db14559b39d32322b06477c6ae676112f583db50, MC1/Resources/Localization/en.lproj/Chats.strings@db14559b39d32322b06477c6ae676112f583db50, MC1/Resources/Localization/es.lproj/Chats.strings@db14559b39d32322b06477c6ae676112f583db50, MC1/Resources/Localization/fr.lproj/Chats.strings@db14559b39d32322b06477c6ae676112f583db50, MC1/Resources/Localization/it.lproj/Chats.strings@db14559b39d32322b06477c6ae676112f583db50, MC1/Resources/Localization/ko.lproj/Chats.strings@db14559b39d32322b06477c6ae676112f583db50, MC1/Resources/Localization/nl.lproj/Chats.strings@db14559b39d32322b06477c6ae676112f583db50, MC1/Resources/Localization/pl.lproj/Chats.strings@db14559b39d32322b06477c6ae676112f583db50, MC1/Resources/Localization/pt.lproj/Chats.strings@db14559b39d32322b06477c6ae676112f583db50, MC1/Resources/Localization/ru.lproj/Chats.strings@db14559b39d32322b06477c6ae676112f583db50, MC1/Resources/Localization/uk.lproj/Chats.strings@db14559b39d32322b06477c6ae676112f583db50, MC1/Resources/Localization/zh-Hans.lproj/Chats.strings@db14559b39d32322b06477c6ae676112f583db50"
    ],
    "feature_acceptance": "not established by headers"
  },
  {
    "implementation": "android/core/l10n/src/main/kotlin/com/meshcoreone/android/core/l10n/generated/AppContactsStrings.kt",
    "sources": [],
    "android_only": [],
    "generated_inputs": [
      "tools/android-port/l10n_convert.py; inputs: MC1/Resources/Localization/de.lproj/Contacts.strings@db14559b39d32322b06477c6ae676112f583db50, MC1/Resources/Localization/en.lproj/Contacts.strings@db14559b39d32322b06477c6ae676112f583db50, MC1/Resources/Localization/es.lproj/Contacts.strings@db14559b39d32322b06477c6ae676112f583db50, MC1/Resources/Localization/fr.lproj/Contacts.strings@db14559b39d32322b06477c6ae676112f583db50, MC1/Resources/Localization/it.lproj/Contacts.strings@db14559b39d32322b06477c6ae676112f583db50, MC1/Resources/Localization/ko.lproj/Contacts.strings@db14559b39d32322b06477c6ae676112f583db50, MC1/Resources/Localization/nl.lproj/Contacts.strings@db14559b39d32322b06477c6ae676112f583db50, MC1/Resources/Localization/pl.lproj/Contacts.strings@db14559b39d32322b06477c6ae676112f583db50, MC1/Resources/Localization/pt.lproj/Contacts.strings@db14559b39d32322b06477c6ae676112f583db50, MC1/Resources/Localization/ru.lproj/Contacts.strings@db14559b39d32322b06477c6ae676112f583db50, MC1/Resources/Localization/uk.lproj/Contacts.strings@db14559b39d32322b06477c6ae676112f583db50, MC1/Resources/Localization/zh-Hans.lproj/Contacts.strings@db14559b39d32322b06477c6ae676112f583db50"
    ],
    "feature_acceptance": "not established by headers"
  },
  {
    "implementation": "android/core/l10n/src/main/kotlin/com/meshcoreone/android/core/l10n/generated/AppLocalizableStrings.kt",
    "sources": [],
    "android_only": [],
    "generated_inputs": [
      "tools/android-port/l10n_convert.py; inputs: MC1/Resources/Localization/de.lproj/Localizable.strings@db14559b39d32322b06477c6ae676112f583db50, MC1/Resources/Localization/de.lproj/Localizable.stringsdict@db14559b39d32322b06477c6ae676112f583db50, MC1/Resources/Localization/en.lproj/Localizable.strings@db14559b39d32322b06477c6ae676112f583db50, MC1/Resources/Localization/en.lproj/Localizable.stringsdict@db14559b39d32322b06477c6ae676112f583db50, MC1/Resources/Localization/es.lproj/Localizable.strings@db14559b39d32322b06477c6ae676112f583db50, MC1/Resources/Localization/es.lproj/Localizable.stringsdict@db14559b39d32322b06477c6ae676112f583db50, MC1/Resources/Localization/fr.lproj/Localizable.strings@db14559b39d32322b06477c6ae676112f583db50, MC1/Resources/Localization/fr.lproj/Localizable.stringsdict@db14559b39d32322b06477c6ae676112f583db50, MC1/Resources/Localization/it.lproj/Localizable.strings@db14559b39d32322b06477c6ae676112f583db50, MC1/Resources/Localization/it.lproj/Localizable.stringsdict@db14559b39d32322b06477c6ae676112f583db50, MC1/Resources/Localization/ko.lproj/Localizable.strings@db14559b39d32322b06477c6ae676112f583db50, MC1/Resources/Localization/ko.lproj/Localizable.stringsdict@db14559b39d32322b06477c6ae676112f583db50, MC1/Resources/Localization/nl.lproj/Localizable.strings@db14559b39d32322b06477c6ae676112f583db50, MC1/Resources/Localization/nl.lproj/Localizable.stringsdict@db14559b39d32322b06477c6ae676112f583db50, MC1/Resources/Localization/pl.lproj/Localizable.strings@db14559b39d32322b06477c6ae676112f583db50, MC1/Resources/Localization/pl.lproj/Localizable.stringsdict@db14559b39d32322b06477c6ae676112f583db50, MC1/Resources/Localization/pt.lproj/Localizable.strings@db14559b39d32322b06477c6ae676112f583db50, MC1/Resources/Localization/pt.lproj/Localizable.stringsdict@db14559b39d32322b06477c6ae676112f583db50, MC1/Resources/Localization/ru.lproj/Localizable.strings@db14559b39d32322b06477c6ae676112f583db50, MC1/Resources/Localization/ru.lproj/Localizable.stringsdict@db14559b39d32322b06477c6ae676112f583db50, MC1/Resources/Localization/uk.lproj/Localizable.strings@db14559b39d32322b06477c6ae676112f583db50, MC1/Resources/Localization/uk.lproj/Localizable.stringsdict@db14559b39d32322b06477c6ae676112f583db50, MC1/Resources/Localization/zh-Hans.lproj/Localizable.strings@db14559b39d32322b06477c6ae676112f583db50, MC1/Resources/Localization/zh-Hans.lproj/Localizable.stringsdict@db14559b39d32322b06477c6ae676112f583db50"
    ],
    "feature_acceptance": "not established by headers"
  },
  {
    "implementation": "android/core/l10n/src/main/kotlin/com/meshcoreone/android/core/l10n/generated/AppMapStrings.kt",
    "sources": [],
    "android_only": [],
    "generated_inputs": [
      "tools/android-port/l10n_convert.py; inputs: MC1/Resources/Localization/de.lproj/Map.strings@db14559b39d32322b06477c6ae676112f583db50, MC1/Resources/Localization/en.lproj/Map.strings@db14559b39d32322b06477c6ae676112f583db50, MC1/Resources/Localization/es.lproj/Map.strings@db14559b39d32322b06477c6ae676112f583db50, MC1/Resources/Localization/fr.lproj/Map.strings@db14559b39d32322b06477c6ae676112f583db50, MC1/Resources/Localization/it.lproj/Map.strings@db14559b39d32322b06477c6ae676112f583db50, MC1/Resources/Localization/ko.lproj/Map.strings@db14559b39d32322b06477c6ae676112f583db50, MC1/Resources/Localization/nl.lproj/Map.strings@db14559b39d32322b06477c6ae676112f583db50, MC1/Resources/Localization/pl.lproj/Map.strings@db14559b39d32322b06477c6ae676112f583db50, MC1/Resources/Localization/pt.lproj/Map.strings@db14559b39d32322b06477c6ae676112f583db50, MC1/Resources/Localization/ru.lproj/Map.strings@db14559b39d32322b06477c6ae676112f583db50, MC1/Resources/Localization/uk.lproj/Map.strings@db14559b39d32322b06477c6ae676112f583db50, MC1/Resources/Localization/zh-Hans.lproj/Map.strings@db14559b39d32322b06477c6ae676112f583db50"
    ],
    "feature_acceptance": "not established by headers"
  },
  {
    "implementation": "android/core/l10n/src/main/kotlin/com/meshcoreone/android/core/l10n/generated/AppOnboardingStrings.kt",
    "sources": [],
    "android_only": [],
    "generated_inputs": [
      "tools/android-port/l10n_convert.py; inputs: MC1/Resources/Localization/de.lproj/Onboarding.strings@db14559b39d32322b06477c6ae676112f583db50, MC1/Resources/Localization/en.lproj/Onboarding.strings@db14559b39d32322b06477c6ae676112f583db50, MC1/Resources/Localization/es.lproj/Onboarding.strings@db14559b39d32322b06477c6ae676112f583db50, MC1/Resources/Localization/fr.lproj/Onboarding.strings@db14559b39d32322b06477c6ae676112f583db50, MC1/Resources/Localization/it.lproj/Onboarding.strings@db14559b39d32322b06477c6ae676112f583db50, MC1/Resources/Localization/ko.lproj/Onboarding.strings@db14559b39d32322b06477c6ae676112f583db50, MC1/Resources/Localization/nl.lproj/Onboarding.strings@db14559b39d32322b06477c6ae676112f583db50, MC1/Resources/Localization/pl.lproj/Onboarding.strings@db14559b39d32322b06477c6ae676112f583db50, MC1/Resources/Localization/pt.lproj/Onboarding.strings@db14559b39d32322b06477c6ae676112f583db50, MC1/Resources/Localization/ru.lproj/Onboarding.strings@db14559b39d32322b06477c6ae676112f583db50, MC1/Resources/Localization/uk.lproj/Onboarding.strings@db14559b39d32322b06477c6ae676112f583db50, MC1/Resources/Localization/zh-Hans.lproj/Onboarding.strings@db14559b39d32322b06477c6ae676112f583db50"
    ],
    "feature_acceptance": "not established by headers"
  },
  {
    "implementation": "android/core/l10n/src/main/kotlin/com/meshcoreone/android/core/l10n/generated/AppRemoteNodesStrings.kt",
    "sources": [],
    "android_only": [],
    "generated_inputs": [
      "tools/android-port/l10n_convert.py; inputs: MC1/Resources/Localization/de.lproj/RemoteNodes.strings@db14559b39d32322b06477c6ae676112f583db50, MC1/Resources/Localization/de.lproj/RemoteNodes.stringsdict@db14559b39d32322b06477c6ae676112f583db50, MC1/Resources/Localization/en.lproj/RemoteNodes.strings@db14559b39d32322b06477c6ae676112f583db50, MC1/Resources/Localization/en.lproj/RemoteNodes.stringsdict@db14559b39d32322b06477c6ae676112f583db50, MC1/Resources/Localization/es.lproj/RemoteNodes.strings@db14559b39d32322b06477c6ae676112f583db50, MC1/Resources/Localization/es.lproj/RemoteNodes.stringsdict@db14559b39d32322b06477c6ae676112f583db50, MC1/Resources/Localization/fr.lproj/RemoteNodes.strings@db14559b39d32322b06477c6ae676112f583db50, MC1/Resources/Localization/fr.lproj/RemoteNodes.stringsdict@db14559b39d32322b06477c6ae676112f583db50, MC1/Resources/Localization/it.lproj/RemoteNodes.strings@db14559b39d32322b06477c6ae676112f583db50, MC1/Resources/Localization/it.lproj/RemoteNodes.stringsdict@db14559b39d32322b06477c6ae676112f583db50, MC1/Resources/Localization/ko.lproj/RemoteNodes.strings@db14559b39d32322b06477c6ae676112f583db50, MC1/Resources/Localization/ko.lproj/RemoteNodes.stringsdict@db14559b39d32322b06477c6ae676112f583db50, MC1/Resources/Localization/nl.lproj/RemoteNodes.strings@db14559b39d32322b06477c6ae676112f583db50, MC1/Resources/Localization/nl.lproj/RemoteNodes.stringsdict@db14559b39d32322b06477c6ae676112f583db50, MC1/Resources/Localization/pl.lproj/RemoteNodes.strings@db14559b39d32322b06477c6ae676112f583db50, MC1/Resources/Localization/pl.lproj/RemoteNodes.stringsdict@db14559b39d32322b06477c6ae676112f583db50, MC1/Resources/Localization/pt.lproj/RemoteNodes.strings@db14559b39d32322b06477c6ae676112f583db50, MC1/Resources/Localization/pt.lproj/RemoteNodes.stringsdict@db14559b39d32322b06477c6ae676112f583db50, MC1/Resources/Localization/ru.lproj/RemoteNodes.strings@db14559b39d32322b06477c6ae676112f583db50, MC1/Resources/Localization/ru.lproj/RemoteNodes.stringsdict@db14559b39d32322b06477c6ae676112f583db50, MC1/Resources/Localization/uk.lproj/RemoteNodes.strings@db14559b39d32322b06477c6ae676112f583db50, MC1/Resources/Localization/uk.lproj/RemoteNodes.stringsdict@db14559b39d32322b06477c6ae676112f583db50, MC1/Resources/Localization/zh-Hans.lproj/RemoteNodes.strings@db14559b39d32322b06477c6ae676112f583db50, MC1/Resources/Localization/zh-Hans.lproj/RemoteNodes.stringsdict@db14559b39d32322b06477c6ae676112f583db50"
    ],
    "feature_acceptance": "not established by headers"
  },
  {
    "implementation": "android/core/l10n/src/main/kotlin/com/meshcoreone/android/core/l10n/generated/AppSettingsStrings.kt",
    "sources": [],
    "android_only": [],
    "generated_inputs": [
      "tools/android-port/l10n_convert.py; inputs: MC1/Resources/Localization/de.lproj/Settings.strings@db14559b39d32322b06477c6ae676112f583db50, MC1/Resources/Localization/de.lproj/Settings.stringsdict@db14559b39d32322b06477c6ae676112f583db50, MC1/Resources/Localization/en.lproj/Settings.strings@db14559b39d32322b06477c6ae676112f583db50, MC1/Resources/Localization/en.lproj/Settings.stringsdict@db14559b39d32322b06477c6ae676112f583db50, MC1/Resources/Localization/es.lproj/Settings.strings@db14559b39d32322b06477c6ae676112f583db50, MC1/Resources/Localization/es.lproj/Settings.stringsdict@db14559b39d32322b06477c6ae676112f583db50, MC1/Resources/Localization/fr.lproj/Settings.strings@db14559b39d32322b06477c6ae676112f583db50, MC1/Resources/Localization/fr.lproj/Settings.stringsdict@db14559b39d32322b06477c6ae676112f583db50, MC1/Resources/Localization/it.lproj/Settings.strings@db14559b39d32322b06477c6ae676112f583db50, MC1/Resources/Localization/it.lproj/Settings.stringsdict@db14559b39d32322b06477c6ae676112f583db50, MC1/Resources/Localization/ko.lproj/Settings.strings@db14559b39d32322b06477c6ae676112f583db50, MC1/Resources/Localization/ko.lproj/Settings.stringsdict@db14559b39d32322b06477c6ae676112f583db50, MC1/Resources/Localization/nl.lproj/Settings.strings@db14559b39d32322b06477c6ae676112f583db50, MC1/Resources/Localization/nl.lproj/Settings.stringsdict@db14559b39d32322b06477c6ae676112f583db50, MC1/Resources/Localization/pl.lproj/Settings.strings@db14559b39d32322b06477c6ae676112f583db50, MC1/Resources/Localization/pl.lproj/Settings.stringsdict@db14559b39d32322b06477c6ae676112f583db50, MC1/Resources/Localization/pt.lproj/Settings.strings@db14559b39d32322b06477c6ae676112f583db50, MC1/Resources/Localization/pt.lproj/Settings.stringsdict@db14559b39d32322b06477c6ae676112f583db50, MC1/Resources/Localization/ru.lproj/Settings.strings@db14559b39d32322b06477c6ae676112f583db50, MC1/Resources/Localization/ru.lproj/Settings.stringsdict@db14559b39d32322b06477c6ae676112f583db50, MC1/Resources/Localization/uk.lproj/Settings.strings@db14559b39d32322b06477c6ae676112f583db50, MC1/Resources/Localization/uk.lproj/Settings.stringsdict@db14559b39d32322b06477c6ae676112f583db50, MC1/Resources/Localization/zh-Hans.lproj/Settings.strings@db14559b39d32322b06477c6ae676112f583db50, MC1/Resources/Localization/zh-Hans.lproj/Settings.stringsdict@db14559b39d32322b06477c6ae676112f583db50"
    ],
    "feature_acceptance": "not established by headers"
  },
  {
    "implementation": "android/core/l10n/src/main/kotlin/com/meshcoreone/android/core/l10n/generated/AppToolsStrings.kt",
    "sources": [],
    "android_only": [],
    "generated_inputs": [
      "tools/android-port/l10n_convert.py; inputs: MC1/Resources/Localization/de.lproj/Tools.strings@db14559b39d32322b06477c6ae676112f583db50, MC1/Resources/Localization/en.lproj/Tools.strings@db14559b39d32322b06477c6ae676112f583db50, MC1/Resources/Localization/es.lproj/Tools.strings@db14559b39d32322b06477c6ae676112f583db50, MC1/Resources/Localization/fr.lproj/Tools.strings@db14559b39d32322b06477c6ae676112f583db50, MC1/Resources/Localization/it.lproj/Tools.strings@db14559b39d32322b06477c6ae676112f583db50, MC1/Resources/Localization/ko.lproj/Tools.strings@db14559b39d32322b06477c6ae676112f583db50, MC1/Resources/Localization/nl.lproj/Tools.strings@db14559b39d32322b06477c6ae676112f583db50, MC1/Resources/Localization/pl.lproj/Tools.strings@db14559b39d32322b06477c6ae676112f583db50, MC1/Resources/Localization/pt.lproj/Tools.strings@db14559b39d32322b06477c6ae676112f583db50, MC1/Resources/Localization/ru.lproj/Tools.strings@db14559b39d32322b06477c6ae676112f583db50, MC1/Resources/Localization/uk.lproj/Tools.strings@db14559b39d32322b06477c6ae676112f583db50, MC1/Resources/Localization/zh-Hans.lproj/Tools.strings@db14559b39d32322b06477c6ae676112f583db50"
    ],
    "feature_acceptance": "not established by headers"
  },
  {
    "implementation": "android/core/l10n/src/main/kotlin/com/meshcoreone/android/core/l10n/generated/AppWhatsNewStrings.kt",
    "sources": [],
    "android_only": [],
    "generated_inputs": [
      "tools/android-port/l10n_convert.py; inputs: MC1/Resources/Localization/de.lproj/WhatsNew.strings@db14559b39d32322b06477c6ae676112f583db50, MC1/Resources/Localization/en.lproj/WhatsNew.strings@db14559b39d32322b06477c6ae676112f583db50, MC1/Resources/Localization/es.lproj/WhatsNew.strings@db14559b39d32322b06477c6ae676112f583db50, MC1/Resources/Localization/fr.lproj/WhatsNew.strings@db14559b39d32322b06477c6ae676112f583db50, MC1/Resources/Localization/it.lproj/WhatsNew.strings@db14559b39d32322b06477c6ae676112f583db50, MC1/Resources/Localization/ko.lproj/WhatsNew.strings@db14559b39d32322b06477c6ae676112f583db50, MC1/Resources/Localization/nl.lproj/WhatsNew.strings@db14559b39d32322b06477c6ae676112f583db50, MC1/Resources/Localization/pl.lproj/WhatsNew.strings@db14559b39d32322b06477c6ae676112f583db50, MC1/Resources/Localization/pt.lproj/WhatsNew.strings@db14559b39d32322b06477c6ae676112f583db50, MC1/Resources/Localization/ru.lproj/WhatsNew.strings@db14559b39d32322b06477c6ae676112f583db50, MC1/Resources/Localization/uk.lproj/WhatsNew.strings@db14559b39d32322b06477c6ae676112f583db50, MC1/Resources/Localization/zh-Hans.lproj/WhatsNew.strings@db14559b39d32322b06477c6ae676112f583db50"
    ],
    "feature_acceptance": "not established by headers"
  },
  {
    "implementation": "android/core/l10n/src/main/kotlin/com/meshcoreone/android/core/l10n/generated/RegionalSubdivisionNames.kt",
    "sources": [],
    "android_only": [],
    "generated_inputs": [
      "tools/android-port/l10n_convert.py; inputs: MC1/Resources/Localization/de.lproj/Settings.strings@db14559b39d32322b06477c6ae676112f583db50, MC1/Resources/Localization/en.lproj/Settings.strings@db14559b39d32322b06477c6ae676112f583db50, MC1/Resources/Localization/es.lproj/Settings.strings@db14559b39d32322b06477c6ae676112f583db50, MC1/Resources/Localization/fr.lproj/Settings.strings@db14559b39d32322b06477c6ae676112f583db50, MC1/Resources/Localization/it.lproj/Settings.strings@db14559b39d32322b06477c6ae676112f583db50, MC1/Resources/Localization/ko.lproj/Settings.strings@db14559b39d32322b06477c6ae676112f583db50, MC1/Resources/Localization/nl.lproj/Settings.strings@db14559b39d32322b06477c6ae676112f583db50, MC1/Resources/Localization/pl.lproj/Settings.strings@db14559b39d32322b06477c6ae676112f583db50, MC1/Resources/Localization/pt.lproj/Settings.strings@db14559b39d32322b06477c6ae676112f583db50, MC1/Resources/Localization/ru.lproj/Settings.strings@db14559b39d32322b06477c6ae676112f583db50, MC1/Resources/Localization/uk.lproj/Settings.strings@db14559b39d32322b06477c6ae676112f583db50, MC1/Resources/Localization/zh-Hans.lproj/Settings.strings@db14559b39d32322b06477c6ae676112f583db50, MC1Services/Sources/MC1Services/Services/RegionalAreas.swift@db14559b39d32322b06477c6ae676112f583db50"
    ],
    "feature_acceptance": "not established by headers"
  },
  {
    "implementation": "android/core/l10n/src/main/kotlin/com/meshcoreone/android/core/l10n/generated/ShortcutAppShortcutsStrings.kt",
    "sources": [],
    "android_only": [],
    "generated_inputs": [
      "tools/android-port/l10n_convert.py; inputs: MC1/Resources/AppShortcuts.xcstrings@db14559b39d32322b06477c6ae676112f583db50"
    ],
    "feature_acceptance": "not established by headers"
  },
  {
    "implementation": "android/core/l10n/src/main/kotlin/com/meshcoreone/android/core/l10n/generated/WidgetLocalizableStrings.kt",
    "sources": [],
    "android_only": [],
    "generated_inputs": [
      "tools/android-port/l10n_convert.py; inputs: MC1Widgets/Resources/de.lproj/Localizable.strings@db14559b39d32322b06477c6ae676112f583db50, MC1Widgets/Resources/de.lproj/Localizable.stringsdict@db14559b39d32322b06477c6ae676112f583db50, MC1Widgets/Resources/en.lproj/Localizable.strings@db14559b39d32322b06477c6ae676112f583db50, MC1Widgets/Resources/en.lproj/Localizable.stringsdict@db14559b39d32322b06477c6ae676112f583db50, MC1Widgets/Resources/es.lproj/Localizable.strings@db14559b39d32322b06477c6ae676112f583db50, MC1Widgets/Resources/es.lproj/Localizable.stringsdict@db14559b39d32322b06477c6ae676112f583db50, MC1Widgets/Resources/fr.lproj/Localizable.strings@db14559b39d32322b06477c6ae676112f583db50, MC1Widgets/Resources/fr.lproj/Localizable.stringsdict@db14559b39d32322b06477c6ae676112f583db50, MC1Widgets/Resources/it.lproj/Localizable.strings@db14559b39d32322b06477c6ae676112f583db50, MC1Widgets/Resources/it.lproj/Localizable.stringsdict@db14559b39d32322b06477c6ae676112f583db50, MC1Widgets/Resources/ko.lproj/Localizable.strings@db14559b39d32322b06477c6ae676112f583db50, MC1Widgets/Resources/ko.lproj/Localizable.stringsdict@db14559b39d32322b06477c6ae676112f583db50, MC1Widgets/Resources/nl.lproj/Localizable.strings@db14559b39d32322b06477c6ae676112f583db50, MC1Widgets/Resources/nl.lproj/Localizable.stringsdict@db14559b39d32322b06477c6ae676112f583db50, MC1Widgets/Resources/pl.lproj/Localizable.strings@db14559b39d32322b06477c6ae676112f583db50, MC1Widgets/Resources/pl.lproj/Localizable.stringsdict@db14559b39d32322b06477c6ae676112f583db50, MC1Widgets/Resources/pt.lproj/Localizable.strings@db14559b39d32322b06477c6ae676112f583db50, MC1Widgets/Resources/pt.lproj/Localizable.stringsdict@db14559b39d32322b06477c6ae676112f583db50, MC1Widgets/Resources/ru.lproj/Localizable.strings@db14559b39d32322b06477c6ae676112f583db50, MC1Widgets/Resources/ru.lproj/Localizable.stringsdict@db14559b39d32322b06477c6ae676112f583db50, MC1Widgets/Resources/uk.lproj/Localizable.strings@db14559b39d32322b06477c6ae676112f583db50, MC1Widgets/Resources/uk.lproj/Localizable.stringsdict@db14559b39d32322b06477c6ae676112f583db50, MC1Widgets/Resources/zh-Hans.lproj/Localizable.strings@db14559b39d32322b06477c6ae676112f583db50, MC1Widgets/Resources/zh-Hans.lproj/Localizable.stringsdict@db14559b39d32322b06477c6ae676112f583db50"
    ],
    "feature_acceptance": "not established by headers"
  },
  {
    "implementation": "android/core/l10n/src/main/kotlin/com/meshcoreone/android/core/l10n/L10nFormatting.kt",
    "sources": [
      "MC1/Resources/Generated/L10n.swift"
    ],
    "android_only": [],
    "generated_inputs": [],
    "feature_acceptance": "not established by headers"
  },
  {
    "implementation": "android/core/l10n/src/test/kotlin/com/meshcoreone/android/core/l10n/AirtimePercentLabelTest.kt",
    "sources": [
      "MC1Tests/Localization/AirtimePercentLabelTests.swift"
    ],
    "android_only": [],
    "generated_inputs": [],
    "feature_acceptance": "not established by headers"
  },
  {
    "implementation": "android/core/l10n/src/test/kotlin/com/meshcoreone/android/core/l10n/L10nFormattingTest.kt",
    "sources": [],
    "android_only": [
      "WP-005"
    ],
    "generated_inputs": [],
    "feature_acceptance": "not established by headers"
  },
  {
    "implementation": "android/core/l10n/src/test/kotlin/com/meshcoreone/android/core/l10n/LocalizationResourceTest.kt",
    "sources": [],
    "android_only": [
      "WP-005"
    ],
    "generated_inputs": [],
    "feature_acceptance": "not established by headers"
  },
  {
    "implementation": "android/core/l10n/src/test/kotlin/com/meshcoreone/android/core/l10n/LocalizationTestSupport.kt",
    "sources": [],
    "android_only": [
      "WP-005"
    ],
    "generated_inputs": [],
    "feature_acceptance": "not established by headers"
  },
  {
    "implementation": "android/core/l10n/src/test/kotlin/com/meshcoreone/android/core/l10n/RegionalSubdivisionLocalizationTest.kt",
    "sources": [
      "MC1Tests/Localization/RegionalSubdivisionLocalizationTests.swift",
      "MC1Services/Sources/MC1Services/Services/RegionalAreas.swift"
    ],
    "android_only": [],
    "generated_inputs": [],
    "feature_acceptance": "not established by headers"
  },
  {
    "implementation": "android/core/model/src/main/kotlin/com/meshcoreone/android/core/model/ApplicationBytes.kt",
    "sources": [
      "MC1Services/Sources/MC1Services/Extensions/Data+Extensions.swift",
      "MC1Services/Sources/MC1Services/Extensions/Locale+POSIX.swift"
    ],
    "android_only": [],
    "generated_inputs": [],
    "feature_acceptance": "not established by headers"
  },
  {
    "implementation": "android/core/model/src/main/kotlin/com/meshcoreone/android/core/model/BackupContract.kt",
    "sources": [
      "MC1Services/Sources/MC1Services/Errors/AppBackupError.swift",
      "MC1Services/Sources/MC1Services/Services/AppBackupEnvelope.swift"
    ],
    "android_only": [],
    "generated_inputs": [],
    "feature_acceptance": "not established by headers"
  },
  {
    "implementation": "android/core/model/src/main/kotlin/com/meshcoreone/android/core/model/ChannelDTO.kt",
    "sources": [
      "MC1Services/Sources/MC1Services/Models/Channel.swift",
      "MC1Services/Sources/MC1Services/Models/ChannelFloodScope.swift"
    ],
    "android_only": [],
    "generated_inputs": [],
    "feature_acceptance": "not established by headers"
  },
  {
    "implementation": "android/core/model/src/main/kotlin/com/meshcoreone/android/core/model/CommittedBackupPreferenceFailure.kt",
    "sources": [
      "MC1Services/Sources/MC1Services/Services/AppBackupService.swift"
    ],
    "android_only": [],
    "generated_inputs": [],
    "feature_acceptance": "not established by headers"
  },
  {
    "implementation": "android/core/model/src/main/kotlin/com/meshcoreone/android/core/model/ConnectionMethod.kt",
    "sources": [
      "MC1Services/Sources/MC1Services/Models/ConnectionMethod.swift",
      "MC1Services/Sources/MC1Services/Connection/TransportType.swift"
    ],
    "android_only": [],
    "generated_inputs": [],
    "feature_acceptance": "not established by headers"
  },
  {
    "implementation": "android/core/model/src/main/kotlin/com/meshcoreone/android/core/model/ContactDTO.kt",
    "sources": [
      "MC1Services/Sources/MC1Services/Models/Contact.swift",
      "MC1Services/Sources/MC1Services/Models/ContactFrame.swift",
      "MC1Services/Sources/MC1Services/Protocols/RepeaterResolvable.swift"
    ],
    "android_only": [],
    "generated_inputs": [],
    "feature_acceptance": "not established by headers"
  },
  {
    "implementation": "android/core/model/src/main/kotlin/com/meshcoreone/android/core/model/ConversationValues.kt",
    "sources": [
      "MC1Services/Sources/MC1Services/Models/ChatConversationID.swift",
      "MC1Services/Sources/MC1Services/Models/FailedSendConversationKeys.swift",
      "MC1Services/Sources/MC1Services/Models/MessageEnvelope.swift"
    ],
    "android_only": [],
    "generated_inputs": [],
    "feature_acceptance": "not established by headers"
  },
  {
    "implementation": "android/core/model/src/main/kotlin/com/meshcoreone/android/core/model/DeduplicationKey.kt",
    "sources": [
      "MC1Services/Sources/MC1Services/Utilities/DeduplicationKey.swift"
    ],
    "android_only": [],
    "generated_inputs": [],
    "feature_acceptance": "not established by headers"
  },
  {
    "implementation": "android/core/model/src/main/kotlin/com/meshcoreone/android/core/model/DeviceDTO.kt",
    "sources": [
      "MC1Services/Sources/MC1Services/Models/Device.swift",
      "MC1Services/Sources/MC1Services/Connection/ConnectionManager.swift"
    ],
    "android_only": [],
    "generated_inputs": [],
    "feature_acceptance": "not established by headers"
  },
  {
    "implementation": "android/core/model/src/main/kotlin/com/meshcoreone/android/core/model/DevicePlatform.kt",
    "sources": [
      "MC1Services/Sources/MC1Services/Connection/DevicePlatform.swift"
    ],
    "android_only": [],
    "generated_inputs": [],
    "feature_acceptance": "not established by headers"
  },
  {
    "implementation": "android/core/model/src/main/kotlin/com/meshcoreone/android/core/model/DiagnosticDTOs.kt",
    "sources": [
      "MC1Services/Sources/MC1Services/Models/DebugLogEntry.swift",
      "MC1Services/Sources/MC1Services/Models/LinkPreviewData.swift",
      "MC1Services/Sources/MC1Services/DTOs/LinkPreviewDataDTO.swift",
      "MC1Services/Sources/MC1Services/Models/BlockedChannelSender.swift",
      "MC1Services/Sources/MC1Services/Models/Reaction.swift",
      "MC1Services/Sources/MC1Services/Connection/RemoveUnfavoritedResult.swift",
      "MC1Services/Sources/MC1Services/MC1Services.swift"
    ],
    "android_only": [],
    "generated_inputs": [],
    "feature_acceptance": "not established by headers"
  },
  {
    "implementation": "android/core/model/src/main/kotlin/com/meshcoreone/android/core/model/DiscoveredNodeDTO.kt",
    "sources": [
      "MC1Services/Sources/MC1Services/Models/DiscoveredNode.swift"
    ],
    "android_only": [],
    "generated_inputs": [],
    "feature_acceptance": "not established by headers"
  },
  {
    "implementation": "android/core/model/src/main/kotlin/com/meshcoreone/android/core/model/Identity.kt",
    "sources": [
      "MC1Services/Sources/MC1Services/Utilities/DeviceIdentity.swift",
      "MC1Services/Sources/MC1Services/Extensions/String+StableUUID.swift",
      "MC1Services/Sources/MC1Services/Utilities/VContactIdentity.swift",
      "MC1Services/Sources/MC1Services/Utilities/Sequence+IndexByID.swift",
      "MC1Services/Sources/MC1Services/Utilities/PersistenceKeys.swift"
    ],
    "android_only": [],
    "generated_inputs": [],
    "feature_acceptance": "not established by headers"
  },
  {
    "implementation": "android/core/model/src/main/kotlin/com/meshcoreone/android/core/model/MessageDTO.kt",
    "sources": [
      "MC1Services/Sources/MC1Services/Models/Message.swift"
    ],
    "android_only": [],
    "generated_inputs": [],
    "feature_acceptance": "not established by headers"
  },
  {
    "implementation": "android/core/model/src/main/kotlin/com/meshcoreone/android/core/model/MessageRepeatDTO.kt",
    "sources": [
      "MC1Services/Sources/MC1Services/Models/MessageRepeat.swift"
    ],
    "android_only": [],
    "generated_inputs": [],
    "feature_acceptance": "not established by headers"
  },
  {
    "implementation": "android/core/model/src/main/kotlin/com/meshcoreone/android/core/model/NodeConfig.kt",
    "sources": [
      "MC1Services/Sources/MC1Services/Models/NodeConfig.swift"
    ],
    "android_only": [],
    "generated_inputs": [],
    "feature_acceptance": "not established by headers"
  },
  {
    "implementation": "android/core/model/src/main/kotlin/com/meshcoreone/android/core/model/NodeSnapshots.kt",
    "sources": [
      "MC1Services/Sources/MC1Services/Models/NodeLocationFix.swift",
      "MC1Services/Sources/MC1Services/Extensions/CLLocationCoordinate2D+ValidFix.swift",
      "MC1Services/Sources/MC1Services/Models/NodeStatusSnapshot.swift",
      "MC1Services/Sources/MC1Services/Extensions/StatusResponse+Compatibility.swift"
    ],
    "android_only": [],
    "generated_inputs": [],
    "feature_acceptance": "not established by headers"
  },
  {
    "implementation": "android/core/model/src/main/kotlin/com/meshcoreone/android/core/model/NotificationPreferences.kt",
    "sources": [
      "MC1Services/Sources/MC1Services/Models/NotificationPreferences.swift"
    ],
    "android_only": [],
    "generated_inputs": [],
    "feature_acceptance": "not established by headers"
  },
  {
    "implementation": "android/core/model/src/main/kotlin/com/meshcoreone/android/core/model/OCVPreset.kt",
    "sources": [
      "MC1Services/Sources/MC1Services/Models/OCVPreset.swift"
    ],
    "android_only": [],
    "generated_inputs": [],
    "feature_acceptance": "not established by headers"
  },
  {
    "implementation": "android/core/model/src/main/kotlin/com/meshcoreone/android/core/model/ProtocolLimits.kt",
    "sources": [
      "MC1Services/Sources/MC1Services/Models/ProtocolLimits.swift"
    ],
    "android_only": [],
    "generated_inputs": [],
    "feature_acceptance": "not established by headers"
  },
  {
    "implementation": "android/core/model/src/main/kotlin/com/meshcoreone/android/core/model/ProtocolValues.kt",
    "sources": [
      "MC1Services/Sources/MC1Services/Models/ProtocolTypes.swift",
      "MC1Services/Sources/MC1Services/Models/AutoAddMode.swift",
      "MC1Services/Sources/MC1Services/Models/NotificationLevel.swift",
      "MC1Services/Sources/MC1Services/Models/DebugLogLevel.swift",
      "MC1Services/Sources/MC1Services/Models/DecryptStatus.swift",
      "MC1Services/Sources/MC1Services/Services/AdvertLocationPolicy.swift",
      "MC1Services/Sources/MC1Services/Services/TelemetryModes.swift"
    ],
    "android_only": [],
    "generated_inputs": [],
    "feature_acceptance": "not established by headers"
  },
  {
    "implementation": "android/core/model/src/main/kotlin/com/meshcoreone/android/core/model/RegionValues.kt",
    "sources": [
      "MC1Services/Sources/MC1Services/Models/RegionScopeSemantics.swift",
      "MC1Services/Sources/MC1Services/Models/RegionSelection.swift"
    ],
    "android_only": [],
    "generated_inputs": [],
    "feature_acceptance": "not established by headers"
  },
  {
    "implementation": "android/core/model/src/main/kotlin/com/meshcoreone/android/core/model/RoomDTOs.kt",
    "sources": [
      "MC1Services/Sources/MC1Services/Models/RemoteNodeSession.swift",
      "MC1Services/Sources/MC1Services/Models/RoomMessage.swift"
    ],
    "android_only": [],
    "generated_inputs": [],
    "feature_acceptance": "not established by headers"
  },
  {
    "implementation": "android/core/model/src/main/kotlin/com/meshcoreone/android/core/model/RxLogEntryDTO.kt",
    "sources": [
      "MC1Services/Sources/MC1Services/Models/RxLogEntry.swift"
    ],
    "android_only": [],
    "generated_inputs": [],
    "feature_acceptance": "not established by headers"
  },
  {
    "implementation": "android/core/model/src/main/kotlin/com/meshcoreone/android/core/model/SavedTracePathDTO.kt",
    "sources": [
      "MC1Services/Sources/MC1Services/Models/SavedTracePath.swift"
    ],
    "android_only": [],
    "generated_inputs": [],
    "feature_acceptance": "not established by headers"
  },
  {
    "implementation": "android/core/model/src/main/kotlin/com/meshcoreone/android/core/model/SendEnvelopes.kt",
    "sources": [
      "MC1Services/Sources/MC1Services/Models/DirectMessageEnvelope.swift",
      "MC1Services/Sources/MC1Services/Models/ChannelMessageEnvelope.swift",
      "MC1Services/Sources/MC1Services/Models/PendingSend.swift",
      "MC1Services/Sources/MC1Services/Models/PendingSendEnvelope.swift",
      "MC1Services/Sources/MC1Services/Models/DeliveryContext.swift"
    ],
    "android_only": [],
    "generated_inputs": [],
    "feature_acceptance": "not established by headers"
  },
  {
    "implementation": "android/core/model/src/main/kotlin/com/meshcoreone/android/core/model/Snapshots.kt",
    "sources": [],
    "android_only": [
      "WP-201"
    ],
    "generated_inputs": [],
    "feature_acceptance": "not established by headers"
  },
  {
    "implementation": "android/core/model/src/main/kotlin/com/meshcoreone/android/core/model/ValueEquality.kt",
    "sources": [],
    "android_only": [
      "WP-201"
    ],
    "generated_inputs": [],
    "feature_acceptance": "not established by headers"
  },
  {
    "implementation": "android/core/model/src/test/kotlin/com/meshcoreone/android/core/model/CrossInputPolicyTest.kt",
    "sources": [
      "MC1Services/Tests/MC1ServicesTests/Models/DevicePlatformTests.swift",
      "MC1Services/Tests/MC1ServicesTests/PersistenceKeysThemeTests.swift",
      "MC1Services/Tests/MC1ServicesTests/RegionSelectionTests.swift"
    ],
    "android_only": [],
    "generated_inputs": [],
    "feature_acceptance": "not established by headers"
  },
  {
    "implementation": "android/core/model/src/test/kotlin/com/meshcoreone/android/core/model/DomainBoundaryTest.kt",
    "sources": [
      "MC1Services/Sources/MC1Services/Models/Device.swift",
      "MC1Services/Sources/MC1Services/Models/Message.swift",
      "MC1Services/Sources/MC1Services/Models/NodeStatusSnapshot.swift",
      "MC1Services/Sources/MC1Services/Extensions/String+StableUUID.swift"
    ],
    "android_only": [],
    "generated_inputs": [],
    "feature_acceptance": "not established by headers"
  },
  {
    "implementation": "android/core/model/src/test/kotlin/com/meshcoreone/android/core/model/DomainContractTest.kt",
    "sources": [
      "MC1Services/Sources/MC1Services/Protocols/Persistence/NodeSnapshotPersisting.swift",
      "MC1Services/Sources/MC1Services/Connection/DeviceConnectionState.swift"
    ],
    "android_only": [],
    "generated_inputs": [],
    "feature_acceptance": "not established by headers"
  },
  {
    "implementation": "android/core/model/src/test/kotlin/com/meshcoreone/android/core/model/MockAppStateProvider.kt",
    "sources": [
      "MC1Services/Tests/MC1ServicesTests/Mocks/MockAppStateProvider.swift"
    ],
    "android_only": [],
    "generated_inputs": [],
    "feature_acceptance": "not established by headers"
  },
  {
    "implementation": "android/core/model/src/test/kotlin/com/meshcoreone/android/core/model/ReferenceCompressionTest.kt",
    "sources": [
      "MC1Services/Sources/MC1Services/Extensions/Data+Extensions.swift"
    ],
    "android_only": [],
    "generated_inputs": [],
    "feature_acceptance": "not established by headers"
  },
  {
    "implementation": "android/core/model/src/test/kotlin/com/meshcoreone/android/core/model/SourceModelCasesTest.kt",
    "sources": [
      "MC1Services/Tests/MC1ServicesTests/ContactDTOPathTests.swift",
      "MC1Services/Tests/MC1ServicesTests/MessageDTOPathTests.swift",
      "MC1Services/Tests/MC1ServicesTests/Models/DeviceDTOClientRepeatTests.swift",
      "MC1Services/Tests/MC1ServicesTests/Models/FirmwareVersionComparisonTests.swift",
      "MC1Services/Tests/MC1ServicesTests/Models/ProtocolLimitsTests.swift",
      "MC1Services/Tests/MC1ServicesTests/NodeLocationFixTests.swift"
    ],
    "android_only": [],
    "generated_inputs": [],
    "feature_acceptance": "not established by headers"
  },
  {
    "implementation": "android/core/model/src/test/kotlin/com/meshcoreone/android/core/model/SourcePolicyCasesTest.kt",
    "sources": [
      "MC1Services/Tests/MC1ServicesTests/ChannelFloodScopeTests.swift",
      "MC1Services/Tests/MC1ServicesTests/Models/ChannelRegionScopeTests.swift",
      "MC1Services/Tests/MC1ServicesTests/Models/RegionScopeSemanticsTests.swift",
      "MC1Services/Tests/MC1ServicesTests/Models/ConnectionMethodTests.swift",
      "MC1Services/Tests/MC1ServicesTests/DevicePublicKeyDeduplicationTests.swift",
      "MC1Services/Tests/MC1ServicesTests/Utilities/DeviceIdentityTests.swift",
      "MC1Services/Tests/MC1ServicesTests/Utilities/VContactIdentityTests.swift"
    ],
    "android_only": [],
    "generated_inputs": [],
    "feature_acceptance": "not established by headers"
  },
  {
    "implementation": "android/core/model/src/test/kotlin/com/meshcoreone/android/core/model/TestValues.kt",
    "sources": [
      "MC1Services/Tests/MC1ServicesTests/Helpers/DeviceDTO+Testing.swift",
      "MC1Services/Tests/MC1ServicesTests/Helpers/ContactDTO+Testing.swift",
      "MC1Services/Tests/MC1ServicesTests/Helpers/ChannelDTO+Testing.swift",
      "MC1Services/Tests/MC1ServicesTests/Helpers/MessageDTO+Testing.swift",
      "MC1Services/Tests/MC1ServicesTests/Helpers/MessageRepeatDTO+Testing.swift",
      "MC1Services/Tests/MC1ServicesTests/Helpers/BlockedChannelSenderDTO+Testing.swift",
      "MC1Services/Tests/MC1ServicesTests/Helpers/ReactionDTO+Testing.swift",
      "MC1Services/Tests/MC1ServicesTests/Helpers/RemoteNodeSessionDTO+Testing.swift",
      "MC1Services/Tests/MC1ServicesTests/Helpers/RoomMessageDTO+Testing.swift",
      "MC1Services/Tests/MC1ServicesTests/Helpers/NodeStatusSnapshotDTO+Testing.swift",
      "MC1Services/Tests/MC1ServicesTests/Helpers/SavedTracePathDTO+Testing.swift"
    ],
    "android_only": [],
    "generated_inputs": [],
    "feature_acceptance": "not established by headers"
  },
  {
    "implementation": "android/core/protocol/src/main/kotlin/com/meshcoreone/android/core/protocol/bytes/ByteCursor.kt",
    "sources": [
      "MeshCore/Sources/MeshCore/Protocol/DataExtensions.swift"
    ],
    "android_only": [],
    "generated_inputs": [],
    "feature_acceptance": "not established by headers"
  },
  {
    "implementation": "android/core/protocol/src/main/kotlin/com/meshcoreone/android/core/protocol/bytes/Bytes.kt",
    "sources": [
      "MeshCore/Sources/MeshCore/Protocol/DataExtensions.swift"
    ],
    "android_only": [],
    "generated_inputs": [],
    "feature_acceptance": "not established by headers"
  },
  {
    "implementation": "android/core/protocol/src/main/kotlin/com/meshcoreone/android/core/protocol/command/PacketBuilder.kt",
    "sources": [
      "MeshCore/Sources/MeshCore/Protocol/PacketBuilder.swift"
    ],
    "android_only": [],
    "generated_inputs": [],
    "feature_acceptance": "not established by headers"
  },
  {
    "implementation": "android/core/protocol/src/main/kotlin/com/meshcoreone/android/core/protocol/config/MeshCoreException.kt",
    "sources": [
      "MeshCore/Sources/MeshCore/Session/SessionConfiguration.swift"
    ],
    "android_only": [],
    "generated_inputs": [],
    "feature_acceptance": "not established by headers"
  },
  {
    "implementation": "android/core/protocol/src/main/kotlin/com/meshcoreone/android/core/protocol/config/OtherParamsConfig.kt",
    "sources": [
      "MeshCore/Sources/MeshCore/Session/OtherParamsConfig.swift"
    ],
    "android_only": [],
    "generated_inputs": [],
    "feature_acceptance": "not established by headers"
  },
  {
    "implementation": "android/core/protocol/src/main/kotlin/com/meshcoreone/android/core/protocol/config/SessionConfiguration.kt",
    "sources": [
      "MeshCore/Sources/MeshCore/Session/SessionConfiguration.swift"
    ],
    "android_only": [],
    "generated_inputs": [],
    "feature_acceptance": "not established by headers"
  },
  {
    "implementation": "android/core/protocol/src/main/kotlin/com/meshcoreone/android/core/protocol/crypto/ChannelCrypto.kt",
    "sources": [
      "MeshCore/Sources/MeshCore/Protocol/ChannelCrypto.swift"
    ],
    "android_only": [],
    "generated_inputs": [],
    "feature_acceptance": "not established by headers"
  },
  {
    "implementation": "android/core/protocol/src/main/kotlin/com/meshcoreone/android/core/protocol/crypto/CryptoException.kt",
    "sources": [],
    "android_only": [
      "WP-102"
    ],
    "generated_inputs": [],
    "feature_acceptance": "not established by headers"
  },
  {
    "implementation": "android/core/protocol/src/main/kotlin/com/meshcoreone/android/core/protocol/crypto/DirectMessageCrypto.kt",
    "sources": [
      "MeshCore/Sources/MeshCore/Protocol/DirectMessageCrypto.swift"
    ],
    "android_only": [],
    "generated_inputs": [],
    "feature_acceptance": "not established by headers"
  },
  {
    "implementation": "android/core/protocol/src/main/kotlin/com/meshcoreone/android/core/protocol/crypto/Ed25519Crypto.kt",
    "sources": [],
    "android_only": [
      "WP-102"
    ],
    "generated_inputs": [],
    "feature_acceptance": "not established by headers"
  },
  {
    "implementation": "android/core/protocol/src/main/kotlin/com/meshcoreone/android/core/protocol/crypto/Ed25519ToX25519.kt",
    "sources": [
      "MeshCore/Sources/MeshCore/Protocol/Ed25519ToX25519.swift"
    ],
    "android_only": [],
    "generated_inputs": [],
    "feature_acceptance": "not established by headers"
  },
  {
    "implementation": "android/core/protocol/src/main/kotlin/com/meshcoreone/android/core/protocol/crypto/WireCrypto.kt",
    "sources": [
      "MeshCore/Sources/MeshCore/Protocol/ChannelCrypto.swift",
      "MeshCore/Sources/MeshCore/Protocol/DirectMessageCrypto.swift"
    ],
    "android_only": [],
    "generated_inputs": [],
    "feature_acceptance": "not established by headers"
  },
  {
    "implementation": "android/core/protocol/src/main/kotlin/com/meshcoreone/android/core/protocol/crypto/X25519Crypto.kt",
    "sources": [
      "MeshCore/Sources/MeshCore/Protocol/DirectMessageCrypto.swift"
    ],
    "android_only": [],
    "generated_inputs": [],
    "feature_acceptance": "not established by headers"
  },
  {
    "implementation": "android/core/protocol/src/main/kotlin/com/meshcoreone/android/core/protocol/event/ChannelPayloads.kt",
    "sources": [
      "MeshCore/Sources/MeshCore/Events/ChannelPayloads.swift"
    ],
    "android_only": [],
    "generated_inputs": [],
    "feature_acceptance": "not established by headers"
  },
  {
    "implementation": "android/core/protocol/src/main/kotlin/com/meshcoreone/android/core/protocol/event/ConnectionState.kt",
    "sources": [
      "MeshCore/Sources/MeshCore/Events/ConnectionState.swift"
    ],
    "android_only": [],
    "generated_inputs": [],
    "feature_acceptance": "not established by headers"
  },
  {
    "implementation": "android/core/protocol/src/main/kotlin/com/meshcoreone/android/core/protocol/event/ContactPayloads.kt",
    "sources": [
      "MeshCore/Sources/MeshCore/Events/ContactPayloads.swift"
    ],
    "android_only": [],
    "generated_inputs": [],
    "feature_acceptance": "not established by headers"
  },
  {
    "implementation": "android/core/protocol/src/main/kotlin/com/meshcoreone/android/core/protocol/event/DevicePayloads.kt",
    "sources": [
      "MeshCore/Sources/MeshCore/Events/DevicePayloads.swift"
    ],
    "android_only": [],
    "generated_inputs": [],
    "feature_acceptance": "not established by headers"
  },
  {
    "implementation": "android/core/protocol/src/main/kotlin/com/meshcoreone/android/core/protocol/event/DiagnosticsPayloads.kt",
    "sources": [
      "MeshCore/Sources/MeshCore/Events/DiagnosticsPayloads.swift"
    ],
    "android_only": [],
    "generated_inputs": [],
    "feature_acceptance": "not established by headers"
  },
  {
    "implementation": "android/core/protocol/src/main/kotlin/com/meshcoreone/android/core/protocol/event/EventDispatcher.kt",
    "sources": [
      "MeshCore/Sources/MeshCore/Events/EventDispatcher.swift"
    ],
    "android_only": [],
    "generated_inputs": [],
    "feature_acceptance": "not established by headers"
  },
  {
    "implementation": "android/core/protocol/src/main/kotlin/com/meshcoreone/android/core/protocol/event/EventEquality.kt",
    "sources": [],
    "android_only": [
      "WP-106"
    ],
    "generated_inputs": [],
    "feature_acceptance": "not established by headers"
  },
  {
    "implementation": "android/core/protocol/src/main/kotlin/com/meshcoreone/android/core/protocol/event/EventFilter.kt",
    "sources": [
      "MeshCore/Sources/MeshCore/Events/EventFilter.swift"
    ],
    "android_only": [],
    "generated_inputs": [],
    "feature_acceptance": "not established by headers"
  },
  {
    "implementation": "android/core/protocol/src/main/kotlin/com/meshcoreone/android/core/protocol/event/EventList.kt",
    "sources": [],
    "android_only": [
      "WP-106"
    ],
    "generated_inputs": [],
    "feature_acceptance": "not established by headers"
  },
  {
    "implementation": "android/core/protocol/src/main/kotlin/com/meshcoreone/android/core/protocol/event/MeshEvent.kt",
    "sources": [
      "MeshCore/Sources/MeshCore/Events/MeshEvent.swift"
    ],
    "android_only": [],
    "generated_inputs": [],
    "feature_acceptance": "not established by headers"
  },
  {
    "implementation": "android/core/protocol/src/main/kotlin/com/meshcoreone/android/core/protocol/event/MeshTransportError.kt",
    "sources": [
      "MeshCore/Sources/MeshCore/Events/MeshTransportError.swift"
    ],
    "android_only": [],
    "generated_inputs": [],
    "feature_acceptance": "not established by headers"
  },
  {
    "implementation": "android/core/protocol/src/main/kotlin/com/meshcoreone/android/core/protocol/event/MessageResult.kt",
    "sources": [
      "MeshCore/Sources/MeshCore/Session/SessionConfiguration.swift"
    ],
    "android_only": [],
    "generated_inputs": [],
    "feature_acceptance": "not established by headers"
  },
  {
    "implementation": "android/core/protocol/src/main/kotlin/com/meshcoreone/android/core/protocol/event/MessagingPayloads.kt",
    "sources": [
      "MeshCore/Sources/MeshCore/Events/MessagingPayloads.swift"
    ],
    "android_only": [],
    "generated_inputs": [],
    "feature_acceptance": "not established by headers"
  },
  {
    "implementation": "android/core/protocol/src/main/kotlin/com/meshcoreone/android/core/protocol/event/RemoteAdminPayloads.kt",
    "sources": [
      "MeshCore/Sources/MeshCore/Events/RemoteAdminPayloads.swift",
      "MeshCore/Sources/MeshCore/Events/NeighboursResponse+Pagination.swift"
    ],
    "android_only": [],
    "generated_inputs": [],
    "feature_acceptance": "not established by headers"
  },
  {
    "implementation": "android/core/protocol/src/main/kotlin/com/meshcoreone/android/core/protocol/event/RxLogTypes.kt",
    "sources": [
      "MeshCore/Sources/MeshCore/Protocol/RxLogTypes.swift"
    ],
    "android_only": [],
    "generated_inputs": [],
    "feature_acceptance": "not established by headers"
  },
  {
    "implementation": "android/core/protocol/src/main/kotlin/com/meshcoreone/android/core/protocol/event/StatsPayloads.kt",
    "sources": [
      "MeshCore/Sources/MeshCore/Events/StatsPayloads.swift"
    ],
    "android_only": [],
    "generated_inputs": [],
    "feature_acceptance": "not established by headers"
  },
  {
    "implementation": "android/core/protocol/src/main/kotlin/com/meshcoreone/android/core/protocol/lpp/LPPDecoder.kt",
    "sources": [
      "MeshCore/Sources/MeshCore/LPP/LPPDecoder.swift"
    ],
    "android_only": [],
    "generated_inputs": [],
    "feature_acceptance": "not established by headers"
  },
  {
    "implementation": "android/core/protocol/src/main/kotlin/com/meshcoreone/android/core/protocol/lpp/LPPDecodeResult.kt",
    "sources": [],
    "android_only": [
      "WP-105"
    ],
    "generated_inputs": [],
    "feature_acceptance": "not established by headers"
  },
  {
    "implementation": "android/core/protocol/src/main/kotlin/com/meshcoreone/android/core/protocol/lpp/LPPEncoder.kt",
    "sources": [
      "MeshCore/Sources/MeshCore/LPP/LPPEncoder.swift",
      "MeshCore/Sources/MeshCore/LPP/LPPDecoder.swift"
    ],
    "android_only": [],
    "generated_inputs": [],
    "feature_acceptance": "not established by headers"
  },
  {
    "implementation": "android/core/protocol/src/main/kotlin/com/meshcoreone/android/core/protocol/lpp/LPPEncodingException.kt",
    "sources": [],
    "android_only": [
      "WP-105"
    ],
    "generated_inputs": [],
    "feature_acceptance": "not established by headers"
  },
  {
    "implementation": "android/core/protocol/src/main/kotlin/com/meshcoreone/android/core/protocol/lpp/LPPSensorType.kt",
    "sources": [
      "MeshCore/Sources/MeshCore/LPP/LPPDecoder.swift"
    ],
    "android_only": [],
    "generated_inputs": [],
    "feature_acceptance": "not established by headers"
  },
  {
    "implementation": "android/core/protocol/src/main/kotlin/com/meshcoreone/android/core/protocol/lpp/LPPValue.kt",
    "sources": [
      "MeshCore/Sources/MeshCore/LPP/LPPDecoder.swift"
    ],
    "android_only": [],
    "generated_inputs": [],
    "feature_acceptance": "not established by headers"
  },
  {
    "implementation": "android/core/protocol/src/main/kotlin/com/meshcoreone/android/core/protocol/model/AutoAddConfig.kt",
    "sources": [
      "MeshCore/Sources/MeshCore/Events/DevicePayloads.swift"
    ],
    "android_only": [],
    "generated_inputs": [],
    "feature_acceptance": "not established by headers"
  },
  {
    "implementation": "android/core/protocol/src/main/kotlin/com/meshcoreone/android/core/protocol/model/Destination.kt",
    "sources": [
      "MeshCore/Sources/MeshCore/Models/Destination.swift"
    ],
    "android_only": [],
    "generated_inputs": [],
    "feature_acceptance": "not established by headers"
  },
  {
    "implementation": "android/core/protocol/src/main/kotlin/com/meshcoreone/android/core/protocol/model/DeviceInfo.kt",
    "sources": [
      "MeshCore/Sources/MeshCore/Models/DeviceInfo.swift"
    ],
    "android_only": [],
    "generated_inputs": [],
    "feature_acceptance": "not established by headers"
  },
  {
    "implementation": "android/core/protocol/src/main/kotlin/com/meshcoreone/android/core/protocol/model/MeshContact.kt",
    "sources": [
      "MeshCore/Sources/MeshCore/Models/Contact.swift",
      "MeshCore/Sources/MeshCore/Models/ContactTypes.swift"
    ],
    "android_only": [],
    "generated_inputs": [],
    "feature_acceptance": "not established by headers"
  },
  {
    "implementation": "android/core/protocol/src/main/kotlin/com/meshcoreone/android/core/protocol/model/PacketCodes.kt",
    "sources": [
      "MeshCore/Sources/MeshCore/Protocol/PacketCodes.swift",
      "MeshCore/Sources/MeshCore/Protocol/ErrorCode.swift"
    ],
    "android_only": [],
    "generated_inputs": [],
    "feature_acceptance": "not established by headers"
  },
  {
    "implementation": "android/core/protocol/src/main/kotlin/com/meshcoreone/android/core/protocol/model/PacketSize.kt",
    "sources": [
      "MeshCore/Sources/MeshCore/Protocol/PacketSize.swift"
    ],
    "android_only": [],
    "generated_inputs": [],
    "feature_acceptance": "not established by headers"
  },
  {
    "implementation": "android/core/protocol/src/main/kotlin/com/meshcoreone/android/core/protocol/model/PathEncoding.kt",
    "sources": [
      "MeshCore/Sources/MeshCore/Protocol/PathEncoding.swift"
    ],
    "android_only": [],
    "generated_inputs": [],
    "feature_acceptance": "not established by headers"
  },
  {
    "implementation": "android/core/protocol/src/main/kotlin/com/meshcoreone/android/core/protocol/parser/BinaryDecodeResult.kt",
    "sources": [],
    "android_only": [
      "WP-103"
    ],
    "generated_inputs": [],
    "feature_acceptance": "not established by headers"
  },
  {
    "implementation": "android/core/protocol/src/main/kotlin/com/meshcoreone/android/core/protocol/parser/BinaryParsers.kt",
    "sources": [
      "MeshCore/Sources/MeshCore/Protocol/ACLParser.swift",
      "MeshCore/Sources/MeshCore/Protocol/MMAParser.swift",
      "MeshCore/Sources/MeshCore/Protocol/NeighboursParser.swift"
    ],
    "android_only": [],
    "generated_inputs": [],
    "feature_acceptance": "not established by headers"
  },
  {
    "implementation": "android/core/protocol/src/main/kotlin/com/meshcoreone/android/core/protocol/parser/PacketParser.kt",
    "sources": [
      "MeshCore/Sources/MeshCore/Protocol/PacketParser.swift"
    ],
    "android_only": [],
    "generated_inputs": [],
    "feature_acceptance": "not established by headers"
  },
  {
    "implementation": "android/core/protocol/src/main/kotlin/com/meshcoreone/android/core/protocol/parser/Parsers.kt",
    "sources": [
      "MeshCore/Sources/MeshCore/Protocol/Parsers.swift",
      "MeshCore/Sources/MeshCore/Protocol/Parsers+Auth.swift",
      "MeshCore/Sources/MeshCore/Protocol/Parsers+Binary.swift",
      "MeshCore/Sources/MeshCore/Protocol/Parsers+Channels.swift",
      "MeshCore/Sources/MeshCore/Protocol/Parsers+Contacts.swift",
      "MeshCore/Sources/MeshCore/Protocol/Parsers+Device.swift",
      "MeshCore/Sources/MeshCore/Protocol/Parsers+Diagnostics.swift",
      "MeshCore/Sources/MeshCore/Protocol/Parsers+Messaging.swift",
      "MeshCore/Sources/MeshCore/Protocol/Parsers+Network.swift",
      "MeshCore/Sources/MeshCore/Protocol/Parsers+Stats.swift",
      "MeshCore/Sources/MeshCore/Protocol/Parsers+Status.swift"
    ],
    "android_only": [],
    "generated_inputs": [],
    "feature_acceptance": "not established by headers"
  },
  {
    "implementation": "android/core/protocol/src/main/kotlin/com/meshcoreone/android/core/protocol/parser/ParserText.kt",
    "sources": [
      "MeshCore/Sources/MeshCore/Protocol/Parsers.swift",
      "MeshCore/Sources/MeshCore/Protocol/Parsers+Messaging.swift"
    ],
    "android_only": [],
    "generated_inputs": [],
    "feature_acceptance": "not established by headers"
  },
  {
    "implementation": "android/core/protocol/src/main/kotlin/com/meshcoreone/android/core/protocol/parser/RegionsParser.kt",
    "sources": [
      "MeshCore/Sources/MeshCore/Protocol/RegionsParser.swift"
    ],
    "android_only": [],
    "generated_inputs": [],
    "feature_acceptance": "not established by headers"
  },
  {
    "implementation": "android/core/protocol/src/main/kotlin/com/meshcoreone/android/core/protocol/parser/RxLogParser.kt",
    "sources": [
      "MeshCore/Sources/MeshCore/Protocol/RxLogParser.swift"
    ],
    "android_only": [],
    "generated_inputs": [],
    "feature_acceptance": "not established by headers"
  },
  {
    "implementation": "android/core/protocol/src/main/kotlin/com/meshcoreone/android/core/protocol/parser/TransportCodeRegionResolver.kt",
    "sources": [
      "MeshCore/Sources/MeshCore/Protocol/TransportCodeRegionResolver.swift"
    ],
    "android_only": [],
    "generated_inputs": [],
    "feature_acceptance": "not established by headers"
  },
  {
    "implementation": "android/core/protocol/src/main/kotlin/com/meshcoreone/android/core/protocol/session/ChannelFetchResult.kt",
    "sources": [
      "MeshCore/Sources/MeshCore/Session/MeshCoreSession+Channels.swift"
    ],
    "android_only": [],
    "generated_inputs": [],
    "feature_acceptance": "not established by headers"
  },
  {
    "implementation": "android/core/protocol/src/main/kotlin/com/meshcoreone/android/core/protocol/session/ContactFetchResult.kt",
    "sources": [
      "MeshCore/Sources/MeshCore/Session/ContactFetchResult.swift"
    ],
    "android_only": [],
    "generated_inputs": [],
    "feature_acceptance": "not established by headers"
  },
  {
    "implementation": "android/core/protocol/src/main/kotlin/com/meshcoreone/android/core/protocol/session/ContactManager.kt",
    "sources": [
      "MeshCore/Sources/MeshCore/Session/ContactManager.swift"
    ],
    "android_only": [],
    "generated_inputs": [],
    "feature_acceptance": "not established by headers"
  },
  {
    "implementation": "android/core/protocol/src/main/kotlin/com/meshcoreone/android/core/protocol/session/MeshCoreSession.kt",
    "sources": [
      "MeshCore/Sources/MeshCore/Session/MeshCoreSession.swift",
      "MeshCore/Sources/MeshCore/Session/MeshCoreSession+DeviceConfig.swift",
      "MeshCore/Sources/MeshCore/Session/MeshCoreSession+Contacts.swift",
      "MeshCore/Sources/MeshCore/Session/MeshCoreSession+Channels.swift",
      "MeshCore/Sources/MeshCore/Session/MeshCoreSession+Messaging.swift",
      "MeshCore/Sources/MeshCore/Session/MeshCoreSession+EventWaiting.swift",
      "MeshCore/Sources/MeshCore/Session/MeshCoreSession+Signing.swift"
    ],
    "android_only": [],
    "generated_inputs": [],
    "feature_acceptance": "not established by headers"
  },
  {
    "implementation": "android/core/protocol/src/main/kotlin/com/meshcoreone/android/core/protocol/session/RequestContext.kt",
    "sources": [
      "MeshCore/Sources/MeshCore/Session/RequestContext.swift"
    ],
    "android_only": [],
    "generated_inputs": [],
    "feature_acceptance": "not established by headers"
  },
  {
    "implementation": "android/core/protocol/src/main/kotlin/com/meshcoreone/android/core/protocol/session/SessionBinaryOperations.kt",
    "sources": [
      "MeshCore/Sources/MeshCore/Session/MeshCoreSession+BinaryProtocol.swift",
      "MeshCore/Sources/MeshCore/Session/MeshCoreSession+Regions.swift"
    ],
    "android_only": [],
    "generated_inputs": [],
    "feature_acceptance": "not established by headers"
  },
  {
    "implementation": "android/core/protocol/src/main/kotlin/com/meshcoreone/android/core/protocol/session/SessionChannelOperations.kt",
    "sources": [
      "MeshCore/Sources/MeshCore/Session/MeshCoreSession+Channels.swift"
    ],
    "android_only": [],
    "generated_inputs": [],
    "feature_acceptance": "not established by headers"
  },
  {
    "implementation": "android/core/protocol/src/main/kotlin/com/meshcoreone/android/core/protocol/session/SessionClock.kt",
    "sources": [],
    "android_only": [
      "WP-107"
    ],
    "generated_inputs": [],
    "feature_acceptance": "not established by headers"
  },
  {
    "implementation": "android/core/protocol/src/main/kotlin/com/meshcoreone/android/core/protocol/session/SessionContactOperations.kt",
    "sources": [
      "MeshCore/Sources/MeshCore/Session/MeshCoreSession+Contacts.swift"
    ],
    "android_only": [],
    "generated_inputs": [],
    "feature_acceptance": "not established by headers"
  },
  {
    "implementation": "android/core/protocol/src/main/kotlin/com/meshcoreone/android/core/protocol/session/SessionCore.kt",
    "sources": [
      "MeshCore/Sources/MeshCore/Session/MeshCoreSession.swift",
      "MeshCore/Sources/MeshCore/Session/MeshCoreSession+EventWaiting.swift"
    ],
    "android_only": [],
    "generated_inputs": [],
    "feature_acceptance": "not established by headers"
  },
  {
    "implementation": "android/core/protocol/src/main/kotlin/com/meshcoreone/android/core/protocol/session/SessionDiagnostics.kt",
    "sources": [],
    "android_only": [
      "WP-107"
    ],
    "generated_inputs": [],
    "feature_acceptance": "not established by headers"
  },
  {
    "implementation": "android/core/protocol/src/main/kotlin/com/meshcoreone/android/core/protocol/session/SessionMessagingOperations.kt",
    "sources": [
      "MeshCore/Sources/MeshCore/Session/MeshCoreSession+Messaging.swift"
    ],
    "android_only": [],
    "generated_inputs": [],
    "feature_acceptance": "not established by headers"
  },
  {
    "implementation": "android/core/protocol/src/main/kotlin/com/meshcoreone/android/core/protocol/session/SessionRoles.kt",
    "sources": [
      "MeshCore/Sources/MeshCore/Protocols/AdvertisingSessionOps.swift",
      "MeshCore/Sources/MeshCore/Protocols/ChannelSessionOps.swift",
      "MeshCore/Sources/MeshCore/Protocols/ConfigurationSessionOps.swift",
      "MeshCore/Sources/MeshCore/Protocols/ContactSessionOps.swift",
      "MeshCore/Sources/MeshCore/Protocols/DiagnosticsSessionOps.swift",
      "MeshCore/Sources/MeshCore/Protocols/MeshCoreSessionProtocol.swift",
      "MeshCore/Sources/MeshCore/Protocols/MessageFetchSessionOps.swift",
      "MeshCore/Sources/MeshCore/Protocols/MessagingSessionOps.swift",
      "MeshCore/Sources/MeshCore/Protocols/RemoteAccessSessionOps.swift",
      "MeshCore/Sources/MeshCore/Protocols/SessionEventStreaming.swift"
    ],
    "android_only": [],
    "generated_inputs": [],
    "feature_acceptance": "not established by headers"
  },
  {
    "implementation": "android/core/protocol/src/main/kotlin/com/meshcoreone/android/core/protocol/session/SessionSigningOperations.kt",
    "sources": [
      "MeshCore/Sources/MeshCore/Session/MeshCoreSession+Signing.swift"
    ],
    "android_only": [],
    "generated_inputs": [],
    "feature_acceptance": "not established by headers"
  },
  {
    "implementation": "android/core/protocol/src/main/kotlin/com/meshcoreone/android/core/protocol/session/SessionTransportOwnership.kt",
    "sources": [],
    "android_only": [
      "WP-107"
    ],
    "generated_inputs": [],
    "feature_acceptance": "not established by headers"
  },
  {
    "implementation": "android/core/protocol/src/main/kotlin/com/meshcoreone/android/core/protocol/session/StreamProgressTracker.kt",
    "sources": [
      "MeshCore/Sources/MeshCore/Session/StreamProgressTracker.swift"
    ],
    "android_only": [],
    "generated_inputs": [],
    "feature_acceptance": "not established by headers"
  },
  {
    "implementation": "android/core/protocol/src/main/kotlin/com/meshcoreone/android/core/protocol/transport/MeshTransport.kt",
    "sources": [
      "MeshCore/Sources/MeshCore/Transport/MeshTransport.swift"
    ],
    "android_only": [],
    "generated_inputs": [],
    "feature_acceptance": "not established by headers"
  },
  {
    "implementation": "android/core/protocol/src/main/kotlin/com/meshcoreone/android/core/protocol/transport/mock/MockTransport.kt",
    "sources": [
      "MeshCore/Sources/MeshCore/Transport/MockTransport.swift"
    ],
    "android_only": [],
    "generated_inputs": [],
    "feature_acceptance": "not established by headers"
  },
  {
    "implementation": "android/core/protocol/src/main/kotlin/com/meshcoreone/android/core/protocol/transport/tcp/WiFiFrameCodec.kt",
    "sources": [
      "MeshCore/Sources/MeshCore/Transport/WiFiFrameCodec.swift"
    ],
    "android_only": [],
    "generated_inputs": [],
    "feature_acceptance": "not established by headers"
  },
  {
    "implementation": "android/core/protocol/src/main/kotlin/com/meshcoreone/android/core/protocol/transport/tcp/WiFiTransport.kt",
    "sources": [
      "MeshCore/Sources/MeshCore/Transport/WiFiTransport.swift",
      "docs/guides/WiFi_Transport.md"
    ],
    "android_only": [],
    "generated_inputs": [],
    "feature_acceptance": "not established by headers"
  },
  {
    "implementation": "android/core/protocol/src/main/kotlin/com/meshcoreone/android/core/protocol/transport/tcp/WiFiTransportDiagnostics.kt",
    "sources": [],
    "android_only": [
      "WP-108"
    ],
    "generated_inputs": [],
    "feature_acceptance": "not established by headers"
  },
  {
    "implementation": "android/core/protocol/src/main/kotlin/com/meshcoreone/android/core/protocol/transport/tcp/WiFiTransportError.kt",
    "sources": [
      "MeshCore/Sources/MeshCore/Transport/WiFiTransport.swift"
    ],
    "android_only": [],
    "generated_inputs": [],
    "feature_acceptance": "not established by headers"
  },
  {
    "implementation": "android/core/protocol/src/test/kotlin/com/meshcoreone/android/core/protocol/command/ContactAndRadioCommandsTest.kt",
    "sources": [
      "MeshCore/Tests/MeshCoreTests/Protocol/UpdateContactTests.swift",
      "MeshCore/Tests/MeshCoreTests/Validation/RoundTripTests.swift"
    ],
    "android_only": [],
    "generated_inputs": [],
    "feature_acceptance": "not established by headers"
  },
  {
    "implementation": "android/core/protocol/src/test/kotlin/com/meshcoreone/android/core/protocol/command/NewCommandsTest.kt",
    "sources": [
      "MeshCore/Tests/MeshCoreTests/Protocol/NewCommandsTests.swift",
      "MeshCore/Tests/MeshCoreTests/Protocol/FactoryResetTests.swift",
      "MeshCore/Tests/MeshCoreTests/Protocol/V112ProtocolTests.swift"
    ],
    "android_only": [],
    "generated_inputs": [],
    "feature_acceptance": "not established by headers"
  },
  {
    "implementation": "android/core/protocol/src/test/kotlin/com/meshcoreone/android/core/protocol/command/PacketBoundaryTest.kt",
    "sources": [
      "MeshCore/Sources/MeshCore/Protocol/PacketBuilder.swift"
    ],
    "android_only": [],
    "generated_inputs": [],
    "feature_acceptance": "not established by headers"
  },
  {
    "implementation": "android/core/protocol/src/test/kotlin/com/meshcoreone/android/core/protocol/command/PacketReferenceTest.kt",
    "sources": [
      "MeshCore/Tests/MeshCoreTests/Fixtures/PythonReferenceBytes.swift"
    ],
    "android_only": [],
    "generated_inputs": [],
    "feature_acceptance": "not established by headers"
  },
  {
    "implementation": "android/core/protocol/src/test/kotlin/com/meshcoreone/android/core/protocol/command/V115CommandsTest.kt",
    "sources": [
      "MeshCore/Tests/MeshCoreTests/Protocol/V115CommandsTests.swift"
    ],
    "android_only": [],
    "generated_inputs": [],
    "feature_acceptance": "not established by headers"
  },
  {
    "implementation": "android/core/protocol/src/test/kotlin/com/meshcoreone/android/core/protocol/crypto/ChannelCryptoTest.kt",
    "sources": [
      "MeshCore/Tests/MeshCoreTests/ChannelCryptoTests.swift"
    ],
    "android_only": [],
    "generated_inputs": [],
    "feature_acceptance": "not established by headers"
  },
  {
    "implementation": "android/core/protocol/src/test/kotlin/com/meshcoreone/android/core/protocol/crypto/CryptoFailureTest.kt",
    "sources": [],
    "android_only": [
      "WP-102"
    ],
    "generated_inputs": [],
    "feature_acceptance": "not established by headers"
  },
  {
    "implementation": "android/core/protocol/src/test/kotlin/com/meshcoreone/android/core/protocol/crypto/CryptoFixtures.kt",
    "sources": [],
    "android_only": [
      "WP-102"
    ],
    "generated_inputs": [],
    "feature_acceptance": "not established by headers"
  },
  {
    "implementation": "android/core/protocol/src/test/kotlin/com/meshcoreone/android/core/protocol/crypto/CurveCryptoTest.kt",
    "sources": [],
    "android_only": [
      "WP-102"
    ],
    "generated_inputs": [],
    "feature_acceptance": "not established by headers"
  },
  {
    "implementation": "android/core/protocol/src/test/kotlin/com/meshcoreone/android/core/protocol/crypto/DirectMessageCryptoTest.kt",
    "sources": [
      "MeshCore/Tests/MeshCoreTests/DirectMessageCryptoTests.swift"
    ],
    "android_only": [],
    "generated_inputs": [],
    "feature_acceptance": "not established by headers"
  },
  {
    "implementation": "android/core/protocol/src/test/kotlin/com/meshcoreone/android/core/protocol/crypto/Ed25519ToX25519Test.kt",
    "sources": [
      "MeshCore/Tests/MeshCoreTests/Ed25519ToX25519Tests.swift"
    ],
    "android_only": [],
    "generated_inputs": [],
    "feature_acceptance": "not established by headers"
  },
  {
    "implementation": "android/core/protocol/src/test/kotlin/com/meshcoreone/android/core/protocol/crypto/IndependentMessageVectorTest.kt",
    "sources": [],
    "android_only": [
      "WP-102"
    ],
    "generated_inputs": [],
    "feature_acceptance": "not established by headers"
  },
  {
    "implementation": "android/core/protocol/src/test/kotlin/com/meshcoreone/android/core/protocol/crypto/PinnedCryptoInputsTest.kt",
    "sources": [],
    "android_only": [
      "WP-102"
    ],
    "generated_inputs": [],
    "feature_acceptance": "not established by headers"
  },
  {
    "implementation": "android/core/protocol/src/test/kotlin/com/meshcoreone/android/core/protocol/crypto/WireCryptoTest.kt",
    "sources": [],
    "android_only": [
      "WP-102"
    ],
    "generated_inputs": [],
    "feature_acceptance": "not established by headers"
  },
  {
    "implementation": "android/core/protocol/src/test/kotlin/com/meshcoreone/android/core/protocol/event/EventDispatcherTest.kt",
    "sources": [
      "MeshCore/Tests/MeshCoreTests/Events/EventDispatcherDropTests.swift",
      "MeshCore/Tests/MeshCoreTests/Events/EventDispatcherFilteredSubscriptionTests.swift",
      "MeshCore/Sources/MeshCore/Events/EventDispatcher.swift"
    ],
    "android_only": [],
    "generated_inputs": [],
    "feature_acceptance": "not established by headers"
  },
  {
    "implementation": "android/core/protocol/src/test/kotlin/com/meshcoreone/android/core/protocol/event/EventFilterTest.kt",
    "sources": [
      "MeshCore/Tests/MeshCoreTests/Events/EventFilterAnyAcknowledgementTests.swift",
      "MeshCore/Tests/MeshCoreTests/Events/EventFilterFactoryTests.swift",
      "MeshCore/Sources/MeshCore/Events/EventFilter.swift"
    ],
    "android_only": [],
    "generated_inputs": [],
    "feature_acceptance": "not established by headers"
  },
  {
    "implementation": "android/core/protocol/src/test/kotlin/com/meshcoreone/android/core/protocol/event/EventPayloadTest.kt",
    "sources": [
      "MeshCore/Sources/MeshCore/Events/MeshEvent.swift",
      "MeshCore/Sources/MeshCore/Events/DiagnosticsPayloads.swift",
      "MeshCore/Sources/MeshCore/Events/RemoteAdminPayloads.swift",
      "MeshCore/Tests/MeshCoreTests/Events/MeshEventErrorCodeTests.swift"
    ],
    "android_only": [],
    "generated_inputs": [],
    "feature_acceptance": "not established by headers"
  },
  {
    "implementation": "android/core/protocol/src/test/kotlin/com/meshcoreone/android/core/protocol/event/NeighboursPaginationTest.kt",
    "sources": [
      "MeshCore/Sources/MeshCore/Events/NeighboursResponse+Pagination.swift"
    ],
    "android_only": [],
    "generated_inputs": [],
    "feature_acceptance": "not established by headers"
  },
  {
    "implementation": "android/core/protocol/src/test/kotlin/com/meshcoreone/android/core/protocol/event/PinnedEventVocabularyTest.kt",
    "sources": [
      "MeshCore/Sources/MeshCore/Events/MeshEvent.swift",
      "MeshCore/Sources/MeshCore/Events/EventFilter.swift",
      "MeshCore/Sources/MeshCore/Protocol/RxLogTypes.swift"
    ],
    "android_only": [],
    "generated_inputs": [],
    "feature_acceptance": "not established by headers"
  },
  {
    "implementation": "android/core/protocol/src/test/kotlin/com/meshcoreone/android/core/protocol/lpp/LPPEdgeCaseTest.kt",
    "sources": [
      "MeshCore/Sources/MeshCore/LPP/LPPEncoder.swift",
      "MeshCore/Sources/MeshCore/LPP/LPPDecoder.swift"
    ],
    "android_only": [],
    "generated_inputs": [],
    "feature_acceptance": "not established by headers"
  },
  {
    "implementation": "android/core/protocol/src/test/kotlin/com/meshcoreone/android/core/protocol/lpp/LPPGoldenVectors.kt",
    "sources": [
      "MeshCore/Sources/MeshCore/LPP/LPPDecoder.swift",
      "MeshCore/Tests/MeshCoreTests/Fixtures/PythonReferenceBytes.swift"
    ],
    "android_only": [],
    "generated_inputs": [],
    "feature_acceptance": "not established by headers"
  },
  {
    "implementation": "android/core/protocol/src/test/kotlin/com/meshcoreone/android/core/protocol/lpp/LPPGoldenVectorTest.kt",
    "sources": [
      "MeshCore/Sources/MeshCore/LPP/LPPEncoder.swift",
      "MeshCore/Sources/MeshCore/LPP/LPPDecoder.swift"
    ],
    "android_only": [],
    "generated_inputs": [],
    "feature_acceptance": "not established by headers"
  },
  {
    "implementation": "android/core/protocol/src/test/kotlin/com/meshcoreone/android/core/protocol/lpp/LPPMalformedTest.kt",
    "sources": [
      "MeshCore/Sources/MeshCore/LPP/LPPDecoder.swift"
    ],
    "android_only": [],
    "generated_inputs": [],
    "feature_acceptance": "not established by headers"
  },
  {
    "implementation": "android/core/protocol/src/test/kotlin/com/meshcoreone/android/core/protocol/lpp/LPPPythonReferenceTest.kt",
    "sources": [
      "MeshCore/Tests/MeshCoreTests/Validation/LPPPythonReferenceTests.swift",
      "MeshCore/Tests/MeshCoreTests/Fixtures/PythonReferenceBytes.swift"
    ],
    "android_only": [],
    "generated_inputs": [],
    "feature_acceptance": "not established by headers"
  },
  {
    "implementation": "android/core/protocol/src/test/kotlin/com/meshcoreone/android/core/protocol/lpp/LPPSensorTypeTest.kt",
    "sources": [
      "MeshCore/Sources/MeshCore/LPP/LPPDecoder.swift"
    ],
    "android_only": [],
    "generated_inputs": [],
    "feature_acceptance": "not established by headers"
  },
  {
    "implementation": "android/core/protocol/src/test/kotlin/com/meshcoreone/android/core/protocol/lpp/LPPValueTest.kt",
    "sources": [
      "MeshCore/Sources/MeshCore/LPP/LPPDecoder.swift",
      "MeshCore/Sources/MeshCore/LPP/LPPEncoder.swift"
    ],
    "android_only": [],
    "generated_inputs": [],
    "feature_acceptance": "not established by headers"
  },
  {
    "implementation": "android/core/protocol/src/test/kotlin/com/meshcoreone/android/core/protocol/lpp/PinnedLPPInputsTest.kt",
    "sources": [],
    "android_only": [
      "WP-105"
    ],
    "generated_inputs": [],
    "feature_acceptance": "not established by headers"
  },
  {
    "implementation": "android/core/protocol/src/test/kotlin/com/meshcoreone/android/core/protocol/lpp/PythonLPPReferenceBytes.kt",
    "sources": [
      "MeshCore/Tests/MeshCoreTests/Fixtures/PythonReferenceBytes.swift"
    ],
    "android_only": [],
    "generated_inputs": [],
    "feature_acceptance": "not established by headers"
  },
  {
    "implementation": "android/core/protocol/src/test/kotlin/com/meshcoreone/android/core/protocol/parity/TcpOwnershipParityTest.kt",
    "sources": [],
    "android_only": [
      "WP-109"
    ],
    "generated_inputs": [],
    "feature_acceptance": "not established by headers"
  },
  {
    "implementation": "android/core/protocol/src/test/kotlin/com/meshcoreone/android/core/protocol/parser/CrossComponentParserCasesTest.kt",
    "sources": [
      "MeshCore/Tests/MeshCoreTests/Protocol/V112ProtocolTests.swift",
      "MeshCore/Tests/MeshCoreTests/Validation/RoundTripTests.swift",
      "MeshCore/Tests/MeshCoreTests/Events/MeshEventErrorCodeTests.swift"
    ],
    "android_only": [],
    "generated_inputs": [],
    "feature_acceptance": "not established by headers"
  },
  {
    "implementation": "android/core/protocol/src/test/kotlin/com/meshcoreone/android/core/protocol/parser/OriginalBugFixCasesTest.kt",
    "sources": [
      "MeshCore/Tests/MeshCoreTests/Validation/ProtocolBugFixTests.swift"
    ],
    "android_only": [],
    "generated_inputs": [],
    "feature_acceptance": "not established by headers"
  },
  {
    "implementation": "android/core/protocol/src/test/kotlin/com/meshcoreone/android/core/protocol/parser/OriginalPythonReferenceCasesTest.kt",
    "sources": [
      "MeshCore/Tests/MeshCoreTests/Validation/PythonReferenceTests.swift",
      "MeshCore/Tests/MeshCoreTests/Fixtures/PythonReferenceBytes.swift"
    ],
    "android_only": [],
    "generated_inputs": [],
    "feature_acceptance": "not established by headers"
  },
  {
    "implementation": "android/core/protocol/src/test/kotlin/com/meshcoreone/android/core/protocol/parser/OriginalRegionsCasesTest.kt",
    "sources": [
      "MeshCore/Tests/MeshCoreTests/Protocol/FloodScopeMappingTests.swift",
      "MeshCore/Tests/MeshCoreTests/Protocol/RegionTests.swift"
    ],
    "android_only": [],
    "generated_inputs": [],
    "feature_acceptance": "not established by headers"
  },
  {
    "implementation": "android/core/protocol/src/test/kotlin/com/meshcoreone/android/core/protocol/parser/OriginalResponseCasesTest.kt",
    "sources": [
      "MeshCore/Tests/MeshCoreTests/Protocol/AckParsingTests.swift",
      "MeshCore/Tests/MeshCoreTests/Protocol/ContactNameDecodingTests.swift",
      "MeshCore/Tests/MeshCoreTests/Protocol/LoginSuccessParserTests.swift",
      "MeshCore/Tests/MeshCoreTests/Validation/DeviceInfoParsingTests.swift",
      "MeshCore/Tests/MeshCoreTests/Validation/DiscoverResponseParsingTests.swift",
      "MeshCore/Tests/MeshCoreTests/Validation/NewResponseParsingTests.swift",
      "MeshCore/Tests/MeshCoreTests/Validation/PathDiscoveryParsingTests.swift",
      "MeshCore/Tests/MeshCoreTests/Validation/RawDataParsingTests.swift",
      "MeshCore/Tests/MeshCoreTests/Validation/TelemetryParsingTests.swift",
      "MeshCore/Tests/MeshCoreTests/Validation/TraceDataParsingTests.swift",
      "MeshCore/Tests/MeshCoreTests/Validation/V115ParsingTests.swift"
    ],
    "android_only": [],
    "generated_inputs": [],
    "feature_acceptance": "not established by headers"
  },
  {
    "implementation": "android/core/protocol/src/test/kotlin/com/meshcoreone/android/core/protocol/parser/OriginalRxLogCasesTest.kt",
    "sources": [
      "MeshCore/Tests/MeshCoreTests/RxLogParserTests.swift",
      "MeshCore/Tests/MeshCoreTests/RxLogTypesTests.swift",
      "MeshCore/Tests/MeshCoreTests/TransportCodeRegionResolverTests.swift"
    ],
    "android_only": [],
    "generated_inputs": [],
    "feature_acceptance": "not established by headers"
  },
  {
    "implementation": "android/core/protocol/src/test/kotlin/com/meshcoreone/android/core/protocol/parser/ParserBoundaryTest.kt",
    "sources": [
      "MeshCore/Sources/MeshCore/Protocol/PacketParser.swift",
      "MeshCore/Sources/MeshCore/Protocol/Parsers+Contacts.swift",
      "MeshCore/Sources/MeshCore/Protocol/Parsers+Status.swift"
    ],
    "android_only": [],
    "generated_inputs": [],
    "feature_acceptance": "not established by headers"
  },
  {
    "implementation": "android/core/protocol/src/test/kotlin/com/meshcoreone/android/core/protocol/parser/ParserTestSupport.kt",
    "sources": [],
    "android_only": [
      "WP-103"
    ],
    "generated_inputs": [],
    "feature_acceptance": "not established by headers"
  },
  {
    "implementation": "android/core/protocol/src/test/kotlin/com/meshcoreone/android/core/protocol/parser/PythonReferenceVectorsTest.kt",
    "sources": [],
    "android_only": [
      "WP-103"
    ],
    "generated_inputs": [],
    "feature_acceptance": "not established by headers"
  },
  {
    "implementation": "android/core/protocol/src/test/kotlin/com/meshcoreone/android/core/protocol/parser/TransportParserIntegrationTest.kt",
    "sources": [],
    "android_only": [
      "WP-103"
    ],
    "generated_inputs": [],
    "feature_acceptance": "not established by headers"
  },
  {
    "implementation": "android/core/protocol/src/test/kotlin/com/meshcoreone/android/core/protocol/primitives/BytesTest.kt",
    "sources": [
      "MeshCore/Tests/MeshCoreTests/Protocol/DataExtensionsTests.swift",
      "MC1Tests/Extensions/DataExtensionsTests.swift"
    ],
    "android_only": [],
    "generated_inputs": [],
    "feature_acceptance": "not established by headers"
  },
  {
    "implementation": "android/core/protocol/src/test/kotlin/com/meshcoreone/android/core/protocol/primitives/DisplayBytes.kt",
    "sources": [
      "MC1Services/Sources/MC1Services/Extensions/Data+Extensions.swift"
    ],
    "android_only": [],
    "generated_inputs": [],
    "feature_acceptance": "not established by headers"
  },
  {
    "implementation": "android/core/protocol/src/test/kotlin/com/meshcoreone/android/core/protocol/primitives/PathEncodingTest.kt",
    "sources": [
      "MeshCore/Tests/MeshCoreTests/Protocol/DecodePathLenTests.swift"
    ],
    "android_only": [],
    "generated_inputs": [],
    "feature_acceptance": "not established by headers"
  },
  {
    "implementation": "android/core/protocol/src/test/kotlin/com/meshcoreone/android/core/protocol/primitives/TransportDefaultsTest.kt",
    "sources": [
      "MeshCore/Tests/MeshCoreTests/Transport/MeshTransportDefaultsTests.swift"
    ],
    "android_only": [],
    "generated_inputs": [],
    "feature_acceptance": "not established by headers"
  },
  {
    "implementation": "android/core/protocol/src/test/kotlin/com/meshcoreone/android/core/protocol/primitives/ValueModelsTest.kt",
    "sources": [
      "MeshCore/Sources/MeshCore/Models/Contact.swift",
      "MeshCore/Sources/MeshCore/Models/ContactTypes.swift",
      "MeshCore/Sources/MeshCore/Models/Destination.swift",
      "MeshCore/Sources/MeshCore/Models/DeviceInfo.swift",
      "MeshCore/Sources/MeshCore/Session/SessionConfiguration.swift",
      "MeshCore/Sources/MeshCore/Session/OtherParamsConfig.swift"
    ],
    "android_only": [],
    "generated_inputs": [],
    "feature_acceptance": "not established by headers"
  },
  {
    "implementation": "android/core/protocol/src/test/kotlin/com/meshcoreone/android/core/protocol/primitives/WireTablesTest.kt",
    "sources": [
      "MeshCore/Sources/MeshCore/Protocol/PacketCodes.swift",
      "MeshCore/Sources/MeshCore/Protocol/ErrorCode.swift",
      "MeshCore/Sources/MeshCore/Protocol/PacketSize.swift"
    ],
    "android_only": [],
    "generated_inputs": [],
    "feature_acceptance": "not established by headers"
  },
  {
    "implementation": "android/core/protocol/src/test/kotlin/com/meshcoreone/android/core/protocol/session/CrossComponentSessionCasesTest.kt",
    "sources": [
      "MeshCore/Tests/MeshCoreTests/Protocol/RegionTests.swift",
      "MeshCore/Tests/MeshCoreTests/Validation/ProtocolBugFixTests.swift",
      "MeshCore/Tests/MeshCoreTests/Protocol/V112ProtocolTests.swift",
      "MeshCore/Tests/MeshCoreTests/Events/EventDispatcherFilteredSubscriptionTests.swift",
      "MeshCore/Tests/MeshCoreTests/Protocol/UpdateContactTests.swift"
    ],
    "android_only": [],
    "generated_inputs": [],
    "feature_acceptance": "not established by headers"
  },
  {
    "implementation": "android/core/protocol/src/test/kotlin/com/meshcoreone/android/core/protocol/session/OriginalChannelCasesTest.kt",
    "sources": [
      "MeshCore/Tests/MeshCoreTests/Session/MeshCoreSessionGetChannelsTests.swift",
      "MeshCore/Tests/MeshCoreTests/Session/V115SessionMethodsTests.swift"
    ],
    "android_only": [],
    "generated_inputs": [],
    "feature_acceptance": "not established by headers"
  },
  {
    "implementation": "android/core/protocol/src/test/kotlin/com/meshcoreone/android/core/protocol/session/OriginalContactsAndSettingsCasesTest.kt",
    "sources": [
      "MeshCore/Tests/MeshCoreTests/Session/AutoContactRefreshTests.swift",
      "MeshCore/Tests/MeshCoreTests/Session/OtherParamsSerializationTests.swift"
    ],
    "android_only": [],
    "generated_inputs": [],
    "feature_acceptance": "not established by headers"
  },
  {
    "implementation": "android/core/protocol/src/test/kotlin/com/meshcoreone/android/core/protocol/session/OriginalCorrelationCasesTest.kt",
    "sources": [
      "MeshCore/Tests/MeshCoreTests/Session/MeshCoreSessionCommandCorrelationTests.swift"
    ],
    "android_only": [],
    "generated_inputs": [],
    "feature_acceptance": "not established by headers"
  },
  {
    "implementation": "android/core/protocol/src/test/kotlin/com/meshcoreone/android/core/protocol/session/OriginalLifecycleCasesTest.kt",
    "sources": [
      "MeshCore/Tests/MeshCoreTests/Session/ConnectionStateTests.swift",
      "MeshCore/Tests/MeshCoreTests/Session/BinaryRequestTimeoutTests.swift",
      "MC1Services/Tests/MC1ServicesTests/MeshCoreSessionStopTests.swift"
    ],
    "android_only": [],
    "generated_inputs": [],
    "feature_acceptance": "not established by headers"
  },
  {
    "implementation": "android/core/protocol/src/test/kotlin/com/meshcoreone/android/core/protocol/session/OriginalMessageCasesTest.kt",
    "sources": [
      "MeshCore/Tests/MeshCoreTests/Session/AutoMessageFetchTests.swift",
      "MeshCore/Tests/MeshCoreTests/Session/GetMessageCoalescingTests.swift",
      "MeshCore/Tests/MeshCoreTests/Session/GetMessageSerializationTests.swift",
      "MeshCore/Tests/MeshCoreTests/Session/GetMessageTimeoutTests.swift",
      "MeshCore/Tests/MeshCoreTests/Session/V115GetMessageTests.swift"
    ],
    "android_only": [],
    "generated_inputs": [],
    "feature_acceptance": "not established by headers"
  },
  {
    "implementation": "android/core/protocol/src/test/kotlin/com/meshcoreone/android/core/protocol/session/ProtocolErrorReferenceTest.kt",
    "sources": [
      "MC1Services/Sources/MC1Services/Errors/ProtocolError.swift"
    ],
    "android_only": [],
    "generated_inputs": [],
    "feature_acceptance": "not established by headers"
  },
  {
    "implementation": "android/core/protocol/src/test/kotlin/com/meshcoreone/android/core/protocol/session/ReviewedSessionRegressionTest.kt",
    "sources": [],
    "android_only": [
      "WP-107"
    ],
    "generated_inputs": [],
    "feature_acceptance": "not established by headers"
  },
  {
    "implementation": "android/core/protocol/src/test/kotlin/com/meshcoreone/android/core/protocol/session/SessionBoundaryCasesTest.kt",
    "sources": [],
    "android_only": [
      "WP-107"
    ],
    "generated_inputs": [],
    "feature_acceptance": "not established by headers"
  },
  {
    "implementation": "android/core/protocol/src/test/kotlin/com/meshcoreone/android/core/protocol/session/SessionCompoundAndBoundaryTest.kt",
    "sources": [],
    "android_only": [
      "WP-107"
    ],
    "generated_inputs": [],
    "feature_acceptance": "not established by headers"
  },
  {
    "implementation": "android/core/protocol/src/test/kotlin/com/meshcoreone/android/core/protocol/session/SessionOperationCasesTest.kt",
    "sources": [],
    "android_only": [
      "WP-107"
    ],
    "generated_inputs": [],
    "feature_acceptance": "not established by headers"
  },
  {
    "implementation": "android/core/protocol/src/test/kotlin/com/meshcoreone/android/core/protocol/session/SessionReferenceVectorsTest.kt",
    "sources": [
      "MeshCore/Tests/MeshCoreTests/Fixtures/PythonReferenceBytes.swift"
    ],
    "android_only": [],
    "generated_inputs": [],
    "feature_acceptance": "not established by headers"
  },
  {
    "implementation": "android/core/protocol/src/test/kotlin/com/meshcoreone/android/core/protocol/session/SessionRoleConsumerTest.kt",
    "sources": [
      "MC1Services/Tests/MC1ServicesTests/Mocks/MockMeshCoreSession.swift"
    ],
    "android_only": [],
    "generated_inputs": [],
    "feature_acceptance": "not established by headers"
  },
  {
    "implementation": "android/core/protocol/src/test/kotlin/com/meshcoreone/android/core/protocol/session/SessionTcpIntegrationTest.kt",
    "sources": [],
    "android_only": [
      "WP-107"
    ],
    "generated_inputs": [],
    "feature_acceptance": "not established by headers"
  },
  {
    "implementation": "android/core/protocol/src/test/kotlin/com/meshcoreone/android/core/protocol/session/SessionTestSupport.kt",
    "sources": [],
    "android_only": [
      "WP-107"
    ],
    "generated_inputs": [],
    "feature_acceptance": "not established by headers"
  },
  {
    "implementation": "android/core/protocol/src/test/kotlin/com/meshcoreone/android/core/protocol/transport/ControlledSocket.kt",
    "sources": [],
    "android_only": [
      "WP-108"
    ],
    "generated_inputs": [],
    "feature_acceptance": "not established by headers"
  },
  {
    "implementation": "android/core/protocol/src/test/kotlin/com/meshcoreone/android/core/protocol/transport/LoopbackPeer.kt",
    "sources": [],
    "android_only": [
      "WP-108"
    ],
    "generated_inputs": [],
    "feature_acceptance": "not established by headers"
  },
  {
    "implementation": "android/core/protocol/src/test/kotlin/com/meshcoreone/android/core/protocol/transport/MockTransportTest.kt",
    "sources": [
      "MeshCore/Sources/MeshCore/Transport/MockTransport.swift",
      "MeshCore/Tests/MeshCoreTests/Session/MeshCoreSessionGetChannelsTests.swift"
    ],
    "android_only": [],
    "generated_inputs": [],
    "feature_acceptance": "not established by headers"
  },
  {
    "implementation": "android/core/protocol/src/test/kotlin/com/meshcoreone/android/core/protocol/transport/WiFiAppErrorReference.kt",
    "sources": [
      "MC1Services/Sources/MC1Services/Errors/WiFiTransportError+LocalizedError.swift"
    ],
    "android_only": [],
    "generated_inputs": [],
    "feature_acceptance": "not established by headers"
  },
  {
    "implementation": "android/core/protocol/src/test/kotlin/com/meshcoreone/android/core/protocol/transport/WiFiFrameCodecTest.kt",
    "sources": [
      "MeshCore/Tests/MeshCoreTests/Transport/WiFiFrameCodecTests.swift",
      "MeshCore/Tests/MeshCoreTests/Fixtures/PythonReferenceBytes.swift"
    ],
    "android_only": [],
    "generated_inputs": [],
    "feature_acceptance": "not established by headers"
  },
  {
    "implementation": "android/core/protocol/src/test/kotlin/com/meshcoreone/android/core/protocol/transport/WiFiTransportIoTest.kt",
    "sources": [
      "MeshCore/Tests/MeshCoreTests/Transport/WiFiTransportTests.swift",
      "MeshCore/Sources/MeshCore/Transport/WiFiTransport.swift"
    ],
    "android_only": [],
    "generated_inputs": [],
    "feature_acceptance": "not established by headers"
  },
  {
    "implementation": "android/core/protocol/src/test/kotlin/com/meshcoreone/android/core/protocol/transport/WiFiTransportTest.kt",
    "sources": [
      "MeshCore/Tests/MeshCoreTests/Transport/WiFiTransportTests.swift",
      "MC1Services/Sources/MC1Services/Errors/WiFiTransportError+LocalizedError.swift"
    ],
    "android_only": [],
    "generated_inputs": [],
    "feature_acceptance": "not established by headers"
  },
  {
    "implementation": "android/core/runtime/src/main/kotlin/com/meshcoreone/android/core/runtime/AsyncSemaphore.kt",
    "sources": [
      "MC1/Utilities/AsyncSemaphore.swift"
    ],
    "android_only": [],
    "generated_inputs": [],
    "feature_acceptance": "not established by headers"
  },
  {
    "implementation": "android/core/runtime/src/main/kotlin/com/meshcoreone/android/core/runtime/BLEReconnectionCoordinator.kt",
    "sources": [
      "MC1Services/Sources/MC1Services/Connection/BLEReconnectionCoordinator.swift"
    ],
    "android_only": [],
    "generated_inputs": [],
    "feature_acceptance": "not established by headers"
  },
  {
    "implementation": "android/core/runtime/src/main/kotlin/com/meshcoreone/android/core/runtime/ConnectionError.kt",
    "sources": [
      "MC1Services/Sources/MC1Services/Errors/ConnectionError.swift"
    ],
    "android_only": [],
    "generated_inputs": [],
    "feature_acceptance": "not established by headers"
  },
  {
    "implementation": "android/core/runtime/src/main/kotlin/com/meshcoreone/android/core/runtime/ConnectionManager.kt",
    "sources": [
      "MC1Services/Sources/MC1Services/Connection/ConnectionManager.swift",
      "MC1Services/Sources/MC1Services/Connection/ConnectionManager+Lifecycle.swift",
      "MC1Services/Sources/MC1Services/Connection/ConnectionManager+BLEReconnectionDelegate.swift"
    ],
    "android_only": [],
    "generated_inputs": [],
    "feature_acceptance": "not established by headers"
  },
  {
    "implementation": "android/core/runtime/src/main/kotlin/com/meshcoreone/android/core/runtime/ConnectionRetryPolicy.kt",
    "sources": [
      "MC1Services/Sources/MC1Services/Connection/ConnectionManager.swift",
      "MC1Services/Sources/MC1Services/Connection/ConnectionManager+BLE.swift",
      "MC1Services/Sources/MC1Services/Connection/ConnectionManager+WiFi.swift"
    ],
    "android_only": [],
    "generated_inputs": [],
    "feature_acceptance": "not established by headers"
  },
  {
    "implementation": "android/core/runtime/src/main/kotlin/com/meshcoreone/android/core/runtime/DisconnectReason.kt",
    "sources": [
      "MC1Services/Sources/MC1Services/Connection/DisconnectReason.swift"
    ],
    "android_only": [],
    "generated_inputs": [],
    "feature_acceptance": "not established by headers"
  },
  {
    "implementation": "android/core/runtime/src/main/kotlin/com/meshcoreone/android/core/runtime/EventBroadcaster.kt",
    "sources": [
      "MC1Services/Sources/MC1Services/Utilities/EventBroadcaster.swift"
    ],
    "android_only": [],
    "generated_inputs": [],
    "feature_acceptance": "not established by headers"
  },
  {
    "implementation": "android/core/runtime/src/main/kotlin/com/meshcoreone/android/core/runtime/FactoryOwnership.kt",
    "sources": [],
    "android_only": [
      "WP-207"
    ],
    "generated_inputs": [],
    "feature_acceptance": "not established by headers"
  },
  {
    "implementation": "android/core/runtime/src/main/kotlin/com/meshcoreone/android/core/runtime/LastConnectionStore.kt",
    "sources": [
      "MC1Services/Sources/MC1Services/Connection/LastConnectionStore.swift",
      "MC1Services/Sources/MC1Services/Connection/ConnectionIntent.swift"
    ],
    "android_only": [],
    "generated_inputs": [],
    "feature_acceptance": "not established by headers"
  },
  {
    "implementation": "android/core/runtime/src/main/kotlin/com/meshcoreone/android/core/runtime/PhysicalOwnership.kt",
    "sources": [],
    "android_only": [
      "WP-207"
    ],
    "generated_inputs": [],
    "feature_acceptance": "not established by headers"
  },
  {
    "implementation": "android/core/runtime/src/main/kotlin/com/meshcoreone/android/core/runtime/ReconnectPolicy.kt",
    "sources": [
      "MC1Services/Sources/MC1Services/Transport/ReconnectPolicy.swift"
    ],
    "android_only": [],
    "generated_inputs": [],
    "feature_acceptance": "not established by headers"
  },
  {
    "implementation": "android/core/runtime/src/main/kotlin/com/meshcoreone/android/core/runtime/RuntimeClock.kt",
    "sources": [],
    "android_only": [
      "WP-207"
    ],
    "generated_inputs": [],
    "feature_acceptance": "not established by headers"
  },
  {
    "implementation": "android/core/runtime/src/main/kotlin/com/meshcoreone/android/core/runtime/RuntimePorts.kt",
    "sources": [
      "MC1Services/Sources/MC1Services/ServiceContainer.swift"
    ],
    "android_only": [],
    "generated_inputs": [],
    "feature_acceptance": "not established by headers"
  },
  {
    "implementation": "android/core/runtime/src/main/kotlin/com/meshcoreone/android/core/runtime/TimeoutUtility.kt",
    "sources": [
      "MC1Services/Sources/MC1Services/Utilities/TimeoutUtility.swift"
    ],
    "android_only": [],
    "generated_inputs": [],
    "feature_acceptance": "not established by headers"
  },
  {
    "implementation": "android/core/runtime/src/test/kotlin/com/meshcoreone/android/core/runtime/BestEffortConnectTest.kt",
    "sources": [],
    "android_only": [
      "WP-207"
    ],
    "generated_inputs": [],
    "feature_acceptance": "not established by headers"
  },
  {
    "implementation": "android/core/runtime/src/test/kotlin/com/meshcoreone/android/core/runtime/BreakGlassTest.kt",
    "sources": [],
    "android_only": [
      "WP-207"
    ],
    "generated_inputs": [],
    "feature_acceptance": "not established by headers"
  },
  {
    "implementation": "android/core/runtime/src/test/kotlin/com/meshcoreone/android/core/runtime/DisconnectIntentTest.kt",
    "sources": [],
    "android_only": [
      "WP-207"
    ],
    "generated_inputs": [],
    "feature_acceptance": "not established by headers"
  },
  {
    "implementation": "android/core/runtime/src/test/kotlin/com/meshcoreone/android/core/runtime/RetryStateTest.kt",
    "sources": [],
    "android_only": [
      "WP-207"
    ],
    "generated_inputs": [],
    "feature_acceptance": "not established by headers"
  },
  {
    "implementation": "android/core/runtime/src/test/kotlin/com/meshcoreone/android/core/runtime/ReviewRegressionTest.kt",
    "sources": [],
    "android_only": [
      "WP-207"
    ],
    "generated_inputs": [],
    "feature_acceptance": "not established by headers"
  },
  {
    "implementation": "android/core/runtime/src/test/kotlin/com/meshcoreone/android/core/runtime/RuntimeFaultProjectionTest.kt",
    "sources": [],
    "android_only": [
      "WP-207"
    ],
    "generated_inputs": [],
    "feature_acceptance": "not established by headers"
  },
  {
    "implementation": "android/core/runtime/src/test/kotlin/com/meshcoreone/android/core/runtime/RuntimeOwnershipTest.kt",
    "sources": [],
    "android_only": [
      "WP-207"
    ],
    "generated_inputs": [],
    "feature_acceptance": "not established by headers"
  },
  {
    "implementation": "android/core/runtime/src/test/kotlin/com/meshcoreone/android/core/runtime/RuntimeSeamTest.kt",
    "sources": [],
    "android_only": [
      "WP-207"
    ],
    "generated_inputs": [],
    "feature_acceptance": "not established by headers"
  },
  {
    "implementation": "android/core/runtime/src/test/kotlin/com/meshcoreone/android/core/runtime/RuntimeTestSupport.kt",
    "sources": [
      "MC1Services/Tests/MC1ServicesTests/Helpers/ConnectionManager+Testing.swift"
    ],
    "android_only": [],
    "generated_inputs": [],
    "feature_acceptance": "not established by headers"
  },
  {
    "implementation": "android/core/runtime/src/test/kotlin/com/meshcoreone/android/core/runtime/RuntimeUtilitiesTest.kt",
    "sources": [],
    "android_only": [
      "WP-207"
    ],
    "generated_inputs": [],
    "feature_acceptance": "not established by headers"
  },
  {
    "implementation": "android/core/runtime/src/test/kotlin/com/meshcoreone/android/core/runtime/SourceConnectionManagerTest.kt",
    "sources": [
      "MC1Services/Tests/MC1ServicesTests/ConnectRadioIDResolutionTests.swift",
      "MC1Services/Tests/MC1ServicesTests/ConnectionManagerCircuitBreakerTests.swift",
      "MC1Services/Tests/MC1ServicesTests/ConnectionManagerRetryBudgetTests.swift",
      "MC1Services/Tests/MC1ServicesTests/ConnectionManagerSessionTests.swift"
    ],
    "android_only": [],
    "generated_inputs": [],
    "feature_acceptance": "not established by headers"
  },
  {
    "implementation": "android/core/runtime/src/test/kotlin/com/meshcoreone/android/core/runtime/SourceRebuildLifecycleTest.kt",
    "sources": [
      "MC1Services/Tests/MC1ServicesTests/ReconnectRebuildLifecycleTests.swift"
    ],
    "android_only": [],
    "generated_inputs": [],
    "feature_acceptance": "not established by headers"
  },
  {
    "implementation": "android/core/runtime/src/test/kotlin/com/meshcoreone/android/core/runtime/SourceReconnectionCoordinatorTest.kt",
    "sources": [
      "MC1Services/Tests/MC1ServicesTests/BLEReconnectionCoordinatorTests.swift"
    ],
    "android_only": [],
    "generated_inputs": [],
    "feature_acceptance": "not established by headers"
  },
  {
    "implementation": "android/core/runtime/src/test/kotlin/com/meshcoreone/android/core/runtime/SourceReconnectLifecycleTest.kt",
    "sources": [
      "MC1Services/Tests/MC1ServicesTests/ConnectionManagerAutoReconnectEntryTests.swift",
      "MC1Services/Tests/MC1ServicesTests/ConnectionManagerDisconnectDiagnosticsTests.swift",
      "MC1Services/Tests/MC1ServicesTests/ConnectionManagerReconnectAbandonmentTests.swift"
    ],
    "android_only": [],
    "generated_inputs": [],
    "feature_acceptance": "not established by headers"
  },
  {
    "implementation": "android/core/runtime/src/test/kotlin/com/meshcoreone/android/core/runtime/SourceReconnectPolicyTest.kt",
    "sources": [
      "MC1Services/Tests/MC1ServicesTests/Transport/ReconnectPolicyTests.swift"
    ],
    "android_only": [],
    "generated_inputs": [],
    "feature_acceptance": "not established by headers"
  },
  {
    "implementation": "android/core/runtime/src/test/kotlin/com/meshcoreone/android/core/runtime/SourceRuntimeValuesTest.kt",
    "sources": [
      "MC1Services/Tests/MC1ServicesTests/Connection/LastConnectionStoreTests.swift",
      "MC1Services/Tests/MC1ServicesTests/ConnectionIntentTests.swift",
      "MC1Services/Tests/MC1ServicesTests/DeviceConnectionStateTests.swift",
      "MC1Services/Tests/MC1ServicesTests/EventBroadcasterTests.swift"
    ],
    "android_only": [],
    "generated_inputs": [],
    "feature_acceptance": "not established by headers"
  },
  {
    "implementation": "android/core/runtime/src/test/kotlin/com/meshcoreone/android/core/runtime/SwitchFailureIntegrationTest.kt",
    "sources": [],
    "android_only": [
      "WP-207"
    ],
    "generated_inputs": [],
    "feature_acceptance": "not established by headers"
  },
  {
    "implementation": "android/core/runtime/src/test/kotlin/com/meshcoreone/android/core/runtime/SwitchRoutingTest.kt",
    "sources": [],
    "android_only": [
      "WP-207"
    ],
    "generated_inputs": [],
    "feature_acceptance": "not established by headers"
  },
  {
    "implementation": "android/core/services/src/main/kotlin/com/meshcoreone/android/core/services/contacts/AdvertisementDeltaSync.kt",
    "sources": [
      "MC1Services/Sources/MC1Services/Services/AdvertisementService+DeltaSync.swift"
    ],
    "android_only": [],
    "generated_inputs": [],
    "feature_acceptance": "not established by headers"
  },
  {
    "implementation": "android/core/services/src/main/kotlin/com/meshcoreone/android/core/services/contacts/AdvertisementEvent.kt",
    "sources": [
      "MC1Services/Sources/MC1Services/Services/AdvertisementEvent.swift"
    ],
    "android_only": [],
    "generated_inputs": [],
    "feature_acceptance": "not established by headers"
  },
  {
    "implementation": "android/core/services/src/main/kotlin/com/meshcoreone/android/core/services/contacts/AdvertisementService.kt",
    "sources": [
      "MC1Services/Sources/MC1Services/Services/AdvertisementService.swift"
    ],
    "android_only": [],
    "generated_inputs": [],
    "feature_acceptance": "not established by headers"
  },
  {
    "implementation": "android/core/services/src/main/kotlin/com/meshcoreone/android/core/services/contacts/ChannelFloodScopeResolver.kt",
    "sources": [
      "MC1Services/Sources/MC1Services/Services/ChannelFloodScopeResolver.swift"
    ],
    "android_only": [],
    "generated_inputs": [],
    "feature_acceptance": "not established by headers"
  },
  {
    "implementation": "android/core/services/src/main/kotlin/com/meshcoreone/android/core/services/contacts/ChannelService.kt",
    "sources": [
      "MC1Services/Sources/MC1Services/Services/ChannelService.swift"
    ],
    "android_only": [],
    "generated_inputs": [],
    "feature_acceptance": "not established by headers"
  },
  {
    "implementation": "android/core/services/src/main/kotlin/com/meshcoreone/android/core/services/contacts/ChannelServiceSupport.kt",
    "sources": [
      "MC1Services/Sources/MC1Services/Services/ChannelService.swift"
    ],
    "android_only": [],
    "generated_inputs": [],
    "feature_acceptance": "not established by headers"
  },
  {
    "implementation": "android/core/services/src/main/kotlin/com/meshcoreone/android/core/services/contacts/ChannelURIEncoding.kt",
    "sources": [
      "MC1Services/Sources/MC1Services/Services/ChannelService.swift",
      "MC1Services/Sources/MC1Services/Utilities/MeshCoreURIQuery.swift"
    ],
    "android_only": [],
    "generated_inputs": [],
    "feature_acceptance": "not established by headers"
  },
  {
    "implementation": "android/core/services/src/main/kotlin/com/meshcoreone/android/core/services/contacts/ContactCleanupCoordinator.kt",
    "sources": [
      "MC1Services/Sources/MC1Services/Services/ContactCleanupCoordinator.swift"
    ],
    "android_only": [],
    "generated_inputs": [],
    "feature_acceptance": "not established by headers"
  },
  {
    "implementation": "android/core/services/src/main/kotlin/com/meshcoreone/android/core/services/contacts/ContactCleanupHandling.kt",
    "sources": [
      "MC1Services/Sources/MC1Services/Services/ContactCleanupHandling.swift"
    ],
    "android_only": [],
    "generated_inputs": [],
    "feature_acceptance": "not established by headers"
  },
  {
    "implementation": "android/core/services/src/main/kotlin/com/meshcoreone/android/core/services/contacts/ContactFrameConversions.kt",
    "sources": [
      "MC1Services/Sources/MC1Services/Services/ContactService.swift"
    ],
    "android_only": [],
    "generated_inputs": [],
    "feature_acceptance": "not established by headers"
  },
  {
    "implementation": "android/core/services/src/main/kotlin/com/meshcoreone/android/core/services/contacts/ContactResult.kt",
    "sources": [
      "MC1Services/Sources/MC1Services/Utilities/ContactResult.swift"
    ],
    "android_only": [],
    "generated_inputs": [],
    "feature_acceptance": "not established by headers"
  },
  {
    "implementation": "android/core/services/src/main/kotlin/com/meshcoreone/android/core/services/contacts/ContactService.kt",
    "sources": [
      "MC1Services/Sources/MC1Services/Services/ContactService.swift"
    ],
    "android_only": [],
    "generated_inputs": [],
    "feature_acceptance": "not established by headers"
  },
  {
    "implementation": "android/core/services/src/main/kotlin/com/meshcoreone/android/core/services/contacts/ContactServiceError.kt",
    "sources": [
      "MC1Services/Sources/MC1Services/Services/ContactService.swift"
    ],
    "android_only": [],
    "generated_inputs": [],
    "feature_acceptance": "not established by headers"
  },
  {
    "implementation": "android/core/services/src/main/kotlin/com/meshcoreone/android/core/services/contacts/ContactServiceEvent.kt",
    "sources": [
      "MC1Services/Sources/MC1Services/Services/ContactServiceEvent.swift",
      "MC1Services/Sources/MC1Services/Services/ContactService.swift"
    ],
    "android_only": [],
    "generated_inputs": [],
    "feature_acceptance": "not established by headers"
  },
  {
    "implementation": "android/core/services/src/main/kotlin/com/meshcoreone/android/core/services/contacts/ContactServicePorts.kt",
    "sources": [
      "MC1Services/Sources/MC1Services/Services/ContactService.swift",
      "MC1Services/Sources/MC1Services/Services/ContactCleanupCoordinator.swift"
    ],
    "android_only": [],
    "generated_inputs": [],
    "feature_acceptance": "not established by headers"
  },
  {
    "implementation": "android/core/services/src/main/kotlin/com/meshcoreone/android/core/services/contacts/ContactShareUtilities.kt",
    "sources": [
      "MC1Services/Sources/MC1Services/Utilities/ContactShareUtilities.swift"
    ],
    "android_only": [],
    "generated_inputs": [],
    "feature_acceptance": "not established by headers"
  },
  {
    "implementation": "android/core/services/src/main/kotlin/com/meshcoreone/android/core/services/contacts/ContactUriBuilder.kt",
    "sources": [
      "MC1Services/Sources/MC1Services/Services/ContactService.swift",
      "MC1Services/Sources/MC1Services/Utilities/MeshCoreURIQuery.swift"
    ],
    "android_only": [],
    "generated_inputs": [],
    "feature_acceptance": "not established by headers"
  },
  {
    "implementation": "android/core/services/src/main/kotlin/com/meshcoreone/android/core/services/contacts/HashtagUtilities.kt",
    "sources": [
      "MC1Services/Sources/MC1Services/Utilities/HashtagUtilities.swift"
    ],
    "android_only": [],
    "generated_inputs": [],
    "feature_acceptance": "not established by headers"
  },
  {
    "implementation": "android/core/services/src/main/kotlin/com/meshcoreone/android/core/services/contacts/ResolvedFloodScope.kt",
    "sources": [
      "MC1Services/Sources/MC1Services/Services/ResolvedFloodScope.swift"
    ],
    "android_only": [],
    "generated_inputs": [],
    "feature_acceptance": "not established by headers"
  },
  {
    "implementation": "android/core/services/src/main/kotlin/com/meshcoreone/android/core/services/device/DeviceGPSState.kt",
    "sources": [
      "MC1Services/Sources/MC1Services/Services/DeviceGPSState.swift"
    ],
    "android_only": [],
    "generated_inputs": [],
    "feature_acceptance": "not established by headers"
  },
  {
    "implementation": "android/core/services/src/main/kotlin/com/meshcoreone/android/core/services/device/DeviceService.kt",
    "sources": [
      "MC1Services/Sources/MC1Services/Services/DeviceService.swift"
    ],
    "android_only": [],
    "generated_inputs": [],
    "feature_acceptance": "not established by headers"
  },
  {
    "implementation": "android/core/services/src/main/kotlin/com/meshcoreone/android/core/services/device/DeviceSettingsContext.kt",
    "sources": [],
    "android_only": [
      "WP-211"
    ],
    "generated_inputs": [],
    "feature_acceptance": "not established by headers"
  },
  {
    "implementation": "android/core/services/src/main/kotlin/com/meshcoreone/android/core/services/device/DeviceSettingsServiceFactory.kt",
    "sources": [
      "MC1Services/Sources/MC1Services/ServiceContainer.swift"
    ],
    "android_only": [],
    "generated_inputs": [],
    "feature_acceptance": "not established by headers"
  },
  {
    "implementation": "android/core/services/src/main/kotlin/com/meshcoreone/android/core/services/device/FirmwareDeviceErrorCode.kt",
    "sources": [
      "MC1Services/Sources/MC1Services/Services/FirmwareDeviceErrorCode.swift"
    ],
    "android_only": [],
    "generated_inputs": [],
    "feature_acceptance": "not established by headers"
  },
  {
    "implementation": "android/core/services/src/main/kotlin/com/meshcoreone/android/core/services/device/RadioOptions.kt",
    "sources": [
      "MC1Services/Sources/MC1Services/Services/RadioOptions.swift"
    ],
    "android_only": [],
    "generated_inputs": [],
    "feature_acceptance": "not established by headers"
  },
  {
    "implementation": "android/core/services/src/main/kotlin/com/meshcoreone/android/core/services/device/RadioPresets.kt",
    "sources": [
      "MC1Services/Sources/MC1Services/Services/RadioPresets.swift"
    ],
    "android_only": [],
    "generated_inputs": [],
    "feature_acceptance": "not established by headers"
  },
  {
    "implementation": "android/core/services/src/main/kotlin/com/meshcoreone/android/core/services/device/RegionalAreas.kt",
    "sources": [
      "MC1Services/Sources/MC1Services/Services/RegionalAreas.swift"
    ],
    "android_only": [],
    "generated_inputs": [],
    "feature_acceptance": "not established by headers"
  },
  {
    "implementation": "android/core/services/src/main/kotlin/com/meshcoreone/android/core/services/device/RegionDiscoveryService.kt",
    "sources": [
      "MC1Services/Sources/MC1Services/Services/RegionDiscoveryService.swift",
      "MC1Services/Sources/MC1Services/Services/ContactService.swift"
    ],
    "android_only": [],
    "generated_inputs": [],
    "feature_acceptance": "not established by headers"
  },
  {
    "implementation": "android/core/services/src/main/kotlin/com/meshcoreone/android/core/services/device/SettingDescriptions.kt",
    "sources": [
      "MC1Services/Sources/MC1Services/Services/SettingsService+Verified.swift"
    ],
    "android_only": [],
    "generated_inputs": [],
    "feature_acceptance": "not established by headers"
  },
  {
    "implementation": "android/core/services/src/main/kotlin/com/meshcoreone/android/core/services/device/SettingsEvent.kt",
    "sources": [
      "MC1Services/Sources/MC1Services/Services/SettingsEvent.swift"
    ],
    "android_only": [],
    "generated_inputs": [],
    "feature_acceptance": "not established by headers"
  },
  {
    "implementation": "android/core/services/src/main/kotlin/com/meshcoreone/android/core/services/device/SettingsService.kt",
    "sources": [
      "MC1Services/Sources/MC1Services/Services/SettingsService.swift",
      "MC1Services/Sources/MC1Services/Services/SettingsService+Verified.swift"
    ],
    "android_only": [],
    "generated_inputs": [],
    "feature_acceptance": "not established by headers"
  },
  {
    "implementation": "android/core/services/src/main/kotlin/com/meshcoreone/android/core/services/diagnostics/CommandAuditLogger.kt",
    "sources": [
      "MC1Services/Sources/MC1Services/Services/CommandAuditLogger.swift"
    ],
    "android_only": [],
    "generated_inputs": [],
    "feature_acceptance": "not established by headers"
  },
  {
    "implementation": "android/core/services/src/main/kotlin/com/meshcoreone/android/core/services/diagnostics/DebugLogBuffer.kt",
    "sources": [
      "MC1Services/Sources/MC1Services/Services/DebugLogBuffer.swift"
    ],
    "android_only": [],
    "generated_inputs": [],
    "feature_acceptance": "not established by headers"
  },
  {
    "implementation": "android/core/services/src/main/kotlin/com/meshcoreone/android/core/services/diagnostics/DebugLogClock.kt",
    "sources": [],
    "android_only": [
      "WP-212"
    ],
    "generated_inputs": [],
    "feature_acceptance": "not established by headers"
  },
  {
    "implementation": "android/core/services/src/main/kotlin/com/meshcoreone/android/core/services/diagnostics/DebugLogPlatformSink.kt",
    "sources": [],
    "android_only": [
      "WP-212"
    ],
    "generated_inputs": [],
    "feature_acceptance": "not established by headers"
  },
  {
    "implementation": "android/core/services/src/main/kotlin/com/meshcoreone/android/core/services/diagnostics/DiagnosticsWiring.kt",
    "sources": [],
    "android_only": [
      "WP-212"
    ],
    "generated_inputs": [],
    "feature_acceptance": "not established by headers"
  },
  {
    "implementation": "android/core/services/src/main/kotlin/com/meshcoreone/android/core/services/diagnostics/LogExportService.kt",
    "sources": [
      "MC1/Services/LogExportService.swift"
    ],
    "android_only": [],
    "generated_inputs": [],
    "feature_acceptance": "not established by headers"
  },
  {
    "implementation": "android/core/services/src/main/kotlin/com/meshcoreone/android/core/services/diagnostics/LogRedaction.kt",
    "sources": [
      "MC1Services/Sources/MC1Services/Utilities/LogRedaction.swift"
    ],
    "android_only": [],
    "generated_inputs": [],
    "feature_acceptance": "not established by headers"
  },
  {
    "implementation": "android/core/services/src/main/kotlin/com/meshcoreone/android/core/services/diagnostics/PersistentLogger.kt",
    "sources": [
      "MC1Services/Sources/MC1Services/Services/PersistentLogger.swift"
    ],
    "android_only": [],
    "generated_inputs": [],
    "feature_acceptance": "not established by headers"
  },
  {
    "implementation": "android/core/services/src/main/kotlin/com/meshcoreone/android/core/services/diagnostics/rf/ClearanceStatus.kt",
    "sources": [
      "MC1Services/Sources/MC1Services/RF/ClearanceStatus.swift"
    ],
    "android_only": [],
    "generated_inputs": [],
    "feature_acceptance": "not established by headers"
  },
  {
    "implementation": "android/core/services/src/main/kotlin/com/meshcoreone/android/core/services/diagnostics/rf/ElevationSample.kt",
    "sources": [
      "MC1Services/Sources/MC1Services/RF/ElevationSample.swift"
    ],
    "android_only": [],
    "generated_inputs": [],
    "feature_acceptance": "not established by headers"
  },
  {
    "implementation": "android/core/services/src/main/kotlin/com/meshcoreone/android/core/services/diagnostics/rf/ObstructionPoint.kt",
    "sources": [
      "MC1Services/Sources/MC1Services/RF/ObstructionPoint.swift"
    ],
    "android_only": [],
    "generated_inputs": [],
    "feature_acceptance": "not established by headers"
  },
  {
    "implementation": "android/core/services/src/main/kotlin/com/meshcoreone/android/core/services/diagnostics/rf/PathAnalysisResult.kt",
    "sources": [
      "MC1Services/Sources/MC1Services/RF/PathAnalysisResult.swift"
    ],
    "android_only": [],
    "generated_inputs": [],
    "feature_acceptance": "not established by headers"
  },
  {
    "implementation": "android/core/services/src/main/kotlin/com/meshcoreone/android/core/services/diagnostics/rf/RelayPathAnalysisResult.kt",
    "sources": [
      "MC1Services/Sources/MC1Services/RF/RelayPathAnalysisResult.swift"
    ],
    "android_only": [],
    "generated_inputs": [],
    "feature_acceptance": "not established by headers"
  },
  {
    "implementation": "android/core/services/src/main/kotlin/com/meshcoreone/android/core/services/diagnostics/rf/RFCalculator.kt",
    "sources": [
      "MC1Services/Sources/MC1Services/RF/RFCalculator.swift"
    ],
    "android_only": [],
    "generated_inputs": [],
    "feature_acceptance": "not established by headers"
  },
  {
    "implementation": "android/core/services/src/main/kotlin/com/meshcoreone/android/core/services/diagnostics/rf/RfLog10.kt",
    "sources": [],
    "android_only": [
      "WP-212"
    ],
    "generated_inputs": [],
    "feature_acceptance": "not established by headers"
  },
  {
    "implementation": "android/core/services/src/main/kotlin/com/meshcoreone/android/core/services/diagnostics/rf/RfValueEquality.kt",
    "sources": [],
    "android_only": [
      "WP-212"
    ],
    "generated_inputs": [],
    "feature_acceptance": "not established by headers"
  },
  {
    "implementation": "android/core/services/src/main/kotlin/com/meshcoreone/android/core/services/diagnostics/rf/SegmentAnalysisResult.kt",
    "sources": [
      "MC1Services/Sources/MC1Services/RF/SegmentAnalysisResult.swift"
    ],
    "android_only": [],
    "generated_inputs": [],
    "feature_acceptance": "not established by headers"
  },
  {
    "implementation": "android/core/services/src/main/kotlin/com/meshcoreone/android/core/services/diagnostics/RxLogEntryDecryptor.kt",
    "sources": [
      "MC1Services/Sources/MC1Services/Services/RxLogService.swift"
    ],
    "android_only": [],
    "generated_inputs": [],
    "feature_acceptance": "not established by headers"
  },
  {
    "implementation": "android/core/services/src/main/kotlin/com/meshcoreone/android/core/services/diagnostics/RxLogRegionReprocessor.kt",
    "sources": [
      "MC1Services/Sources/MC1Services/Services/RxLogService+RegionResolution.swift"
    ],
    "android_only": [],
    "generated_inputs": [],
    "feature_acceptance": "not established by headers"
  },
  {
    "implementation": "android/core/services/src/main/kotlin/com/meshcoreone/android/core/services/diagnostics/RxLogService.kt",
    "sources": [
      "MC1Services/Sources/MC1Services/Services/RxLogService.swift"
    ],
    "android_only": [],
    "generated_inputs": [],
    "feature_acceptance": "not established by headers"
  },
  {
    "implementation": "android/core/services/src/main/kotlin/com/meshcoreone/android/core/services/diagnostics/RxLogServiceDependencies.kt",
    "sources": [
      "MC1Services/Sources/MC1Services/Services/RxLogService.swift"
    ],
    "android_only": [],
    "generated_inputs": [],
    "feature_acceptance": "not established by headers"
  },
  {
    "implementation": "android/core/services/src/main/kotlin/com/meshcoreone/android/core/services/diagnostics/RxLogStreamBroadcaster.kt",
    "sources": [],
    "android_only": [
      "WP-212"
    ],
    "generated_inputs": [],
    "feature_acceptance": "not established by headers"
  },
  {
    "implementation": "android/core/services/src/main/kotlin/com/meshcoreone/android/core/services/messaging/AckCodeBuilder.kt",
    "sources": [
      "MC1Services/Sources/MC1Services/Services/AckCodeBuilder.swift"
    ],
    "android_only": [],
    "generated_inputs": [],
    "feature_acceptance": "not established by headers"
  },
  {
    "implementation": "android/core/services/src/main/kotlin/com/meshcoreone/android/core/services/messaging/BLETransportOpenedSignal.kt",
    "sources": [
      "MC1Services/Sources/MC1Services/Services/BLETransportOpenedSignal.swift"
    ],
    "android_only": [],
    "generated_inputs": [],
    "feature_acceptance": "not established by headers"
  },
  {
    "implementation": "android/core/services/src/main/kotlin/com/meshcoreone/android/core/services/messaging/ChannelMessageFormat.kt",
    "sources": [
      "MC1Services/Sources/MC1Services/Utilities/ChannelMessageFormat.swift"
    ],
    "android_only": [],
    "generated_inputs": [],
    "feature_acceptance": "not established by headers"
  },
  {
    "implementation": "android/core/services/src/main/kotlin/com/meshcoreone/android/core/services/messaging/ChannelRXCorrelation.kt",
    "sources": [
      "MC1Services/Sources/MC1Services/Utilities/ChannelRXCorrelation.swift"
    ],
    "android_only": [],
    "generated_inputs": [],
    "feature_acceptance": "not established by headers"
  },
  {
    "implementation": "android/core/services/src/main/kotlin/com/meshcoreone/android/core/services/messaging/ChatSendQueueService.kt",
    "sources": [
      "MC1Services/Sources/MC1Services/Services/ChatSendQueueService.swift"
    ],
    "android_only": [],
    "generated_inputs": [],
    "feature_acceptance": "not established by headers"
  },
  {
    "implementation": "android/core/services/src/main/kotlin/com/meshcoreone/android/core/services/messaging/MessagePollingService.kt",
    "sources": [
      "MC1Services/Sources/MC1Services/Services/MessagePollingService.swift"
    ],
    "android_only": [],
    "generated_inputs": [],
    "feature_acceptance": "not established by headers"
  },
  {
    "implementation": "android/core/services/src/main/kotlin/com/meshcoreone/android/core/services/messaging/MessageService.kt",
    "sources": [
      "MC1Services/Sources/MC1Services/Services/MessageService.swift",
      "MC1Services/Sources/MC1Services/Services/MessageService+ACK.swift",
      "MC1Services/Sources/MC1Services/Services/MessageService+SendDM.swift",
      "MC1Services/Sources/MC1Services/Services/MessageService+SendChannel.swift",
      "MC1Services/Sources/MC1Services/Services/MessageService+SendHelpers.swift"
    ],
    "android_only": [],
    "generated_inputs": [],
    "feature_acceptance": "not established by headers"
  },
  {
    "implementation": "android/core/services/src/main/kotlin/com/meshcoreone/android/core/services/messaging/MessageServiceConfig.kt",
    "sources": [
      "MC1Services/Sources/MC1Services/Services/MessageServiceConfig.swift",
      "MC1Services/Sources/MC1Services/Services/ChatSendQueueService.swift"
    ],
    "android_only": [],
    "generated_inputs": [],
    "feature_acceptance": "not established by headers"
  },
  {
    "implementation": "android/core/services/src/main/kotlin/com/meshcoreone/android/core/services/messaging/MessagingEvents.kt",
    "sources": [
      "MC1Services/Sources/MC1Services/Utilities/EventBroadcaster.swift"
    ],
    "android_only": [],
    "generated_inputs": [],
    "feature_acceptance": "not established by headers"
  },
  {
    "implementation": "android/core/services/src/main/kotlin/com/meshcoreone/android/core/services/messaging/MessagingOwnership.kt",
    "sources": [],
    "android_only": [
      "WP-208"
    ],
    "generated_inputs": [],
    "feature_acceptance": "not established by headers"
  },
  {
    "implementation": "android/core/services/src/main/kotlin/com/meshcoreone/android/core/services/messaging/PendingAck.kt",
    "sources": [
      "MC1Services/Sources/MC1Services/Services/PendingAck.swift"
    ],
    "android_only": [],
    "generated_inputs": [],
    "feature_acceptance": "not established by headers"
  },
  {
    "implementation": "android/core/services/src/main/kotlin/com/meshcoreone/android/core/services/messaging/SendQueue.kt",
    "sources": [
      "MC1Services/Sources/MC1Services/Services/SendQueue.swift"
    ],
    "android_only": [],
    "generated_inputs": [],
    "feature_acceptance": "not established by headers"
  },
  {
    "implementation": "android/core/services/src/main/kotlin/com/meshcoreone/android/core/services/notifications/NotificationActionHandler.kt",
    "sources": [
      "MC1Services/Sources/MC1Services/Services/NotificationActionHandler.swift"
    ],
    "android_only": [],
    "generated_inputs": [],
    "feature_acceptance": "not established by headers"
  },
  {
    "implementation": "android/core/services/src/main/kotlin/com/meshcoreone/android/core/services/notifications/NotificationPorts.kt",
    "sources": [],
    "android_only": [
      "WP-215"
    ],
    "generated_inputs": [],
    "feature_acceptance": "not established by headers"
  },
  {
    "implementation": "android/core/services/src/main/kotlin/com/meshcoreone/android/core/services/notifications/NotificationResponses.kt",
    "sources": [
      "MC1Services/Sources/MC1Services/Services/NotificationService.swift"
    ],
    "android_only": [],
    "generated_inputs": [],
    "feature_acceptance": "not established by headers"
  },
  {
    "implementation": "android/core/services/src/main/kotlin/com/meshcoreone/android/core/services/notifications/NotificationService.kt",
    "sources": [
      "MC1Services/Sources/MC1Services/Services/NotificationService.swift",
      "MC1Services/Sources/MC1Services/Protocols/NotificationStringProvider.swift"
    ],
    "android_only": [],
    "generated_inputs": [],
    "feature_acceptance": "not established by headers"
  },
  {
    "implementation": "android/core/services/src/main/kotlin/com/meshcoreone/android/core/services/notifications/NotificationSwiftText.kt",
    "sources": [],
    "android_only": [
      "WP-215"
    ],
    "generated_inputs": [],
    "feature_acceptance": "not established by headers"
  },
  {
    "implementation": "android/core/services/src/main/kotlin/com/meshcoreone/android/core/services/reactions/ChannelMessageFormat.kt",
    "sources": [
      "MC1Services/Sources/MC1Services/Utilities/ChannelMessageFormat.swift"
    ],
    "android_only": [],
    "generated_inputs": [],
    "feature_acceptance": "not established by headers"
  },
  {
    "implementation": "android/core/services/src/main/kotlin/com/meshcoreone/android/core/services/reactions/ChannelRXCorrelation.kt",
    "sources": [
      "MC1Services/Sources/MC1Services/Utilities/ChannelRXCorrelation.swift"
    ],
    "android_only": [],
    "generated_inputs": [],
    "feature_acceptance": "not established by headers"
  },
  {
    "implementation": "android/core/services/src/main/kotlin/com/meshcoreone/android/core/services/reactions/DeduplicationKey.kt",
    "sources": [
      "MC1Services/Sources/MC1Services/Utilities/DeduplicationKey.swift"
    ],
    "android_only": [],
    "generated_inputs": [],
    "feature_acceptance": "not established by headers"
  },
  {
    "implementation": "android/core/services/src/main/kotlin/com/meshcoreone/android/core/services/reactions/HeardRepeatEvent.kt",
    "sources": [
      "MC1Services/Sources/MC1Services/Services/HeardRepeatEvent.swift"
    ],
    "android_only": [],
    "generated_inputs": [],
    "feature_acceptance": "not established by headers"
  },
  {
    "implementation": "android/core/services/src/main/kotlin/com/meshcoreone/android/core/services/reactions/HeardRepeatsService.kt",
    "sources": [
      "MC1Services/Sources/MC1Services/Services/HeardRepeatsService.swift"
    ],
    "android_only": [],
    "generated_inputs": [],
    "feature_acceptance": "not established by headers"
  },
  {
    "implementation": "android/core/services/src/main/kotlin/com/meshcoreone/android/core/services/reactions/InboundHopAdoption.kt",
    "sources": [
      "MC1Services/Sources/MC1Services/Services/InboundHopAdoption.swift"
    ],
    "android_only": [],
    "generated_inputs": [],
    "feature_acceptance": "not established by headers"
  },
  {
    "implementation": "android/core/services/src/main/kotlin/com/meshcoreone/android/core/services/reactions/MeshCoreOpenReactionParser.kt",
    "sources": [
      "MC1Services/Sources/MC1Services/Services/MeshCoreOpenReactionParser.swift"
    ],
    "android_only": [],
    "generated_inputs": [],
    "feature_acceptance": "not established by headers"
  },
  {
    "implementation": "android/core/services/src/main/kotlin/com/meshcoreone/android/core/services/reactions/MessageDTOReactionVisibility.kt",
    "sources": [
      "MC1Services/Sources/MC1Services/Services/MessageDTO+ReactionVisibility.swift"
    ],
    "android_only": [],
    "generated_inputs": [],
    "feature_acceptance": "not established by headers"
  },
  {
    "implementation": "android/core/services/src/main/kotlin/com/meshcoreone/android/core/services/reactions/ReactionParser.kt",
    "sources": [
      "MC1Services/Sources/MC1Services/Services/ReactionParser.swift"
    ],
    "android_only": [],
    "generated_inputs": [],
    "feature_acceptance": "not established by headers"
  },
  {
    "implementation": "android/core/services/src/main/kotlin/com/meshcoreone/android/core/services/reactions/ReactionService.kt",
    "sources": [
      "MC1Services/Sources/MC1Services/Services/ReactionService.swift"
    ],
    "android_only": [],
    "generated_inputs": [],
    "feature_acceptance": "not established by headers"
  },
  {
    "implementation": "android/core/services/src/main/kotlin/com/meshcoreone/android/core/services/reactions/SwiftIntegerText.kt",
    "sources": [],
    "android_only": [
      "WP-216"
    ],
    "generated_inputs": [],
    "feature_acceptance": "not established by headers"
  },
  {
    "implementation": "android/core/services/src/main/kotlin/com/meshcoreone/android/core/services/remote/BinaryProtocolError.kt",
    "sources": [
      "MC1Services/Sources/MC1Services/Services/BinaryProtocolService.swift"
    ],
    "android_only": [],
    "generated_inputs": [],
    "feature_acceptance": "not established by headers"
  },
  {
    "implementation": "android/core/services/src/main/kotlin/com/meshcoreone/android/core/services/remote/BinaryProtocolService.kt",
    "sources": [
      "MC1Services/Sources/MC1Services/Services/BinaryProtocolService.swift"
    ],
    "android_only": [],
    "generated_inputs": [],
    "feature_acceptance": "not established by headers"
  },
  {
    "implementation": "android/core/services/src/main/kotlin/com/meshcoreone/android/core/services/remote/CLIResponse.kt",
    "sources": [
      "MC1Services/Sources/MC1Services/Services/CLIResponse.swift"
    ],
    "android_only": [],
    "generated_inputs": [],
    "feature_acceptance": "not established by headers"
  },
  {
    "implementation": "android/core/services/src/main/kotlin/com/meshcoreone/android/core/services/remote/KeepAliveRetryPolicy.kt",
    "sources": [
      "MC1Services/Sources/MC1Services/Services/KeepAliveRetryPolicy.swift"
    ],
    "android_only": [],
    "generated_inputs": [],
    "feature_acceptance": "not established by headers"
  },
  {
    "implementation": "android/core/services/src/main/kotlin/com/meshcoreone/android/core/services/remote/LoginResult.kt",
    "sources": [
      "MC1Services/Sources/MC1Services/Services/LoginResult.swift"
    ],
    "android_only": [],
    "generated_inputs": [],
    "feature_acceptance": "not established by headers"
  },
  {
    "implementation": "android/core/services/src/main/kotlin/com/meshcoreone/android/core/services/remote/LoginTimeoutConfig.kt",
    "sources": [
      "MC1Services/Sources/MC1Services/Services/LoginTimeoutConfig.swift"
    ],
    "android_only": [],
    "generated_inputs": [],
    "feature_acceptance": "not established by headers"
  },
  {
    "implementation": "android/core/services/src/main/kotlin/com/meshcoreone/android/core/services/remote/NodeConfigImportExecutor.kt",
    "sources": [
      "MC1Services/Sources/MC1Services/Services/NodeConfigService.swift"
    ],
    "android_only": [],
    "generated_inputs": [],
    "feature_acceptance": "not established by headers"
  },
  {
    "implementation": "android/core/services/src/main/kotlin/com/meshcoreone/android/core/services/remote/NodeConfigImportPlanner.kt",
    "sources": [
      "MC1Services/Sources/MC1Services/Services/NodeConfigImportPlanner.swift"
    ],
    "android_only": [],
    "generated_inputs": [],
    "feature_acceptance": "not established by headers"
  },
  {
    "implementation": "android/core/services/src/main/kotlin/com/meshcoreone/android/core/services/remote/NodeConfigJson.kt",
    "sources": [
      "MC1Services/Sources/MC1Services/Models/NodeConfig.swift"
    ],
    "android_only": [],
    "generated_inputs": [],
    "feature_acceptance": "not established by headers"
  },
  {
    "implementation": "android/core/services/src/main/kotlin/com/meshcoreone/android/core/services/remote/NodeConfigJsonSyntax.kt",
    "sources": [],
    "android_only": [
      "WP-210"
    ],
    "generated_inputs": [],
    "feature_acceptance": "not established by headers"
  },
  {
    "implementation": "android/core/services/src/main/kotlin/com/meshcoreone/android/core/services/remote/NodeConfigService.kt",
    "sources": [
      "MC1Services/Sources/MC1Services/Services/NodeConfigService.swift"
    ],
    "android_only": [],
    "generated_inputs": [],
    "feature_acceptance": "not established by headers"
  },
  {
    "implementation": "android/core/services/src/main/kotlin/com/meshcoreone/android/core/services/remote/NodeConfigServiceTypes.kt",
    "sources": [
      "MC1Services/Sources/MC1Services/Services/NodeConfigService.swift"
    ],
    "android_only": [],
    "generated_inputs": [],
    "feature_acceptance": "not established by headers"
  },
  {
    "implementation": "android/core/services/src/main/kotlin/com/meshcoreone/android/core/services/remote/NodeConfigSwiftText.kt",
    "sources": [],
    "android_only": [
      "WP-210"
    ],
    "generated_inputs": [],
    "feature_acceptance": "not established by headers"
  },
  {
    "implementation": "android/core/services/src/main/kotlin/com/meshcoreone/android/core/services/remote/NodeSettingsResponseParser.kt",
    "sources": [
      "MC1Services/Sources/MC1Services/Services/NodeSettingsResponseParser.swift"
    ],
    "android_only": [],
    "generated_inputs": [],
    "feature_acceptance": "not established by headers"
  },
  {
    "implementation": "android/core/services/src/main/kotlin/com/meshcoreone/android/core/services/remote/NodeSnapshotService.kt",
    "sources": [
      "MC1Services/Sources/MC1Services/Services/NodeSnapshotService.swift"
    ],
    "android_only": [],
    "generated_inputs": [],
    "feature_acceptance": "not established by headers"
  },
  {
    "implementation": "android/core/services/src/main/kotlin/com/meshcoreone/android/core/services/remote/RemoteAdminPorts.kt",
    "sources": [],
    "android_only": [
      "WP-210"
    ],
    "generated_inputs": [],
    "feature_acceptance": "not established by headers"
  },
  {
    "implementation": "android/core/services/src/main/kotlin/com/meshcoreone/android/core/services/remote/RemoteCLICommandRewriter.kt",
    "sources": [
      "MC1Services/Sources/MC1Services/Services/RemoteCLICommandRewriter.swift"
    ],
    "android_only": [],
    "generated_inputs": [],
    "feature_acceptance": "not established by headers"
  },
  {
    "implementation": "android/core/services/src/main/kotlin/com/meshcoreone/android/core/services/remote/RemoteNodeError.kt",
    "sources": [
      "MC1Services/Sources/MC1Services/Errors/RemoteNodeError.swift"
    ],
    "android_only": [],
    "generated_inputs": [],
    "feature_acceptance": "not established by headers"
  },
  {
    "implementation": "android/core/services/src/main/kotlin/com/meshcoreone/android/core/services/remote/RemoteNodeEvent.kt",
    "sources": [
      "MC1Services/Sources/MC1Services/Services/RemoteNodeEvent.swift"
    ],
    "android_only": [],
    "generated_inputs": [],
    "feature_acceptance": "not established by headers"
  },
  {
    "implementation": "android/core/services/src/main/kotlin/com/meshcoreone/android/core/services/remote/RemoteNodePorts.kt",
    "sources": [],
    "android_only": [
      "WP-210"
    ],
    "generated_inputs": [],
    "feature_acceptance": "not established by headers"
  },
  {
    "implementation": "android/core/services/src/main/kotlin/com/meshcoreone/android/core/services/remote/RemoteNodeService.kt",
    "sources": [
      "MC1Services/Sources/MC1Services/Services/RemoteNodeService.swift"
    ],
    "android_only": [],
    "generated_inputs": [],
    "feature_acceptance": "not established by headers"
  },
  {
    "implementation": "android/core/services/src/main/kotlin/com/meshcoreone/android/core/services/remote/RemoteNodeServiceCLI.kt",
    "sources": [
      "MC1Services/Sources/MC1Services/Services/RemoteNodeService+CLI.swift"
    ],
    "android_only": [],
    "generated_inputs": [],
    "feature_acceptance": "not established by headers"
  },
  {
    "implementation": "android/core/services/src/main/kotlin/com/meshcoreone/android/core/services/remote/RemoteNodeServiceLogin.kt",
    "sources": [
      "MC1Services/Sources/MC1Services/Services/RemoteNodeService+Login.swift"
    ],
    "android_only": [],
    "generated_inputs": [],
    "feature_acceptance": "not established by headers"
  },
  {
    "implementation": "android/core/services/src/main/kotlin/com/meshcoreone/android/core/services/remote/RemoteNodeServicePathRecovery.kt",
    "sources": [
      "MC1Services/Sources/MC1Services/Services/RemoteNodeService+PathRecovery.swift"
    ],
    "android_only": [],
    "generated_inputs": [],
    "feature_acceptance": "not established by headers"
  },
  {
    "implementation": "android/core/services/src/main/kotlin/com/meshcoreone/android/core/services/remote/RemoteNodeServiceReconnection.kt",
    "sources": [
      "MC1Services/Sources/MC1Services/Services/RemoteNodeService+Reconnection.swift"
    ],
    "android_only": [],
    "generated_inputs": [],
    "feature_acceptance": "not established by headers"
  },
  {
    "implementation": "android/core/services/src/main/kotlin/com/meshcoreone/android/core/services/remote/RemoteNodeServiceTelemetry.kt",
    "sources": [
      "MC1Services/Sources/MC1Services/Services/RemoteNodeService+Telemetry.swift"
    ],
    "android_only": [],
    "generated_inputs": [],
    "feature_acceptance": "not established by headers"
  },
  {
    "implementation": "android/core/services/src/main/kotlin/com/meshcoreone/android/core/services/remote/RemoteOperationTimeoutPolicy.kt",
    "sources": [
      "MC1Services/Sources/MC1Services/Services/RemoteOperationTimeoutPolicy.swift"
    ],
    "android_only": [],
    "generated_inputs": [],
    "feature_acceptance": "not established by headers"
  },
  {
    "implementation": "android/core/services/src/main/kotlin/com/meshcoreone/android/core/services/remote/RemoteResponseCompatibility.kt",
    "sources": [
      "MC1Services/Sources/MC1Services/Extensions/StatusResponse+Compatibility.swift",
      "MC1Services/Sources/MC1Services/Extensions/TelemetryResponse+DataPoints.swift"
    ],
    "android_only": [],
    "generated_inputs": [],
    "feature_acceptance": "not established by headers"
  },
  {
    "implementation": "android/core/services/src/main/kotlin/com/meshcoreone/android/core/services/remote/RemoteSwiftText.kt",
    "sources": [],
    "android_only": [
      "WP-210"
    ],
    "generated_inputs": [],
    "feature_acceptance": "not established by headers"
  },
  {
    "implementation": "android/core/services/src/main/kotlin/com/meshcoreone/android/core/services/remote/RepeaterAdminService.kt",
    "sources": [
      "MC1Services/Sources/MC1Services/Services/RepeaterAdminService.swift"
    ],
    "android_only": [],
    "generated_inputs": [],
    "feature_acceptance": "not established by headers"
  },
  {
    "implementation": "android/core/services/src/main/kotlin/com/meshcoreone/android/core/services/remote/RoomAdminService.kt",
    "sources": [
      "MC1Services/Sources/MC1Services/Services/RoomAdminService.swift"
    ],
    "android_only": [],
    "generated_inputs": [],
    "feature_acceptance": "not established by headers"
  },
  {
    "implementation": "android/core/services/src/main/kotlin/com/meshcoreone/android/core/services/remote/RoomServerError.kt",
    "sources": [
      "MC1Services/Sources/MC1Services/Services/RoomServerService.swift"
    ],
    "android_only": [],
    "generated_inputs": [],
    "feature_acceptance": "not established by headers"
  },
  {
    "implementation": "android/core/services/src/main/kotlin/com/meshcoreone/android/core/services/remote/RoomServerEvent.kt",
    "sources": [
      "MC1Services/Sources/MC1Services/Services/RoomServerEvent.swift"
    ],
    "android_only": [],
    "generated_inputs": [],
    "feature_acceptance": "not established by headers"
  },
  {
    "implementation": "android/core/services/src/main/kotlin/com/meshcoreone/android/core/services/remote/RoomServerService.kt",
    "sources": [
      "MC1Services/Sources/MC1Services/Services/RoomServerService.swift"
    ],
    "android_only": [],
    "generated_inputs": [],
    "feature_acceptance": "not established by headers"
  },
  {
    "implementation": "android/core/services/src/main/kotlin/com/meshcoreone/android/core/services/remote/RoomServerServiceIncoming.kt",
    "sources": [
      "MC1Services/Sources/MC1Services/Services/RoomServerService.swift"
    ],
    "android_only": [],
    "generated_inputs": [],
    "feature_acceptance": "not established by headers"
  },
  {
    "implementation": "android/core/services/src/main/kotlin/com/meshcoreone/android/core/services/rendering/BaseColorSlot.kt",
    "sources": [
      "MC1Services/Sources/MC1Services/Models/Rendering/BaseColorSlot.swift"
    ],
    "android_only": [],
    "generated_inputs": [],
    "feature_acceptance": "not established by headers"
  },
  {
    "implementation": "android/core/services/src/main/kotlin/com/meshcoreone/android/core/services/rendering/CharacterEmojiDetection.kt",
    "sources": [
      "MC1Services/Sources/MC1Services/Extensions/Character+EmojiDetection.swift"
    ],
    "android_only": [],
    "generated_inputs": [],
    "feature_acceptance": "not established by headers"
  },
  {
    "implementation": "android/core/services/src/main/kotlin/com/meshcoreone/android/core/services/rendering/ChatCoordinator.kt",
    "sources": [
      "MC1Services/Sources/MC1Services/Services/ChatCoordinator.swift",
      "MC1Services/Sources/MC1Services/Services/ChatCoordinator+Mutations.swift",
      "MC1Services/Sources/MC1Services/Services/ChatCoordinator+Reload.swift",
      "MC1Services/Sources/MC1Services/Services/ChatCoordinator+Rebuild.swift"
    ],
    "android_only": [],
    "generated_inputs": [],
    "feature_acceptance": "not established by headers"
  },
  {
    "implementation": "android/core/services/src/main/kotlin/com/meshcoreone/android/core/services/rendering/ChatCoordinatorRegistry.kt",
    "sources": [
      "MC1Services/Sources/MC1Services/Services/ChatCoordinatorRegistry.swift"
    ],
    "android_only": [],
    "generated_inputs": [],
    "feature_acceptance": "not established by headers"
  },
  {
    "implementation": "android/core/services/src/main/kotlin/com/meshcoreone/android/core/services/rendering/ChatRenderState.kt",
    "sources": [
      "MC1Services/Sources/MC1Services/Models/Rendering/ChatRenderState.swift"
    ],
    "android_only": [],
    "generated_inputs": [],
    "feature_acceptance": "not established by headers"
  },
  {
    "implementation": "android/core/services/src/main/kotlin/com/meshcoreone/android/core/services/rendering/ChatTimelineWriter.kt",
    "sources": [
      "MC1Services/Sources/MC1Services/Services/ChatTimelineWriter.swift"
    ],
    "android_only": [],
    "generated_inputs": [],
    "feature_acceptance": "not established by headers"
  },
  {
    "implementation": "android/core/services/src/main/kotlin/com/meshcoreone/android/core/services/rendering/DraftStore.kt",
    "sources": [
      "MC1Services/Sources/MC1Services/Services/DraftStore.swift"
    ],
    "android_only": [],
    "generated_inputs": [],
    "feature_acceptance": "not established by headers"
  },
  {
    "implementation": "android/core/services/src/main/kotlin/com/meshcoreone/android/core/services/rendering/EnvInputs.kt",
    "sources": [
      "MC1Services/Sources/MC1Services/Models/Rendering/EnvInputs.swift"
    ],
    "android_only": [],
    "generated_inputs": [],
    "feature_acceptance": "not established by headers"
  },
  {
    "implementation": "android/core/services/src/main/kotlin/com/meshcoreone/android/core/services/rendering/FoundationCaseFold.kt",
    "sources": [],
    "android_only": [
      "WP-213"
    ],
    "generated_inputs": [],
    "feature_acceptance": "not established by headers"
  },
  {
    "implementation": "android/core/services/src/main/kotlin/com/meshcoreone/android/core/services/rendering/GroupingFlags.kt",
    "sources": [
      "MC1Services/Sources/MC1Services/Models/Rendering/GroupingFlags.swift"
    ],
    "android_only": [],
    "generated_inputs": [],
    "feature_acceptance": "not established by headers"
  },
  {
    "implementation": "android/core/services/src/main/kotlin/com/meshcoreone/android/core/services/rendering/ImageReference.kt",
    "sources": [
      "MC1Services/Sources/MC1Services/Models/Rendering/ImageReference.swift"
    ],
    "android_only": [],
    "generated_inputs": [],
    "feature_acceptance": "not established by headers"
  },
  {
    "implementation": "android/core/services/src/main/kotlin/com/meshcoreone/android/core/services/rendering/IncomingAvatarIdentity.kt",
    "sources": [
      "MC1Services/Sources/MC1Services/Models/Rendering/IncomingAvatarIdentity.swift"
    ],
    "android_only": [],
    "generated_inputs": [],
    "feature_acceptance": "not established by headers"
  },
  {
    "implementation": "android/core/services/src/main/kotlin/com/meshcoreone/android/core/services/rendering/InlineImage.kt",
    "sources": [
      "MC1Services/Sources/MC1Services/Models/Rendering/InlineImage.swift"
    ],
    "android_only": [],
    "generated_inputs": [],
    "feature_acceptance": "not established by headers"
  },
  {
    "implementation": "android/core/services/src/main/kotlin/com/meshcoreone/android/core/services/rendering/InlineImageDimensionsStoring.kt",
    "sources": [],
    "android_only": [
      "WP-213"
    ],
    "generated_inputs": [],
    "feature_acceptance": "not established by headers"
  },
  {
    "implementation": "android/core/services/src/main/kotlin/com/meshcoreone/android/core/services/rendering/LinkPreviewFragmentState.kt",
    "sources": [
      "MC1Services/Sources/MC1Services/Models/Rendering/LinkPreviewFragmentState.swift"
    ],
    "android_only": [],
    "generated_inputs": [],
    "feature_acceptance": "not established by headers"
  },
  {
    "implementation": "android/core/services/src/main/kotlin/com/meshcoreone/android/core/services/rendering/MapPreviewFragmentState.kt",
    "sources": [
      "MC1Services/Sources/MC1Services/Models/Rendering/MapPreviewFragmentState.swift"
    ],
    "android_only": [],
    "generated_inputs": [],
    "feature_acceptance": "not established by headers"
  },
  {
    "implementation": "android/core/services/src/main/kotlin/com/meshcoreone/android/core/services/rendering/MentionUtilities.kt",
    "sources": [
      "MC1Services/Sources/MC1Services/Utilities/MentionUtilities.swift"
    ],
    "android_only": [],
    "generated_inputs": [],
    "feature_acceptance": "not established by headers"
  },
  {
    "implementation": "android/core/services/src/main/kotlin/com/meshcoreone/android/core/services/rendering/MessageBuildInputs.kt",
    "sources": [
      "MC1Services/Sources/MC1Services/Models/Rendering/MessageBuildInputs.swift"
    ],
    "android_only": [],
    "generated_inputs": [],
    "feature_acceptance": "not established by headers"
  },
  {
    "implementation": "android/core/services/src/main/kotlin/com/meshcoreone/android/core/services/rendering/MessageFooter.kt",
    "sources": [
      "MC1Services/Sources/MC1Services/Models/Rendering/MessageFooter.swift"
    ],
    "android_only": [],
    "generated_inputs": [],
    "feature_acceptance": "not established by headers"
  },
  {
    "implementation": "android/core/services/src/main/kotlin/com/meshcoreone/android/core/services/rendering/MessageFragment.kt",
    "sources": [
      "MC1Services/Sources/MC1Services/Models/Rendering/MessageFragment.swift"
    ],
    "android_only": [],
    "generated_inputs": [],
    "feature_acceptance": "not established by headers"
  },
  {
    "implementation": "android/core/services/src/main/kotlin/com/meshcoreone/android/core/services/rendering/MessageFragmentBuilder.kt",
    "sources": [
      "MC1Services/Sources/MC1Services/Services/MessageFragmentBuilder.swift"
    ],
    "android_only": [],
    "generated_inputs": [],
    "feature_acceptance": "not established by headers"
  },
  {
    "implementation": "android/core/services/src/main/kotlin/com/meshcoreone/android/core/services/rendering/MessageItem.kt",
    "sources": [
      "MC1Services/Sources/MC1Services/Models/Rendering/MessageItem.swift"
    ],
    "android_only": [],
    "generated_inputs": [],
    "feature_acceptance": "not established by headers"
  },
  {
    "implementation": "android/core/services/src/main/kotlin/com/meshcoreone/android/core/services/rendering/MessageLRUCache.kt",
    "sources": [
      "MC1Services/Sources/MC1Services/Services/MessageLRUCache.swift"
    ],
    "android_only": [],
    "generated_inputs": [],
    "feature_acceptance": "not established by headers"
  },
  {
    "implementation": "android/core/services/src/main/kotlin/com/meshcoreone/android/core/services/rendering/MessageTextPayload.kt",
    "sources": [
      "MC1Services/Sources/MC1Services/Models/Rendering/MessageTextPayload.swift"
    ],
    "android_only": [],
    "generated_inputs": [],
    "feature_acceptance": "not established by headers"
  },
  {
    "implementation": "android/core/services/src/main/kotlin/com/meshcoreone/android/core/services/rendering/MessageTranslationChrome.kt",
    "sources": [
      "MC1Services/Sources/MC1Services/Models/Rendering/MessageTranslationChrome.swift"
    ],
    "android_only": [],
    "generated_inputs": [],
    "feature_acceptance": "not established by headers"
  },
  {
    "implementation": "android/core/services/src/main/kotlin/com/meshcoreone/android/core/services/rendering/NodeNameResolution.kt",
    "sources": [
      "MC1Services/Sources/MC1Services/Models/Rendering/NodeNameResolution.swift"
    ],
    "android_only": [],
    "generated_inputs": [],
    "feature_acceptance": "not established by headers"
  },
  {
    "implementation": "android/core/services/src/main/kotlin/com/meshcoreone/android/core/services/rendering/PreviewLoadState.kt",
    "sources": [
      "MC1Services/Sources/MC1Services/Models/Rendering/PreviewLoadState.swift"
    ],
    "android_only": [],
    "generated_inputs": [],
    "feature_acceptance": "not established by headers"
  },
  {
    "implementation": "android/core/services/src/main/kotlin/com/meshcoreone/android/core/services/rendering/ReactionWireFormat.kt",
    "sources": [
      "MC1Services/Sources/MC1Services/Services/ReactionParser.swift",
      "MC1Services/Sources/MC1Services/Services/MessageDTO+ReactionVisibility.swift"
    ],
    "android_only": [],
    "generated_inputs": [],
    "feature_acceptance": "not established by headers"
  },
  {
    "implementation": "android/core/services/src/main/kotlin/com/meshcoreone/android/core/services/rendering/SNRQuality.kt",
    "sources": [
      "MC1Services/Sources/MC1Services/Models/Rendering/SNRQuality.swift"
    ],
    "android_only": [],
    "generated_inputs": [],
    "feature_acceptance": "not established by headers"
  },
  {
    "implementation": "android/core/services/src/main/kotlin/com/meshcoreone/android/core/services/rendering/SwiftTextSemantics.kt",
    "sources": [],
    "android_only": [
      "WP-213"
    ],
    "generated_inputs": [],
    "feature_acceptance": "not established by headers"
  },
  {
    "implementation": "android/core/services/src/main/kotlin/com/meshcoreone/android/core/services/rendering/SwiftValueEquality.kt",
    "sources": [],
    "android_only": [
      "WP-213"
    ],
    "generated_inputs": [],
    "feature_acceptance": "not established by headers"
  },
  {
    "implementation": "android/core/services/src/main/kotlin/com/meshcoreone/android/core/services/rendering/WebURL.kt",
    "sources": [],
    "android_only": [
      "WP-213"
    ],
    "generated_inputs": [],
    "feature_acceptance": "not established by headers"
  },
  {
    "implementation": "android/core/services/src/main/kotlin/com/meshcoreone/android/core/services/simulator/DemoInlineImageSeeder.kt",
    "sources": [
      "MC1/Services/DemoInlineImageSeeder.swift"
    ],
    "android_only": [],
    "generated_inputs": [],
    "feature_acceptance": "not established by headers"
  },
  {
    "implementation": "android/core/services/src/main/kotlin/com/meshcoreone/android/core/services/simulator/DemoModeDefaults.kt",
    "sources": [],
    "android_only": [
      "WP-217"
    ],
    "generated_inputs": [],
    "feature_acceptance": "not established by headers"
  },
  {
    "implementation": "android/core/services/src/main/kotlin/com/meshcoreone/android/core/services/simulator/DemoModeManager.kt",
    "sources": [
      "MC1/Utilities/DemoModeManager.swift"
    ],
    "android_only": [],
    "generated_inputs": [],
    "feature_acceptance": "not established by headers"
  },
  {
    "implementation": "android/core/services/src/main/kotlin/com/meshcoreone/android/core/services/simulator/MockDataProvider.kt",
    "sources": [
      "MC1Services/Sources/MC1Services/Simulator/MockDataProvider.swift"
    ],
    "android_only": [],
    "generated_inputs": [],
    "feature_acceptance": "not established by headers"
  },
  {
    "implementation": "android/core/services/src/main/kotlin/com/meshcoreone/android/core/services/simulator/MockDataProviderChannelMessages.kt",
    "sources": [
      "MC1Services/Sources/MC1Services/Simulator/MockDataProvider+ChannelMessages.swift"
    ],
    "android_only": [],
    "generated_inputs": [],
    "feature_acceptance": "not established by headers"
  },
  {
    "implementation": "android/core/services/src/main/kotlin/com/meshcoreone/android/core/services/simulator/MockDataProviderChannels.kt",
    "sources": [
      "MC1Services/Sources/MC1Services/Simulator/MockDataProvider+Channels.swift"
    ],
    "android_only": [],
    "generated_inputs": [],
    "feature_acceptance": "not established by headers"
  },
  {
    "implementation": "android/core/services/src/main/kotlin/com/meshcoreone/android/core/services/simulator/MockDataProviderContacts.kt",
    "sources": [
      "MC1Services/Sources/MC1Services/Simulator/MockDataProvider+Contacts.swift"
    ],
    "android_only": [],
    "generated_inputs": [],
    "feature_acceptance": "not established by headers"
  },
  {
    "implementation": "android/core/services/src/main/kotlin/com/meshcoreone/android/core/services/simulator/MockDataProviderDemoImage.kt",
    "sources": [
      "MC1Services/Sources/MC1Services/Simulator/MockDataProvider+DemoImage.swift"
    ],
    "android_only": [],
    "generated_inputs": [],
    "feature_acceptance": "not established by headers"
  },
  {
    "implementation": "android/core/services/src/main/kotlin/com/meshcoreone/android/core/services/simulator/MockDataProviderDMMessages.kt",
    "sources": [
      "MC1Services/Sources/MC1Services/Simulator/MockDataProvider+DMMessages.swift"
    ],
    "android_only": [],
    "generated_inputs": [],
    "feature_acceptance": "not established by headers"
  },
  {
    "implementation": "android/core/services/src/main/kotlin/com/meshcoreone/android/core/services/simulator/MockDataProviderIncomingPaths.kt",
    "sources": [
      "MC1Services/Sources/MC1Services/Simulator/MockDataProvider+IncomingPaths.swift"
    ],
    "android_only": [],
    "generated_inputs": [],
    "feature_acceptance": "not established by headers"
  },
  {
    "implementation": "android/core/services/src/main/kotlin/com/meshcoreone/android/core/services/simulator/MockDataProviderNodeStatus.kt",
    "sources": [
      "MC1Services/Sources/MC1Services/Simulator/MockDataProvider+NodeStatus.swift"
    ],
    "android_only": [],
    "generated_inputs": [],
    "feature_acceptance": "not established by headers"
  },
  {
    "implementation": "android/core/services/src/main/kotlin/com/meshcoreone/android/core/services/simulator/MockDataProviderReactions.kt",
    "sources": [
      "MC1Services/Sources/MC1Services/Simulator/MockDataProvider+Reactions.swift"
    ],
    "android_only": [],
    "generated_inputs": [],
    "feature_acceptance": "not established by headers"
  },
  {
    "implementation": "android/core/services/src/main/kotlin/com/meshcoreone/android/core/services/simulator/MockDataProviderRepeats.kt",
    "sources": [
      "MC1Services/Sources/MC1Services/Simulator/MockDataProvider+Repeats.swift"
    ],
    "android_only": [],
    "generated_inputs": [],
    "feature_acceptance": "not established by headers"
  },
  {
    "implementation": "android/core/services/src/main/kotlin/com/meshcoreone/android/core/services/simulator/MockDataProviderRxLog.kt",
    "sources": [
      "MC1Services/Sources/MC1Services/Simulator/MockDataProvider+RxLog.swift"
    ],
    "android_only": [],
    "generated_inputs": [],
    "feature_acceptance": "not established by headers"
  },
  {
    "implementation": "android/core/services/src/main/kotlin/com/meshcoreone/android/core/services/simulator/MockMessageFactory.kt",
    "sources": [
      "MC1Services/Sources/MC1Services/Simulator/MockMessageFactory.swift"
    ],
    "android_only": [],
    "generated_inputs": [],
    "feature_acceptance": "not established by headers"
  },
  {
    "implementation": "android/core/services/src/main/kotlin/com/meshcoreone/android/core/services/simulator/SimulatorConnectionMode.kt",
    "sources": [
      "MC1Services/Sources/MC1Services/Simulator/SimulatorConnectionMode.swift"
    ],
    "android_only": [],
    "generated_inputs": [],
    "feature_acceptance": "not established by headers"
  },
  {
    "implementation": "android/core/services/src/main/kotlin/com/meshcoreone/android/core/services/simulator/SimulatorMockTransport.kt",
    "sources": [
      "MC1Services/Sources/MC1Services/Simulator/SimulatorMockTransport.swift"
    ],
    "android_only": [],
    "generated_inputs": [],
    "feature_acceptance": "not established by headers"
  },
  {
    "implementation": "android/core/services/src/main/kotlin/com/meshcoreone/android/core/services/simulator/SimulatorSeedStore.kt",
    "sources": [],
    "android_only": [
      "WP-217"
    ],
    "generated_inputs": [],
    "feature_acceptance": "not established by headers"
  },
  {
    "implementation": "android/core/services/src/main/kotlin/com/meshcoreone/android/core/services/simulator/SimulatorTimeMath.kt",
    "sources": [],
    "android_only": [
      "WP-217"
    ],
    "generated_inputs": [],
    "feature_acceptance": "not established by headers"
  },
  {
    "implementation": "android/core/services/src/main/kotlin/com/meshcoreone/android/core/services/sync/DevicePlatformSyncThrottling.kt",
    "sources": [
      "MC1Services/Sources/MC1Services/Sync/DevicePlatform+SyncThrottling.swift"
    ],
    "android_only": [],
    "generated_inputs": [],
    "feature_acceptance": "not established by headers"
  },
  {
    "implementation": "android/core/services/src/main/kotlin/com/meshcoreone/android/core/services/sync/SyncCodecPorts.kt",
    "sources": [],
    "android_only": [
      "WP-214"
    ],
    "generated_inputs": [],
    "feature_acceptance": "not established by headers"
  },
  {
    "implementation": "android/core/services/src/main/kotlin/com/meshcoreone/android/core/services/sync/SyncCoordinator.kt",
    "sources": [
      "MC1Services/Sources/MC1Services/Sync/SyncCoordinator.swift"
    ],
    "android_only": [],
    "generated_inputs": [],
    "feature_acceptance": "not established by headers"
  },
  {
    "implementation": "android/core/services/src/main/kotlin/com/meshcoreone/android/core/services/sync/SyncCoordinatorChannels.kt",
    "sources": [
      "MC1Services/Sources/MC1Services/Sync/SyncCoordinator+Sync.swift"
    ],
    "android_only": [],
    "generated_inputs": [],
    "feature_acceptance": "not established by headers"
  },
  {
    "implementation": "android/core/services/src/main/kotlin/com/meshcoreone/android/core/services/sync/SyncCoordinatorContacts.kt",
    "sources": [
      "MC1Services/Sources/MC1Services/Sync/SyncCoordinator+Sync.swift"
    ],
    "android_only": [],
    "generated_inputs": [],
    "feature_acceptance": "not established by headers"
  },
  {
    "implementation": "android/core/services/src/main/kotlin/com/meshcoreone/android/core/services/sync/SyncCoordinatorHandlerHelpers.kt",
    "sources": [
      "MC1Services/Sources/MC1Services/Sync/SyncCoordinator+HandlerHelpers.swift",
      "MC1Services/Sources/MC1Services/Sync/SyncCoordinator+MessageHandlers.swift"
    ],
    "android_only": [],
    "generated_inputs": [],
    "feature_acceptance": "not established by headers"
  },
  {
    "implementation": "android/core/services/src/main/kotlin/com/meshcoreone/android/core/services/sync/SyncCoordinatorMessageHandlers.kt",
    "sources": [
      "MC1Services/Sources/MC1Services/Sync/SyncCoordinator+MessageHandlers.swift"
    ],
    "android_only": [],
    "generated_inputs": [],
    "feature_acceptance": "not established by headers"
  },
  {
    "implementation": "android/core/services/src/main/kotlin/com/meshcoreone/android/core/services/sync/SyncCoordinatorReactionHandlers.kt",
    "sources": [
      "MC1Services/Sources/MC1Services/Sync/SyncCoordinator+ReactionHandlers.swift"
    ],
    "android_only": [],
    "generated_inputs": [],
    "feature_acceptance": "not established by headers"
  },
  {
    "implementation": "android/core/services/src/main/kotlin/com/meshcoreone/android/core/services/sync/SyncCoordinatorSync.kt",
    "sources": [
      "MC1Services/Sources/MC1Services/Sync/SyncCoordinator+Sync.swift"
    ],
    "android_only": [],
    "generated_inputs": [],
    "feature_acceptance": "not established by headers"
  },
  {
    "implementation": "android/core/services/src/main/kotlin/com/meshcoreone/android/core/services/sync/SyncDataEvent.kt",
    "sources": [
      "MC1Services/Sources/MC1Services/Sync/SyncDataEvent.swift"
    ],
    "android_only": [],
    "generated_inputs": [],
    "feature_acceptance": "not established by headers"
  },
  {
    "implementation": "android/core/services/src/main/kotlin/com/meshcoreone/android/core/services/sync/SyncDependencies.kt",
    "sources": [
      "MC1Services/Sources/MC1Services/Sync/SyncDependencies.swift"
    ],
    "android_only": [],
    "generated_inputs": [],
    "feature_acceptance": "not established by headers"
  },
  {
    "implementation": "android/core/services/src/main/kotlin/com/meshcoreone/android/core/services/sync/SyncRetryController.kt",
    "sources": [
      "MC1Services/Sources/MC1Services/Sync/ConnectionManager+SyncRetry.swift",
      "MC1Services/Sources/MC1Services/Connection/ConnectionManager+WiFi.swift",
      "MC1Services/Sources/MC1Services/Connection/ConnectionManager.swift"
    ],
    "android_only": [],
    "generated_inputs": [],
    "feature_acceptance": "not established by headers"
  },
  {
    "implementation": "android/core/services/src/main/kotlin/com/meshcoreone/android/core/services/sync/SyncRuntimePorts.kt",
    "sources": [],
    "android_only": [
      "WP-214"
    ],
    "generated_inputs": [],
    "feature_acceptance": "not established by headers"
  },
  {
    "implementation": "android/core/services/src/main/kotlin/com/meshcoreone/android/core/services/sync/SyncServicePorts.kt",
    "sources": [],
    "android_only": [
      "WP-214"
    ],
    "generated_inputs": [],
    "feature_acceptance": "not established by headers"
  },
  {
    "implementation": "android/core/services/src/main/kotlin/com/meshcoreone/android/core/services/sync/SyncSwiftText.kt",
    "sources": [],
    "android_only": [
      "WP-214"
    ],
    "generated_inputs": [],
    "feature_acceptance": "not established by headers"
  },
  {
    "implementation": "android/core/services/src/main/kotlin/com/meshcoreone/android/core/services/sync/SyncThrottlingConfig.kt",
    "sources": [
      "MC1Services/Sources/MC1Services/Sync/SyncThrottlingConfig.swift"
    ],
    "android_only": [],
    "generated_inputs": [],
    "feature_acceptance": "not established by headers"
  },
  {
    "implementation": "android/core/services/src/main/kotlin/com/meshcoreone/android/core/services/sync/SyncTypes.kt",
    "sources": [
      "MC1Services/Sources/MC1Services/Sync/SyncCoordinator.swift"
    ],
    "android_only": [],
    "generated_inputs": [],
    "feature_acceptance": "not established by headers"
  },
  {
    "implementation": "android/core/services/src/test/kotlin/com/meshcoreone/android/core/services/contacts/AdvertFakeStore.kt",
    "sources": [],
    "android_only": [
      "WP-209"
    ],
    "generated_inputs": [],
    "feature_acceptance": "not established by headers"
  },
  {
    "implementation": "android/core/services/src/test/kotlin/com/meshcoreone/android/core/services/contacts/AdvertisementServiceBackgroundTest.kt",
    "sources": [
      "MC1Services/Tests/MC1ServicesTests/AdvertisementServiceTests.swift"
    ],
    "android_only": [],
    "generated_inputs": [],
    "feature_acceptance": "not established by headers"
  },
  {
    "implementation": "android/core/services/src/test/kotlin/com/meshcoreone/android/core/services/contacts/AdvertisementServiceBudgetTest.kt",
    "sources": [
      "MC1Services/Tests/MC1ServicesTests/AdvertisementServiceTests.swift"
    ],
    "android_only": [],
    "generated_inputs": [],
    "feature_acceptance": "not established by headers"
  },
  {
    "implementation": "android/core/services/src/test/kotlin/com/meshcoreone/android/core/services/contacts/AdvertisementServiceNativeTest.kt",
    "sources": [],
    "android_only": [
      "WP-209"
    ],
    "generated_inputs": [],
    "feature_acceptance": "not established by headers"
  },
  {
    "implementation": "android/core/services/src/test/kotlin/com/meshcoreone/android/core/services/contacts/AdvertisementServiceRoundTest.kt",
    "sources": [
      "MC1Services/Tests/MC1ServicesTests/AdvertisementServiceTests.swift"
    ],
    "android_only": [],
    "generated_inputs": [],
    "feature_acceptance": "not established by headers"
  },
  {
    "implementation": "android/core/services/src/test/kotlin/com/meshcoreone/android/core/services/contacts/AdvertisementServiceStoreTest.kt",
    "sources": [
      "MC1Services/Tests/MC1ServicesTests/AdvertisementServiceTests.swift"
    ],
    "android_only": [],
    "generated_inputs": [],
    "feature_acceptance": "not established by headers"
  },
  {
    "implementation": "android/core/services/src/test/kotlin/com/meshcoreone/android/core/services/contacts/AdvertTestSupport.kt",
    "sources": [
      "MC1Services/Tests/MC1ServicesTests/AdvertisementServiceTests.swift"
    ],
    "android_only": [],
    "generated_inputs": [],
    "feature_acceptance": "not established by headers"
  },
  {
    "implementation": "android/core/services/src/test/kotlin/com/meshcoreone/android/core/services/contacts/ChannelFloodScopeResolverTest.kt",
    "sources": [
      "MC1Services/Tests/MC1ServicesTests/ChannelFloodScopeResolverTests.swift"
    ],
    "android_only": [],
    "generated_inputs": [],
    "feature_acceptance": "not established by headers"
  },
  {
    "implementation": "android/core/services/src/test/kotlin/com/meshcoreone/android/core/services/contacts/ChannelServiceNativeTest.kt",
    "sources": [],
    "android_only": [
      "WP-209"
    ],
    "generated_inputs": [],
    "feature_acceptance": "not established by headers"
  },
  {
    "implementation": "android/core/services/src/test/kotlin/com/meshcoreone/android/core/services/contacts/ChannelServicePipelineTest.kt",
    "sources": [
      "MC1Services/Tests/MC1ServicesTests/Services/ChannelServicePipelineTests.swift"
    ],
    "android_only": [],
    "generated_inputs": [],
    "feature_acceptance": "not established by headers"
  },
  {
    "implementation": "android/core/services/src/test/kotlin/com/meshcoreone/android/core/services/contacts/ChannelServiceTest.kt",
    "sources": [
      "MC1Services/Tests/MC1ServicesTests/Services/ChannelServiceTests.swift"
    ],
    "android_only": [],
    "generated_inputs": [],
    "feature_acceptance": "not established by headers"
  },
  {
    "implementation": "android/core/services/src/test/kotlin/com/meshcoreone/android/core/services/contacts/ChannelsInMemoryStore.kt",
    "sources": [],
    "android_only": [
      "WP-209"
    ],
    "generated_inputs": [],
    "feature_acceptance": "not established by headers"
  },
  {
    "implementation": "android/core/services/src/test/kotlin/com/meshcoreone/android/core/services/contacts/ChannelsMockChannelService.kt",
    "sources": [
      "MC1Services/Tests/MC1ServicesTests/Mocks/MockChannelService.swift"
    ],
    "android_only": [],
    "generated_inputs": [],
    "feature_acceptance": "not established by headers"
  },
  {
    "implementation": "android/core/services/src/test/kotlin/com/meshcoreone/android/core/services/contacts/ChannelsMockSession.kt",
    "sources": [
      "MC1Services/Tests/MC1ServicesTests/Mocks/MockMeshCoreSession.swift"
    ],
    "android_only": [],
    "generated_inputs": [],
    "feature_acceptance": "not established by headers"
  },
  {
    "implementation": "android/core/services/src/test/kotlin/com/meshcoreone/android/core/services/contacts/ChannelsTestSupport.kt",
    "sources": [
      "MC1Services/Tests/MC1ServicesTests/Services/ChannelServicePipelineTests.swift"
    ],
    "android_only": [],
    "generated_inputs": [],
    "feature_acceptance": "not established by headers"
  },
  {
    "implementation": "android/core/services/src/test/kotlin/com/meshcoreone/android/core/services/contacts/ContactServiceNativeTests.kt",
    "sources": [],
    "android_only": [
      "WP-209"
    ],
    "generated_inputs": [],
    "feature_acceptance": "not established by headers"
  },
  {
    "implementation": "android/core/services/src/test/kotlin/com/meshcoreone/android/core/services/contacts/ContactServiceSessionTests.kt",
    "sources": [],
    "android_only": [
      "WP-209"
    ],
    "generated_inputs": [],
    "feature_acceptance": "not established by headers"
  },
  {
    "implementation": "android/core/services/src/test/kotlin/com/meshcoreone/android/core/services/contacts/ContactServiceSyncTests.kt",
    "sources": [
      "MC1Services/Tests/MC1ServicesTests/Services/ContactServiceSyncTests.swift"
    ],
    "android_only": [],
    "generated_inputs": [],
    "feature_acceptance": "not established by headers"
  },
  {
    "implementation": "android/core/services/src/test/kotlin/com/meshcoreone/android/core/services/contacts/ContactServiceTests.kt",
    "sources": [
      "MC1Services/Tests/MC1ServicesTests/Services/ContactServiceTests.swift"
    ],
    "android_only": [],
    "generated_inputs": [],
    "feature_acceptance": "not established by headers"
  },
  {
    "implementation": "android/core/services/src/test/kotlin/com/meshcoreone/android/core/services/contacts/ContactShareUtilitiesTests.kt",
    "sources": [
      "MC1Services/Tests/MC1ServicesTests/ContactShareUtilitiesTests.swift"
    ],
    "android_only": [],
    "generated_inputs": [],
    "feature_acceptance": "not established by headers"
  },
  {
    "implementation": "android/core/services/src/test/kotlin/com/meshcoreone/android/core/services/contacts/ContactsMockContactService.kt",
    "sources": [
      "MC1Services/Tests/MC1ServicesTests/Mocks/MockContactService.swift"
    ],
    "android_only": [],
    "generated_inputs": [],
    "feature_acceptance": "not established by headers"
  },
  {
    "implementation": "android/core/services/src/test/kotlin/com/meshcoreone/android/core/services/contacts/ContactsTestSupport.kt",
    "sources": [
      "MC1Services/Tests/MC1ServicesTests/Mocks/MockMeshCoreSession.swift",
      "MC1Services/Tests/MC1ServicesTests/Mocks/MockPersistenceStore.swift"
    ],
    "android_only": [],
    "generated_inputs": [],
    "feature_acceptance": "not established by headers"
  },
  {
    "implementation": "android/core/services/src/test/kotlin/com/meshcoreone/android/core/services/contacts/HashtagUtilitiesTest.kt",
    "sources": [
      "MC1Services/Tests/MC1ServicesTests/Utilities/HashtagUtilitiesTests.swift"
    ],
    "android_only": [],
    "generated_inputs": [],
    "feature_acceptance": "not established by headers"
  },
  {
    "implementation": "android/core/services/src/test/kotlin/com/meshcoreone/android/core/services/contacts/SourceServiceFaultProjectionTests.kt",
    "sources": [],
    "android_only": [
      "WP-209"
    ],
    "generated_inputs": [],
    "feature_acceptance": "not established by headers"
  },
  {
    "implementation": "android/core/services/src/test/kotlin/com/meshcoreone/android/core/services/device/DeviceSettingsFaultTest.kt",
    "sources": [
      "MC1Services/Sources/MC1Services/Services/DeviceService.swift",
      "MC1Services/Sources/MC1Services/Errors/SettingsServiceError.swift"
    ],
    "android_only": [],
    "generated_inputs": [],
    "feature_acceptance": "not established by headers"
  },
  {
    "implementation": "android/core/services/src/test/kotlin/com/meshcoreone/android/core/services/device/DiscoveryTestRoles.kt",
    "sources": [],
    "android_only": [
      "WP-211"
    ],
    "generated_inputs": [],
    "feature_acceptance": "not established by headers"
  },
  {
    "implementation": "android/core/services/src/test/kotlin/com/meshcoreone/android/core/services/device/OCVTest.kt",
    "sources": [
      "MC1Tests/Models/OCVPresetTests.swift",
      "MC1Tests/Models/ContactOCVTests.swift"
    ],
    "android_only": [],
    "generated_inputs": [],
    "feature_acceptance": "not established by headers"
  },
  {
    "implementation": "android/core/services/src/test/kotlin/com/meshcoreone/android/core/services/device/RadioPresetTest.kt",
    "sources": [
      "MC1Services/Tests/MC1ServicesTests/RadioPresetRecommendationTests.swift"
    ],
    "android_only": [],
    "generated_inputs": [],
    "feature_acceptance": "not established by headers"
  },
  {
    "implementation": "android/core/services/src/test/kotlin/com/meshcoreone/android/core/services/device/RegionalAreasTest.kt",
    "sources": [
      "MC1Services/Tests/MC1ServicesTests/RegionalAreasTests.swift"
    ],
    "android_only": [],
    "generated_inputs": [],
    "feature_acceptance": "not established by headers"
  },
  {
    "implementation": "android/core/services/src/test/kotlin/com/meshcoreone/android/core/services/device/RegionDiscoveryTest.kt",
    "sources": [
      "MC1Services/Tests/MC1ServicesTests/Services/RegionDiscoveryServiceTests.swift"
    ],
    "android_only": [],
    "generated_inputs": [],
    "feature_acceptance": "not established by headers"
  },
  {
    "implementation": "android/core/services/src/test/kotlin/com/meshcoreone/android/core/services/device/RegionSelectionRepeatTest.kt",
    "sources": [
      "MC1Services/Tests/MC1ServicesTests/RegionSelectionTests.swift",
      "MC1Services/Tests/MC1ServicesTests/RepeatPresetTests.swift"
    ],
    "android_only": [],
    "generated_inputs": [],
    "feature_acceptance": "not established by headers"
  },
  {
    "implementation": "android/core/services/src/test/kotlin/com/meshcoreone/android/core/services/device/SettingsBoundaryTest.kt",
    "sources": [
      "MC1Services/Sources/MC1Services/Services/SettingsService.swift",
      "MC1Services/Sources/MC1Services/Services/SettingsService+Verified.swift"
    ],
    "android_only": [],
    "generated_inputs": [],
    "feature_acceptance": "not established by headers"
  },
  {
    "implementation": "android/core/services/src/test/kotlin/com/meshcoreone/android/core/services/device/SettingsCloseTest.kt",
    "sources": [],
    "android_only": [
      "WP-211"
    ],
    "generated_inputs": [],
    "feature_acceptance": "not established by headers"
  },
  {
    "implementation": "android/core/services/src/test/kotlin/com/meshcoreone/android/core/services/device/SettingsProtocolSurfaceTest.kt",
    "sources": [
      "MC1Services/Sources/MC1Services/Services/SettingsService.swift",
      "MC1Services/Sources/MC1Services/Services/SettingsService+Verified.swift"
    ],
    "android_only": [],
    "generated_inputs": [],
    "feature_acceptance": "not established by headers"
  },
  {
    "implementation": "android/core/services/src/test/kotlin/com/meshcoreone/android/core/services/device/SettingsSourceTest.kt",
    "sources": [
      "MC1Services/Tests/MC1ServicesTests/Services/SettingsServiceClockTests.swift",
      "MC1Services/Tests/MC1ServicesTests/Services/SettingsServiceDefaultFloodScopeTests.swift",
      "MC1Services/Tests/MC1ServicesTests/Services/SettingsServiceEventStreamTests.swift",
      "MC1Services/Tests/MC1ServicesTests/Services/SettingsServiceLocationTests.swift",
      "MC1Tests/Services/SettingsServiceApplyPresetTests.swift"
    ],
    "android_only": [],
    "generated_inputs": [],
    "feature_acceptance": "not established by headers"
  },
  {
    "implementation": "android/core/services/src/test/kotlin/com/meshcoreone/android/core/services/device/SettingsTestSupport.kt",
    "sources": [],
    "android_only": [
      "WP-211"
    ],
    "generated_inputs": [],
    "feature_acceptance": "not established by headers"
  },
  {
    "implementation": "android/core/services/src/test/kotlin/com/meshcoreone/android/core/services/device/SourceCases.kt",
    "sources": [],
    "android_only": [
      "WP-211"
    ],
    "generated_inputs": [],
    "feature_acceptance": "not established by headers"
  },
  {
    "implementation": "android/core/services/src/test/kotlin/com/meshcoreone/android/core/services/diagnostics/CommandAuditLoggerTest.kt",
    "sources": [
      "MC1Services/Sources/MC1Services/Services/CommandAuditLogger.swift"
    ],
    "android_only": [],
    "generated_inputs": [],
    "feature_acceptance": "not established by headers"
  },
  {
    "implementation": "android/core/services/src/test/kotlin/com/meshcoreone/android/core/services/diagnostics/DebugLogBufferNativeTest.kt",
    "sources": [
      "MC1Services/Sources/MC1Services/Services/DebugLogBuffer.swift"
    ],
    "android_only": [],
    "generated_inputs": [],
    "feature_acceptance": "not established by headers"
  },
  {
    "implementation": "android/core/services/src/test/kotlin/com/meshcoreone/android/core/services/diagnostics/DebugLogBufferTest.kt",
    "sources": [
      "MC1Services/Tests/MC1ServicesTests/Services/DebugLogBufferTests.swift"
    ],
    "android_only": [],
    "generated_inputs": [],
    "feature_acceptance": "not established by headers"
  },
  {
    "implementation": "android/core/services/src/test/kotlin/com/meshcoreone/android/core/services/diagnostics/DebugLogRetentionPruneTest.kt",
    "sources": [
      "MC1Services/Tests/MC1ServicesTests/Services/DebugLogRetentionPruneTests.swift"
    ],
    "android_only": [],
    "generated_inputs": [],
    "feature_acceptance": "not established by headers"
  },
  {
    "implementation": "android/core/services/src/test/kotlin/com/meshcoreone/android/core/services/diagnostics/DiagnosticsWiringTest.kt",
    "sources": [],
    "android_only": [
      "WP-212"
    ],
    "generated_inputs": [],
    "feature_acceptance": "not established by headers"
  },
  {
    "implementation": "android/core/services/src/test/kotlin/com/meshcoreone/android/core/services/diagnostics/LogCoreTestSupport.kt",
    "sources": [
      "MC1Services/Tests/MC1ServicesTests/Mocks/MockPersistenceStore.swift"
    ],
    "android_only": [],
    "generated_inputs": [],
    "feature_acceptance": "not established by headers"
  },
  {
    "implementation": "android/core/services/src/test/kotlin/com/meshcoreone/android/core/services/diagnostics/LogExportServiceTest.kt",
    "sources": [],
    "android_only": [
      "WP-212"
    ],
    "generated_inputs": [],
    "feature_acceptance": "not established by headers"
  },
  {
    "implementation": "android/core/services/src/test/kotlin/com/meshcoreone/android/core/services/diagnostics/LogRedactionTest.kt",
    "sources": [
      "MC1Services/Sources/MC1Services/Utilities/LogRedaction.swift"
    ],
    "android_only": [],
    "generated_inputs": [],
    "feature_acceptance": "not established by headers"
  },
  {
    "implementation": "android/core/services/src/test/kotlin/com/meshcoreone/android/core/services/diagnostics/PersistentLoggerTest.kt",
    "sources": [
      "MC1Services/Tests/MC1ServicesTests/Services/PersistentLoggerTests.swift",
      "MC1Services/Sources/MC1Services/Services/PersistentLogger.swift"
    ],
    "android_only": [],
    "generated_inputs": [],
    "feature_acceptance": "not established by headers"
  },
  {
    "implementation": "android/core/services/src/test/kotlin/com/meshcoreone/android/core/services/diagnostics/rf/RFCalculatorTest.kt",
    "sources": [
      "MC1Services/Tests/MC1ServicesTests/RFCalculatorTests.swift"
    ],
    "android_only": [],
    "generated_inputs": [],
    "feature_acceptance": "not established by headers"
  },
  {
    "implementation": "android/core/services/src/test/kotlin/com/meshcoreone/android/core/services/diagnostics/rf/RFPathAnalysisCharacterizationTest.kt",
    "sources": [
      "MC1Services/Tests/MC1ServicesTests/RFPathAnalysisCharacterizationTests.swift"
    ],
    "android_only": [],
    "generated_inputs": [],
    "feature_acceptance": "not established by headers"
  },
  {
    "implementation": "android/core/services/src/test/kotlin/com/meshcoreone/android/core/services/diagnostics/rf/SegmentAnalysisTypeTest.kt",
    "sources": [
      "MC1Services/Tests/MC1ServicesTests/SegmentAnalysisTests.swift"
    ],
    "android_only": [],
    "generated_inputs": [],
    "feature_acceptance": "not established by headers"
  },
  {
    "implementation": "android/core/services/src/test/kotlin/com/meshcoreone/android/core/services/diagnostics/RxLogServiceAdvertHopTest.kt",
    "sources": [
      "MC1Services/Tests/MC1ServicesTests/Services/RxLogServiceAdvertHopTests.swift"
    ],
    "android_only": [],
    "generated_inputs": [],
    "feature_acceptance": "not established by headers"
  },
  {
    "implementation": "android/core/services/src/test/kotlin/com/meshcoreone/android/core/services/diagnostics/RxLogServiceDirectMessageTest.kt",
    "sources": [],
    "android_only": [
      "WP-212"
    ],
    "generated_inputs": [],
    "feature_acceptance": "not established by headers"
  },
  {
    "implementation": "android/core/services/src/test/kotlin/com/meshcoreone/android/core/services/diagnostics/RxLogServiceRegionReprocessTest.kt",
    "sources": [
      "MC1Services/Tests/MC1ServicesTests/Services/RxLogServiceRegionReprocessTests.swift"
    ],
    "android_only": [],
    "generated_inputs": [],
    "feature_acceptance": "not established by headers"
  },
  {
    "implementation": "android/core/services/src/test/kotlin/com/meshcoreone/android/core/services/diagnostics/RxLogServiceReprocessTest.kt",
    "sources": [
      "MC1Services/Tests/MC1ServicesTests/Services/RxLogServiceReprocessTests.swift"
    ],
    "android_only": [],
    "generated_inputs": [],
    "feature_acceptance": "not established by headers"
  },
  {
    "implementation": "android/core/services/src/test/kotlin/com/meshcoreone/android/core/services/diagnostics/RxLogServiceTestSupport.kt",
    "sources": [
      "MC1Services/Tests/MC1ServicesTests/Services/RxLogServiceReprocessTests.swift",
      "MC1Services/Tests/MC1ServicesTests/Services/RxLogServiceRegionReprocessTests.swift"
    ],
    "android_only": [],
    "generated_inputs": [],
    "feature_acceptance": "not established by headers"
  },
  {
    "implementation": "android/core/services/src/test/kotlin/com/meshcoreone/android/core/services/messaging/AckResilienceTest.kt",
    "sources": [],
    "android_only": [
      "WP-208"
    ],
    "generated_inputs": [],
    "feature_acceptance": "not established by headers"
  },
  {
    "implementation": "android/core/services/src/test/kotlin/com/meshcoreone/android/core/services/messaging/MessagingTestSupport.kt",
    "sources": [
      "MC1Services/Tests/MC1ServicesTests/Helpers/MessageService+Testing.swift"
    ],
    "android_only": [],
    "generated_inputs": [],
    "feature_acceptance": "not established by headers"
  },
  {
    "implementation": "android/core/services/src/test/kotlin/com/meshcoreone/android/core/services/messaging/MockMessagePollingService.kt",
    "sources": [
      "MC1Services/Tests/MC1ServicesTests/Mocks/MockMessagePollingService.swift"
    ],
    "android_only": [],
    "generated_inputs": [],
    "feature_acceptance": "not established by headers"
  },
  {
    "implementation": "android/core/services/src/test/kotlin/com/meshcoreone/android/core/services/messaging/NativeMessagingTest.kt",
    "sources": [],
    "android_only": [
      "WP-208"
    ],
    "generated_inputs": [],
    "feature_acceptance": "not established by headers"
  },
  {
    "implementation": "android/core/services/src/test/kotlin/com/meshcoreone/android/core/services/messaging/PollWaitingTest.kt",
    "sources": [],
    "android_only": [
      "WP-208"
    ],
    "generated_inputs": [],
    "feature_acceptance": "not established by headers"
  },
  {
    "implementation": "android/core/services/src/test/kotlin/com/meshcoreone/android/core/services/messaging/RetirementAndConsumerCloseTest.kt",
    "sources": [],
    "android_only": [
      "WP-208"
    ],
    "generated_inputs": [],
    "feature_acceptance": "not established by headers"
  },
  {
    "implementation": "android/core/services/src/test/kotlin/com/meshcoreone/android/core/services/messaging/ReviewInterleavingTest.kt",
    "sources": [],
    "android_only": [
      "WP-208"
    ],
    "generated_inputs": [],
    "feature_acceptance": "not established by headers"
  },
  {
    "implementation": "android/core/services/src/test/kotlin/com/meshcoreone/android/core/services/messaging/ReviewRecoveryTest.kt",
    "sources": [],
    "android_only": [
      "WP-208"
    ],
    "generated_inputs": [],
    "feature_acceptance": "not established by headers"
  },
  {
    "implementation": "android/core/services/src/test/kotlin/com/meshcoreone/android/core/services/messaging/SourceAckTest.kt",
    "sources": [
      "MC1Services/Tests/MC1ServicesTests/Services/MessageServiceACKTests.swift"
    ],
    "android_only": [],
    "generated_inputs": [],
    "feature_acceptance": "not established by headers"
  },
  {
    "implementation": "android/core/services/src/test/kotlin/com/meshcoreone/android/core/services/messaging/SourceChatQueueTest.kt",
    "sources": [
      "MC1Services/Tests/MC1ServicesTests/Services/ChatSendQueueServiceTests.swift",
      "MC1Services/Tests/MC1ServicesTests/Services/ChatSendQueueServiceAttemptCountTests.swift"
    ],
    "android_only": [],
    "generated_inputs": [],
    "feature_acceptance": "not established by headers"
  },
  {
    "implementation": "android/core/services/src/test/kotlin/com/meshcoreone/android/core/services/messaging/SourceSendQueueTest.kt",
    "sources": [
      "MC1Tests/State/SendQueueTests.swift"
    ],
    "android_only": [],
    "generated_inputs": [],
    "feature_acceptance": "not established by headers"
  },
  {
    "implementation": "android/core/services/src/test/kotlin/com/meshcoreone/android/core/services/messaging/SourceSendTest.kt",
    "sources": [
      "MC1Services/Tests/MC1ServicesTests/Services/MessageServiceSendTests.swift",
      "MC1Services/Tests/MC1ServicesTests/Services/MessageServiceSendDMBookkeepingTests.swift",
      "MC1Services/Tests/MC1ServicesTests/Services/MessageServiceListenerIntegrationTests.swift"
    ],
    "android_only": [],
    "generated_inputs": [],
    "feature_acceptance": "not established by headers"
  },
  {
    "implementation": "android/core/services/src/test/kotlin/com/meshcoreone/android/core/services/messaging/SourceValuesTest.kt",
    "sources": [
      "MC1Services/Tests/MC1ServicesTests/DeduplicationKeyTests.swift",
      "MC1Services/Tests/MC1ServicesTests/Services/MessageDeduplicationTests.swift",
      "MC1Services/Tests/MC1ServicesTests/Services/AckCodeBuilderTests.swift",
      "MC1Services/Tests/MC1ServicesTests/Services/BLETransportOpenedSignalTests.swift",
      "MC1Services/Tests/MC1ServicesTests/Services/MessageServiceConfigTests.swift",
      "MC1Services/Tests/MC1ServicesTests/Services/MessageServiceTests.swift",
      "MC1Services/Tests/MC1ServicesTests/Utilities/ChannelRXCorrelationTests.swift"
    ],
    "android_only": [],
    "generated_inputs": [],
    "feature_acceptance": "not established by headers"
  },
  {
    "implementation": "android/core/services/src/test/kotlin/com/meshcoreone/android/core/services/notifications/NotificationActionHandlerTests.kt",
    "sources": [
      "MC1Services/Tests/MC1ServicesTests/Services/NotificationActionHandlerTests.swift"
    ],
    "android_only": [],
    "generated_inputs": [],
    "feature_acceptance": "not established by headers"
  },
  {
    "implementation": "android/core/services/src/test/kotlin/com/meshcoreone/android/core/services/notifications/NotificationPolicyNativeTests.kt",
    "sources": [],
    "android_only": [
      "WP-215"
    ],
    "generated_inputs": [],
    "feature_acceptance": "not established by headers"
  },
  {
    "implementation": "android/core/services/src/test/kotlin/com/meshcoreone/android/core/services/notifications/NotificationServiceTests.kt",
    "sources": [
      "MC1Services/Tests/MC1ServicesTests/Services/NotificationServiceTests.swift"
    ],
    "android_only": [],
    "generated_inputs": [],
    "feature_acceptance": "not established by headers"
  },
  {
    "implementation": "android/core/services/src/test/kotlin/com/meshcoreone/android/core/services/notifications/NotificationStringProviderTests.kt",
    "sources": [
      "MC1Services/Tests/MC1ServicesTests/Services/NotificationStringProviderTests.swift"
    ],
    "android_only": [],
    "generated_inputs": [],
    "feature_acceptance": "not established by headers"
  },
  {
    "implementation": "android/core/services/src/test/kotlin/com/meshcoreone/android/core/services/notifications/NotificationTestSupport.kt",
    "sources": [],
    "android_only": [
      "WP-215"
    ],
    "generated_inputs": [],
    "feature_acceptance": "not established by headers"
  },
  {
    "implementation": "android/core/services/src/test/kotlin/com/meshcoreone/android/core/services/notifications/NotificationTransactionNativeTests.kt",
    "sources": [],
    "android_only": [
      "WP-215"
    ],
    "generated_inputs": [],
    "feature_acceptance": "not established by headers"
  },
  {
    "implementation": "android/core/services/src/test/kotlin/com/meshcoreone/android/core/services/reactions/HeardRepeatsServiceBehaviorTest.kt",
    "sources": [],
    "android_only": [
      "WP-216"
    ],
    "generated_inputs": [],
    "feature_acceptance": "not established by headers"
  },
  {
    "implementation": "android/core/services/src/test/kotlin/com/meshcoreone/android/core/services/reactions/HeardRepeatsServiceTest.kt",
    "sources": [
      "MC1Services/Tests/MC1ServicesTests/Services/HeardRepeatsServiceTests.swift"
    ],
    "android_only": [],
    "generated_inputs": [],
    "feature_acceptance": "not established by headers"
  },
  {
    "implementation": "android/core/services/src/test/kotlin/com/meshcoreone/android/core/services/reactions/InboundHopAdoptionTest.kt",
    "sources": [],
    "android_only": [
      "WP-216"
    ],
    "generated_inputs": [],
    "feature_acceptance": "not established by headers"
  },
  {
    "implementation": "android/core/services/src/test/kotlin/com/meshcoreone/android/core/services/reactions/MeshCoreOpenReactionParserTest.kt",
    "sources": [
      "MC1Services/Tests/MC1ServicesTests/Services/MeshCoreOpenReactionParserTests.swift"
    ],
    "android_only": [],
    "generated_inputs": [],
    "feature_acceptance": "not established by headers"
  },
  {
    "implementation": "android/core/services/src/test/kotlin/com/meshcoreone/android/core/services/reactions/ReactionParserTest.kt",
    "sources": [
      "MC1Services/Tests/MC1ServicesTests/Services/ReactionParserTests.swift"
    ],
    "android_only": [],
    "generated_inputs": [],
    "feature_acceptance": "not established by headers"
  },
  {
    "implementation": "android/core/services/src/test/kotlin/com/meshcoreone/android/core/services/reactions/ReactionServiceBehaviorTest.kt",
    "sources": [],
    "android_only": [
      "WP-216"
    ],
    "generated_inputs": [],
    "feature_acceptance": "not established by headers"
  },
  {
    "implementation": "android/core/services/src/test/kotlin/com/meshcoreone/android/core/services/reactions/ReactionServiceTest.kt",
    "sources": [
      "MC1Services/Tests/MC1ServicesTests/Services/ReactionServiceTests.swift"
    ],
    "android_only": [],
    "generated_inputs": [],
    "feature_acceptance": "not established by headers"
  },
  {
    "implementation": "android/core/services/src/test/kotlin/com/meshcoreone/android/core/services/reactions/ReactionsFixtures.kt",
    "sources": [
      "MC1Services/Tests/MC1ServicesTests/Helpers/MessageDTO+Testing.swift"
    ],
    "android_only": [],
    "generated_inputs": [],
    "feature_acceptance": "not established by headers"
  },
  {
    "implementation": "android/core/services/src/test/kotlin/com/meshcoreone/android/core/services/reactions/ReactionsInMemoryStores.kt",
    "sources": [],
    "android_only": [
      "WP-216"
    ],
    "generated_inputs": [],
    "feature_acceptance": "not established by headers"
  },
  {
    "implementation": "android/core/services/src/test/kotlin/com/meshcoreone/android/core/services/reactions/ReactionsSwiftOracleTest.kt",
    "sources": [],
    "android_only": [
      "WP-216"
    ],
    "generated_inputs": [],
    "feature_acceptance": "not established by headers"
  },
  {
    "implementation": "android/core/services/src/test/kotlin/com/meshcoreone/android/core/services/reactions/ReactionsSwiftOracleVectors.kt",
    "sources": [],
    "android_only": [
      "WP-216"
    ],
    "generated_inputs": [],
    "feature_acceptance": "not established by headers"
  },
  {
    "implementation": "android/core/services/src/test/kotlin/com/meshcoreone/android/core/services/reactions/ReactionWireFormatAgreementTest.kt",
    "sources": [],
    "android_only": [
      "WP-216"
    ],
    "generated_inputs": [],
    "feature_acceptance": "not established by headers"
  },
  {
    "implementation": "android/core/services/src/test/kotlin/com/meshcoreone/android/core/services/remote/BinaryProtocolServiceTest.kt",
    "sources": [],
    "android_only": [
      "WP-210"
    ],
    "generated_inputs": [],
    "feature_acceptance": "not established by headers"
  },
  {
    "implementation": "android/core/services/src/test/kotlin/com/meshcoreone/android/core/services/remote/CLIResponseProtocolTest.kt",
    "sources": [
      "MC1Tests/Protocol/CLIResponseTests.swift"
    ],
    "android_only": [],
    "generated_inputs": [],
    "feature_acceptance": "not established by headers"
  },
  {
    "implementation": "android/core/services/src/test/kotlin/com/meshcoreone/android/core/services/remote/CLIResponseServicesTest.kt",
    "sources": [
      "MC1Services/Tests/MC1ServicesTests/Services/CLIResponseTests.swift"
    ],
    "android_only": [],
    "generated_inputs": [],
    "feature_acceptance": "not established by headers"
  },
  {
    "implementation": "android/core/services/src/test/kotlin/com/meshcoreone/android/core/services/remote/LoginTimeoutConfigTest.kt",
    "sources": [
      "MC1Services/Tests/MC1ServicesTests/Services/LoginTimeoutConfigTests.swift"
    ],
    "android_only": [],
    "generated_inputs": [],
    "feature_acceptance": "not established by headers"
  },
  {
    "implementation": "android/core/services/src/test/kotlin/com/meshcoreone/android/core/services/remote/NodeConfigImportOtherParamsLiveTest.kt",
    "sources": [
      "MC1Services/Tests/MC1ServicesTests/Services/NodeConfigServiceTests.swift"
    ],
    "android_only": [],
    "generated_inputs": [],
    "feature_acceptance": "not established by headers"
  },
  {
    "implementation": "android/core/services/src/test/kotlin/com/meshcoreone/android/core/services/remote/NodeConfigImportPlannerTest.kt",
    "sources": [
      "MC1Services/Tests/MC1ServicesTests/Services/NodeConfigImportPlannerTests.swift"
    ],
    "android_only": [],
    "generated_inputs": [],
    "feature_acceptance": "not established by headers"
  },
  {
    "implementation": "android/core/services/src/test/kotlin/com/meshcoreone/android/core/services/remote/NodeConfigServiceFlowTest.kt",
    "sources": [],
    "android_only": [
      "WP-210"
    ],
    "generated_inputs": [],
    "feature_acceptance": "not established by headers"
  },
  {
    "implementation": "android/core/services/src/test/kotlin/com/meshcoreone/android/core/services/remote/NodeConfigServiceTest.kt",
    "sources": [
      "MC1Services/Tests/MC1ServicesTests/Services/NodeConfigServiceTests.swift"
    ],
    "android_only": [],
    "generated_inputs": [],
    "feature_acceptance": "not established by headers"
  },
  {
    "implementation": "android/core/services/src/test/kotlin/com/meshcoreone/android/core/services/remote/NodeConfigSwiftTextTest.kt",
    "sources": [],
    "android_only": [
      "WP-210"
    ],
    "generated_inputs": [],
    "feature_acceptance": "not established by headers"
  },
  {
    "implementation": "android/core/services/src/test/kotlin/com/meshcoreone/android/core/services/remote/NodeConfigTelemetryModesTest.kt",
    "sources": [
      "MC1Services/Sources/MC1Services/Services/TelemetryModes.swift"
    ],
    "android_only": [],
    "generated_inputs": [],
    "feature_acceptance": "not established by headers"
  },
  {
    "implementation": "android/core/services/src/test/kotlin/com/meshcoreone/android/core/services/remote/NodeConfigTest.kt",
    "sources": [
      "MC1Services/Tests/MC1ServicesTests/Services/NodeConfigTests.swift"
    ],
    "android_only": [],
    "generated_inputs": [],
    "feature_acceptance": "not established by headers"
  },
  {
    "implementation": "android/core/services/src/test/kotlin/com/meshcoreone/android/core/services/remote/NodeConfigTestSupport.kt",
    "sources": [],
    "android_only": [
      "WP-210"
    ],
    "generated_inputs": [],
    "feature_acceptance": "not established by headers"
  },
  {
    "implementation": "android/core/services/src/test/kotlin/com/meshcoreone/android/core/services/remote/NodeSettingsResponseParserTest.kt",
    "sources": [
      "MC1Services/Tests/MC1ServicesTests/NodeSettingsResponseParserTests.swift"
    ],
    "android_only": [],
    "generated_inputs": [],
    "feature_acceptance": "not established by headers"
  },
  {
    "implementation": "android/core/services/src/test/kotlin/com/meshcoreone/android/core/services/remote/NodeSnapshotServiceTest.kt",
    "sources": [
      "MC1Services/Tests/MC1ServicesTests/NodeSnapshotServiceTests.swift"
    ],
    "android_only": [],
    "generated_inputs": [],
    "feature_acceptance": "not established by headers"
  },
  {
    "implementation": "android/core/services/src/test/kotlin/com/meshcoreone/android/core/services/remote/RemoteAdminErrorLocalizationTest.kt",
    "sources": [
      "MC1Services/Tests/MC1ServicesTests/Services/ErrorLocalizationTests.swift"
    ],
    "android_only": [],
    "generated_inputs": [],
    "feature_acceptance": "not established by headers"
  },
  {
    "implementation": "android/core/services/src/test/kotlin/com/meshcoreone/android/core/services/remote/RemoteAdminFakes.kt",
    "sources": [],
    "android_only": [
      "WP-210"
    ],
    "generated_inputs": [],
    "feature_acceptance": "not established by headers"
  },
  {
    "implementation": "android/core/services/src/test/kotlin/com/meshcoreone/android/core/services/remote/RemoteAdminWireTest.kt",
    "sources": [],
    "android_only": [
      "WP-210"
    ],
    "generated_inputs": [],
    "feature_acceptance": "not established by headers"
  },
  {
    "implementation": "android/core/services/src/test/kotlin/com/meshcoreone/android/core/services/remote/RemoteCLICommandRewriterTest.kt",
    "sources": [
      "MC1Services/Tests/MC1ServicesTests/Services/RemoteCLICommandRewriterTests.swift"
    ],
    "android_only": [],
    "generated_inputs": [],
    "feature_acceptance": "not established by headers"
  },
  {
    "implementation": "android/core/services/src/test/kotlin/com/meshcoreone/android/core/services/remote/RemoteCoreFakes.kt",
    "sources": [],
    "android_only": [
      "WP-210"
    ],
    "generated_inputs": [],
    "feature_acceptance": "not established by headers"
  },
  {
    "implementation": "android/core/services/src/test/kotlin/com/meshcoreone/android/core/services/remote/RemoteCoreTestSupport.kt",
    "sources": [],
    "android_only": [
      "WP-210"
    ],
    "generated_inputs": [],
    "feature_acceptance": "not established by headers"
  },
  {
    "implementation": "android/core/services/src/test/kotlin/com/meshcoreone/android/core/services/remote/RemoteNodeCLIBehaviorTest.kt",
    "sources": [],
    "android_only": [
      "WP-210"
    ],
    "generated_inputs": [],
    "feature_acceptance": "not established by headers"
  },
  {
    "implementation": "android/core/services/src/test/kotlin/com/meshcoreone/android/core/services/remote/RemoteNodeCLICorrelationTest.kt",
    "sources": [
      "MC1Services/Tests/MC1ServicesTests/Services/RemoteNodeCLICorrelationTests.swift"
    ],
    "android_only": [],
    "generated_inputs": [],
    "feature_acceptance": "not established by headers"
  },
  {
    "implementation": "android/core/services/src/test/kotlin/com/meshcoreone/android/core/services/remote/RemoteNodeKeepAliveTest.kt",
    "sources": [
      "MC1Services/Tests/MC1ServicesTests/Services/RemoteNodeKeepAliveTests.swift"
    ],
    "android_only": [],
    "generated_inputs": [],
    "feature_acceptance": "not established by headers"
  },
  {
    "implementation": "android/core/services/src/test/kotlin/com/meshcoreone/android/core/services/remote/RemoteNodeLoginBehaviorTest.kt",
    "sources": [],
    "android_only": [
      "WP-210"
    ],
    "generated_inputs": [],
    "feature_acceptance": "not established by headers"
  },
  {
    "implementation": "android/core/services/src/test/kotlin/com/meshcoreone/android/core/services/remote/RemoteNodeLoginHealTest.kt",
    "sources": [
      "MC1Services/Tests/MC1ServicesTests/Services/RemoteNodeLoginHealTests.swift"
    ],
    "android_only": [],
    "generated_inputs": [],
    "feature_acceptance": "not established by headers"
  },
  {
    "implementation": "android/core/services/src/test/kotlin/com/meshcoreone/android/core/services/remote/RemoteNodePathRecoveryTest.kt",
    "sources": [
      "MC1Services/Tests/MC1ServicesTests/Services/RemoteNodePathRecoveryTests.swift"
    ],
    "android_only": [],
    "generated_inputs": [],
    "feature_acceptance": "not established by headers"
  },
  {
    "implementation": "android/core/services/src/test/kotlin/com/meshcoreone/android/core/services/remote/RemoteNodeReviewRegressionTest.kt",
    "sources": [],
    "android_only": [
      "WP-210"
    ],
    "generated_inputs": [],
    "feature_acceptance": "not established by headers"
  },
  {
    "implementation": "android/core/services/src/test/kotlin/com/meshcoreone/android/core/services/remote/RemoteNodeServiceAdapterTest.kt",
    "sources": [],
    "android_only": [
      "WP-210"
    ],
    "generated_inputs": [],
    "feature_acceptance": "not established by headers"
  },
  {
    "implementation": "android/core/services/src/test/kotlin/com/meshcoreone/android/core/services/remote/RemoteNodeTeardownTest.kt",
    "sources": [
      "MC1Services/Tests/MC1ServicesTests/Services/RemoteNodeTeardownTests.swift"
    ],
    "android_only": [],
    "generated_inputs": [],
    "feature_acceptance": "not established by headers"
  },
  {
    "implementation": "android/core/services/src/test/kotlin/com/meshcoreone/android/core/services/remote/RemoteRoomNodeConfigFaultProjectionTests.kt",
    "sources": [],
    "android_only": [
      "WP-210"
    ],
    "generated_inputs": [],
    "feature_acceptance": "not established by headers"
  },
  {
    "implementation": "android/core/services/src/test/kotlin/com/meshcoreone/android/core/services/remote/RepeaterAdminServiceTest.kt",
    "sources": [],
    "android_only": [
      "WP-210"
    ],
    "generated_inputs": [],
    "feature_acceptance": "not established by headers"
  },
  {
    "implementation": "android/core/services/src/test/kotlin/com/meshcoreone/android/core/services/remote/RoomAdminServiceTest.kt",
    "sources": [],
    "android_only": [
      "WP-210"
    ],
    "generated_inputs": [],
    "feature_acceptance": "not established by headers"
  },
  {
    "implementation": "android/core/services/src/test/kotlin/com/meshcoreone/android/core/services/remote/RoomServerIncomingTest.kt",
    "sources": [],
    "android_only": [
      "WP-210"
    ],
    "generated_inputs": [],
    "feature_acceptance": "not established by headers"
  },
  {
    "implementation": "android/core/services/src/test/kotlin/com/meshcoreone/android/core/services/remote/RoomServerJoinTest.kt",
    "sources": [],
    "android_only": [
      "WP-210"
    ],
    "generated_inputs": [],
    "feature_acceptance": "not established by headers"
  },
  {
    "implementation": "android/core/services/src/test/kotlin/com/meshcoreone/android/core/services/remote/RoomServerPostingTest.kt",
    "sources": [],
    "android_only": [
      "WP-210"
    ],
    "generated_inputs": [],
    "feature_acceptance": "not established by headers"
  },
  {
    "implementation": "android/core/services/src/test/kotlin/com/meshcoreone/android/core/services/rendering/ChatCoordinatorBehaviorTest.kt",
    "sources": [],
    "android_only": [
      "WP-213"
    ],
    "generated_inputs": [],
    "feature_acceptance": "not established by headers"
  },
  {
    "implementation": "android/core/services/src/test/kotlin/com/meshcoreone/android/core/services/rendering/ChatCoordinatorRegistryTest.kt",
    "sources": [
      "MC1Services/Tests/MC1ServicesTests/Services/ChatCoordinatorRegistryTests.swift",
      "MC1Services/Tests/MC1ServicesTests/Services/ChatCoordinatorRegistryOfflineTests.swift"
    ],
    "android_only": [],
    "generated_inputs": [],
    "feature_acceptance": "not established by headers"
  },
  {
    "implementation": "android/core/services/src/test/kotlin/com/meshcoreone/android/core/services/rendering/ChatCoordinatorTest.kt",
    "sources": [
      "MC1Services/Tests/MC1ServicesTests/Services/ChatCoordinatorTests.swift"
    ],
    "android_only": [],
    "generated_inputs": [],
    "feature_acceptance": "not established by headers"
  },
  {
    "implementation": "android/core/services/src/test/kotlin/com/meshcoreone/android/core/services/rendering/ChatRenderStateTest.kt",
    "sources": [
      "MC1Tests/Views/Chats/Models/ChatRenderStateTests.swift"
    ],
    "android_only": [],
    "generated_inputs": [],
    "feature_acceptance": "not established by headers"
  },
  {
    "implementation": "android/core/services/src/test/kotlin/com/meshcoreone/android/core/services/rendering/ChatTimelineWriterTest.kt",
    "sources": [
      "MC1Services/Tests/MC1ServicesTests/ChatTimelineWriterTests.swift"
    ],
    "android_only": [],
    "generated_inputs": [],
    "feature_acceptance": "not established by headers"
  },
  {
    "implementation": "android/core/services/src/test/kotlin/com/meshcoreone/android/core/services/rendering/DraftStoreTest.kt",
    "sources": [
      "MC1Services/Tests/MC1ServicesTests/DraftStoreTests.swift"
    ],
    "android_only": [],
    "generated_inputs": [],
    "feature_acceptance": "not established by headers"
  },
  {
    "implementation": "android/core/services/src/test/kotlin/com/meshcoreone/android/core/services/rendering/EnvInputsThemeTokenTest.kt",
    "sources": [
      "MC1Services/Tests/MC1ServicesTests/EnvInputsThemeTokenTests.swift"
    ],
    "android_only": [],
    "generated_inputs": [],
    "feature_acceptance": "not established by headers"
  },
  {
    "implementation": "android/core/services/src/test/kotlin/com/meshcoreone/android/core/services/rendering/InlineImageDimensionsStoreTest.kt",
    "sources": [
      "MC1Services/Tests/MC1ServicesTests/InlineImageDimensionsStoreTests.swift"
    ],
    "android_only": [],
    "generated_inputs": [],
    "feature_acceptance": "not established by headers"
  },
  {
    "implementation": "android/core/services/src/test/kotlin/com/meshcoreone/android/core/services/rendering/MentionUtilitiesTest.kt",
    "sources": [],
    "android_only": [
      "WP-213"
    ],
    "generated_inputs": [],
    "feature_acceptance": "not established by headers"
  },
  {
    "implementation": "android/core/services/src/test/kotlin/com/meshcoreone/android/core/services/rendering/MessageFootprintHashTest.kt",
    "sources": [
      "MC1Tests/Views/Chats/Models/MessageFootprintHashTests.swift"
    ],
    "android_only": [],
    "generated_inputs": [],
    "feature_acceptance": "not established by headers"
  },
  {
    "implementation": "android/core/services/src/test/kotlin/com/meshcoreone/android/core/services/rendering/MessageFragmentBuilderOffMainTest.kt",
    "sources": [
      "MC1Tests/Views/Chats/Models/MessageFragmentBuilderOffMainTests.swift"
    ],
    "android_only": [],
    "generated_inputs": [],
    "feature_acceptance": "not established by headers"
  },
  {
    "implementation": "android/core/services/src/test/kotlin/com/meshcoreone/android/core/services/rendering/MessageFragmentBuilderTest.kt",
    "sources": [
      "MC1Tests/Views/Chats/Models/MessageFragmentBuilderTests.swift"
    ],
    "android_only": [],
    "generated_inputs": [],
    "feature_acceptance": "not established by headers"
  },
  {
    "implementation": "android/core/services/src/test/kotlin/com/meshcoreone/android/core/services/rendering/MessageLRUCacheTest.kt",
    "sources": [
      "MC1Services/Tests/MC1ServicesTests/Services/MessageLRUCacheTests.swift"
    ],
    "android_only": [],
    "generated_inputs": [],
    "feature_acceptance": "not established by headers"
  },
  {
    "implementation": "android/core/services/src/test/kotlin/com/meshcoreone/android/core/services/rendering/ReactionWireFormatTest.kt",
    "sources": [],
    "android_only": [
      "WP-213"
    ],
    "generated_inputs": [],
    "feature_acceptance": "not established by headers"
  },
  {
    "implementation": "android/core/services/src/test/kotlin/com/meshcoreone/android/core/services/rendering/RenderingFixtures.kt",
    "sources": [
      "MC1Tests/Views/Chats/Models/MessageFragmentBuilderFixtures.swift",
      "MC1Services/Tests/MC1ServicesTests/Helpers/MessageDTO+Testing.swift"
    ],
    "android_only": [],
    "generated_inputs": [],
    "feature_acceptance": "not established by headers"
  },
  {
    "implementation": "android/core/services/src/test/kotlin/com/meshcoreone/android/core/services/rendering/RenderingInMemoryMessageStore.kt",
    "sources": [],
    "android_only": [
      "WP-213"
    ],
    "generated_inputs": [],
    "feature_acceptance": "not established by headers"
  },
  {
    "implementation": "android/core/services/src/test/kotlin/com/meshcoreone/android/core/services/rendering/RenderingModelsTest.kt",
    "sources": [],
    "android_only": [
      "WP-213"
    ],
    "generated_inputs": [],
    "feature_acceptance": "not established by headers"
  },
  {
    "implementation": "android/core/services/src/test/kotlin/com/meshcoreone/android/core/services/rendering/SwiftCharacterSemanticsTest.kt",
    "sources": [],
    "android_only": [
      "WP-213"
    ],
    "generated_inputs": [],
    "feature_acceptance": "not established by headers"
  },
  {
    "implementation": "android/core/services/src/test/kotlin/com/meshcoreone/android/core/services/simulator/DemoModeManagerTest.kt",
    "sources": [
      "MC1Tests/Utilities/DemoModeManagerTests.swift"
    ],
    "android_only": [],
    "generated_inputs": [],
    "feature_acceptance": "not established by headers"
  },
  {
    "implementation": "android/core/services/src/test/kotlin/com/meshcoreone/android/core/services/simulator/DemoModeNativeTest.kt",
    "sources": [],
    "android_only": [
      "WP-217"
    ],
    "generated_inputs": [],
    "feature_acceptance": "not established by headers"
  },
  {
    "implementation": "android/core/services/src/test/kotlin/com/meshcoreone/android/core/services/simulator/SimulatorInMemorySeedStore.kt",
    "sources": [],
    "android_only": [
      "WP-217"
    ],
    "generated_inputs": [],
    "feature_acceptance": "not established by headers"
  },
  {
    "implementation": "android/core/services/src/test/kotlin/com/meshcoreone/android/core/services/simulator/SimulatorSeedBehaviorTest.kt",
    "sources": [],
    "android_only": [
      "WP-217"
    ],
    "generated_inputs": [],
    "feature_acceptance": "not established by headers"
  },
  {
    "implementation": "android/core/services/src/test/kotlin/com/meshcoreone/android/core/services/simulator/SimulatorSeedDump.kt",
    "sources": [],
    "android_only": [
      "WP-217"
    ],
    "generated_inputs": [],
    "feature_acceptance": "not established by headers"
  },
  {
    "implementation": "android/core/services/src/test/kotlin/com/meshcoreone/android/core/services/simulator/SimulatorSeedSwiftOracleTest.kt",
    "sources": [],
    "android_only": [
      "WP-217"
    ],
    "generated_inputs": [],
    "feature_acceptance": "not established by headers"
  },
  {
    "implementation": "android/core/services/src/test/kotlin/com/meshcoreone/android/core/services/simulator/SimulatorSeedSwiftOracleVectors.kt",
    "sources": [],
    "android_only": [
      "WP-217"
    ],
    "generated_inputs": [],
    "feature_acceptance": "not established by headers"
  },
  {
    "implementation": "android/core/services/src/test/kotlin/com/meshcoreone/android/core/services/simulator/SimulatorSeedTest.kt",
    "sources": [
      "MC1Services/Tests/MC1ServicesTests/SimulatorSeedTests.swift"
    ],
    "android_only": [],
    "generated_inputs": [],
    "feature_acceptance": "not established by headers"
  },
  {
    "implementation": "android/core/services/src/test/kotlin/com/meshcoreone/android/core/services/simulator/SimulatorTestSupport.kt",
    "sources": [],
    "android_only": [
      "WP-217"
    ],
    "generated_inputs": [],
    "feature_acceptance": "not established by headers"
  },
  {
    "implementation": "android/core/services/src/test/kotlin/com/meshcoreone/android/core/services/simulator/SimulatorTransportTest.kt",
    "sources": [],
    "android_only": [
      "WP-217"
    ],
    "generated_inputs": [],
    "feature_acceptance": "not established by headers"
  },
  {
    "implementation": "android/core/services/src/test/kotlin/com/meshcoreone/android/core/services/sync/ConnectionManagerResyncLoopTests.kt",
    "sources": [
      "MC1Services/Tests/MC1ServicesTests/ConnectionManagerResyncLoopTests.swift"
    ],
    "android_only": [],
    "generated_inputs": [],
    "feature_acceptance": "not established by headers"
  },
  {
    "implementation": "android/core/services/src/test/kotlin/com/meshcoreone/android/core/services/sync/DevicePlatformSyncThrottlingTests.kt",
    "sources": [
      "MC1Services/Tests/MC1ServicesTests/DevicePlatformSyncThrottlingTests.swift"
    ],
    "android_only": [],
    "generated_inputs": [],
    "feature_acceptance": "not established by headers"
  },
  {
    "implementation": "android/core/services/src/test/kotlin/com/meshcoreone/android/core/services/sync/FakeSyncRetryHost.kt",
    "sources": [],
    "android_only": [
      "WP-214"
    ],
    "generated_inputs": [],
    "feature_acceptance": "not established by headers"
  },
  {
    "implementation": "android/core/services/src/test/kotlin/com/meshcoreone/android/core/services/sync/ReferenceContactService.kt",
    "sources": [],
    "android_only": [
      "WP-214"
    ],
    "generated_inputs": [],
    "feature_acceptance": "not established by headers"
  },
  {
    "implementation": "android/core/services/src/test/kotlin/com/meshcoreone/android/core/services/sync/SyncCollaboratorFakes.kt",
    "sources": [],
    "android_only": [
      "WP-214"
    ],
    "generated_inputs": [],
    "feature_acceptance": "not established by headers"
  },
  {
    "implementation": "android/core/services/src/test/kotlin/com/meshcoreone/android/core/services/sync/SyncCoordinatorChannelSkipTests.kt",
    "sources": [
      "MC1Services/Tests/MC1ServicesTests/SyncCoordinatorChannelSkipTests.swift"
    ],
    "android_only": [],
    "generated_inputs": [],
    "feature_acceptance": "not established by headers"
  },
  {
    "implementation": "android/core/services/src/test/kotlin/com/meshcoreone/android/core/services/sync/SyncCoordinatorContactTests.kt",
    "sources": [
      "MC1Services/Tests/MC1ServicesTests/SyncCoordinatorTests.swift"
    ],
    "android_only": [],
    "generated_inputs": [],
    "feature_acceptance": "not established by headers"
  },
  {
    "implementation": "android/core/services/src/test/kotlin/com/meshcoreone/android/core/services/sync/SyncCoordinatorDataEventTests.kt",
    "sources": [
      "MC1Services/Tests/MC1ServicesTests/SyncCoordinatorDataEventTests.swift"
    ],
    "android_only": [],
    "generated_inputs": [],
    "feature_acceptance": "not established by headers"
  },
  {
    "implementation": "android/core/services/src/test/kotlin/com/meshcoreone/android/core/services/sync/SyncCoordinatorMessageHandlerTests.kt",
    "sources": [
      "MC1Services/Tests/MC1ServicesTests/SyncCoordinatorMessageHandlerTests.swift"
    ],
    "android_only": [],
    "generated_inputs": [],
    "feature_acceptance": "not established by headers"
  },
  {
    "implementation": "android/core/services/src/test/kotlin/com/meshcoreone/android/core/services/sync/SyncCoordinatorTests.kt",
    "sources": [
      "MC1Services/Tests/MC1ServicesTests/SyncCoordinatorTests.swift"
    ],
    "android_only": [],
    "generated_inputs": [],
    "feature_acceptance": "not established by headers"
  },
  {
    "implementation": "android/core/services/src/test/kotlin/com/meshcoreone/android/core/services/sync/SyncCoordinatorTimestampTests.kt",
    "sources": [
      "MC1Services/Tests/MC1ServicesTests/SyncCoordinatorTimestampTests.swift"
    ],
    "android_only": [],
    "generated_inputs": [],
    "feature_acceptance": "not established by headers"
  },
  {
    "implementation": "android/core/services/src/test/kotlin/com/meshcoreone/android/core/services/sync/SyncFaultProjectionTest.kt",
    "sources": [],
    "android_only": [
      "WP-214"
    ],
    "generated_inputs": [],
    "feature_acceptance": "not established by headers"
  },
  {
    "implementation": "android/core/services/src/test/kotlin/com/meshcoreone/android/core/services/sync/SyncInMemoryStore.kt",
    "sources": [],
    "android_only": [
      "WP-214"
    ],
    "generated_inputs": [],
    "feature_acceptance": "not established by headers"
  },
  {
    "implementation": "android/core/services/src/test/kotlin/com/meshcoreone/android/core/services/sync/SyncMocks.kt",
    "sources": [
      "MC1Services/Tests/MC1ServicesTests/Mocks/MockContactService.swift",
      "MC1Services/Tests/MC1ServicesTests/Mocks/MockChannelService.swift",
      "MC1Services/Tests/MC1ServicesTests/Mocks/MockMessagePollingService.swift",
      "MC1Services/Tests/MC1ServicesTests/Mocks/MockAppStateProvider.swift"
    ],
    "android_only": [],
    "generated_inputs": [],
    "feature_acceptance": "not established by headers"
  },
  {
    "implementation": "android/core/services/src/test/kotlin/com/meshcoreone/android/core/services/sync/SyncNativeIngestionTests.kt",
    "sources": [],
    "android_only": [
      "WP-214"
    ],
    "generated_inputs": [],
    "feature_acceptance": "not established by headers"
  },
  {
    "implementation": "android/core/services/src/test/kotlin/com/meshcoreone/android/core/services/sync/SyncNativeLifecycleTests.kt",
    "sources": [],
    "android_only": [
      "WP-214"
    ],
    "generated_inputs": [],
    "feature_acceptance": "not established by headers"
  },
  {
    "implementation": "android/core/services/src/test/kotlin/com/meshcoreone/android/core/services/sync/SyncTestRuntime.kt",
    "sources": [],
    "android_only": [
      "WP-214"
    ],
    "generated_inputs": [],
    "feature_acceptance": "not established by headers"
  },
  {
    "implementation": "android/core/testing/src/main/kotlin/com/meshcoreone/android/core/testing/CallTracker.kt",
    "sources": [
      "MeshCore/Tests/MeshCoreTestSupport/CallTracker.swift"
    ],
    "android_only": [],
    "generated_inputs": [],
    "feature_acceptance": "not established by headers"
  },
  {
    "implementation": "android/core/testing/src/main/kotlin/com/meshcoreone/android/core/testing/MutableBox.kt",
    "sources": [
      "MC1Tests/Helpers/TestHelpers.swift"
    ],
    "android_only": [],
    "generated_inputs": [],
    "feature_acceptance": "not established by headers"
  },
  {
    "implementation": "android/core/testing/src/main/kotlin/com/meshcoreone/android/core/testing/ReferenceVectorFixture.kt",
    "sources": [],
    "android_only": [
      "WP-004"
    ],
    "generated_inputs": [],
    "feature_acceptance": "not established by headers"
  },
  {
    "implementation": "android/core/testing/src/main/kotlin/com/meshcoreone/android/core/testing/TestClock.kt",
    "sources": [
      "MC1Services/Tests/MC1ServicesTests/Helpers/TestClock.swift",
      "MC1Tests/Helpers/TestClock.swift"
    ],
    "android_only": [],
    "generated_inputs": [],
    "feature_acceptance": "not established by headers"
  },
  {
    "implementation": "android/core/testing/src/main/kotlin/com/meshcoreone/android/core/testing/TestFixtureContainer.kt",
    "sources": [],
    "android_only": [
      "WP-004"
    ],
    "generated_inputs": [],
    "feature_acceptance": "not established by headers"
  },
  {
    "implementation": "android/core/testing/src/main/kotlin/com/meshcoreone/android/core/testing/TestPolling.kt",
    "sources": [
      "MC1Services/Tests/MC1ServicesTests/Helpers/TestPolling.swift",
      "MC1Tests/Helpers/TestPolling.swift",
      "MeshCore/Tests/MeshCoreTests/Helpers/TestPolling.swift"
    ],
    "android_only": [],
    "generated_inputs": [],
    "feature_acceptance": "not established by headers"
  },
  {
    "implementation": "android/core/testing/src/test/kotlin/com/meshcoreone/android/core/testing/ReferenceCodecFixtureTest.kt",
    "sources": [],
    "android_only": [
      "WP-004"
    ],
    "generated_inputs": [],
    "feature_acceptance": "not established by headers"
  },
  {
    "implementation": "android/core/testing/src/test/kotlin/com/meshcoreone/android/core/testing/ReferenceVectorFixtureTest.kt",
    "sources": [],
    "android_only": [
      "WP-004"
    ],
    "generated_inputs": [],
    "feature_acceptance": "not established by headers"
  },
  {
    "implementation": "android/core/testing/src/test/kotlin/com/meshcoreone/android/core/testing/ScriptedOperationTest.kt",
    "sources": [],
    "android_only": [
      "WP-004"
    ],
    "generated_inputs": [],
    "feature_acceptance": "not established by headers"
  },
  {
    "implementation": "android/core/testing/src/test/kotlin/com/meshcoreone/android/core/testing/TestClockTest.kt",
    "sources": [
      "MC1Services/Tests/MC1ServicesTests/Helpers/TestClockTests.swift",
      "MC1Tests/Helpers/TestClockTests.swift"
    ],
    "android_only": [],
    "generated_inputs": [],
    "feature_acceptance": "not established by headers"
  },
  {
    "implementation": "android/core/testing/src/test/kotlin/com/meshcoreone/android/core/testing/TestPollingTest.kt",
    "sources": [
      "MC1Services/Tests/MC1ServicesTests/Helpers/TestPolling.swift",
      "MC1Tests/Helpers/TestPolling.swift",
      "MeshCore/Tests/MeshCoreTests/Helpers/TestPolling.swift"
    ],
    "android_only": [],
    "generated_inputs": [],
    "feature_acceptance": "not established by headers"
  },
  {
    "implementation": "android/core/testing/src/test/kotlin/com/meshcoreone/android/core/testing/TestSupportTest.kt",
    "sources": [
      "MeshCore/Tests/MeshCoreTestSupport/CallTracker.swift",
      "MC1Tests/Helpers/TestHelpers.swift"
    ],
    "android_only": [],
    "generated_inputs": [],
    "feature_acceptance": "not established by headers"
  },
  {
    "implementation": "android/core/ui/src/main/kotlin/com/meshcoreone/android/core/ui/AvatarContent.kt",
    "sources": [
      "MC1/Views/Components/ContactAvatar.swift",
      "MC1/Views/Components/NodeAvatar.swift"
    ],
    "android_only": [],
    "generated_inputs": [],
    "feature_acceptance": "not established by headers"
  },
  {
    "implementation": "android/core/ui/src/main/kotlin/com/meshcoreone/android/core/ui/AvatarCropContent.kt",
    "sources": [
      "MC1/Views/Components/AvatarCropView.swift"
    ],
    "android_only": [],
    "generated_inputs": [],
    "feature_acceptance": "not established by headers"
  },
  {
    "implementation": "android/core/ui/src/main/kotlin/com/meshcoreone/android/core/ui/AvatarCropGeometry.kt",
    "sources": [
      "MC1/Views/Components/AvatarCropGeometry.swift"
    ],
    "android_only": [],
    "generated_inputs": [],
    "feature_acceptance": "not established by headers"
  },
  {
    "implementation": "android/core/ui/src/main/kotlin/com/meshcoreone/android/core/ui/ConnectionStatusContent.kt",
    "sources": [
      "MC1/Views/Components/BLEStatusIndicatorView.swift",
      "MC1/Views/Components/BLEStatusToolbarItem.swift",
      "MC1/Views/Components/SignalBars.swift",
      "MC1/Views/Components/SyncingPillView.swift",
      "MC1/Views/Components/SyncingPillOverlay.swift"
    ],
    "android_only": [],
    "generated_inputs": [],
    "feature_acceptance": "not established by headers"
  },
  {
    "implementation": "android/core/ui/src/main/kotlin/com/meshcoreone/android/core/ui/CropGestureAccumulator.kt",
    "sources": [],
    "android_only": [
      "WP-304"
    ],
    "generated_inputs": [],
    "feature_acceptance": "not established by headers"
  },
  {
    "implementation": "android/core/ui/src/main/kotlin/com/meshcoreone/android/core/ui/DisplayValues.kt",
    "sources": [
      "MC1/Extensions/BatteryInfo+Display.swift",
      "MC1/Extensions/ChannelDTO+DisplayName.swift",
      "MC1/Extensions/Collection+Chunked.swift",
      "MC1/Extensions/ContactType+Display.swift",
      "MC1/Extensions/DecryptStatus+Display.swift",
      "MC1/Extensions/DiscoveredNodeDTO+ContactFrame.swift",
      "MC1/Extensions/NotificationLevel+Display.swift",
      "MC1/Extensions/RoomPermissionLevel+Display.swift",
      "MC1/Extensions/UInt8+Hex.swift"
    ],
    "android_only": [],
    "generated_inputs": [],
    "feature_acceptance": "not established by headers"
  },
  {
    "implementation": "android/core/ui/src/main/kotlin/com/meshcoreone/android/core/ui/ErrorCopy.kt",
    "sources": [
      "MC1/Extensions/Errors/AccessorySetupKitError+UserFacingMessage.swift",
      "MC1/Extensions/Errors/AdvertisementError+UserFacingMessage.swift",
      "MC1/Extensions/Errors/BLEError+UserFacingMessage.swift",
      "MC1/Extensions/Errors/BinaryProtocolError+UserFacingMessage.swift",
      "MC1/Extensions/Errors/ChannelServiceError+UserFacingMessage.swift",
      "MC1/Extensions/Errors/ChatSendQueueServiceError+UserFacingMessage.swift",
      "MC1/Extensions/Errors/ConnectionError+UserFacingMessage.swift",
      "MC1/Extensions/Errors/ContactServiceError+UserFacingMessage.swift",
      "MC1/Extensions/Errors/DeviceServiceError+UserFacingMessage.swift",
      "MC1/Extensions/Errors/KeyGenerationError+UserFacingMessage.swift",
      "MC1/Extensions/Errors/KeychainError+UserFacingMessage.swift",
      "MC1/Extensions/Errors/MeshCoreError+UserFacingMessage.swift",
      "MC1/Extensions/Errors/MessagePollingError+UserFacingMessage.swift",
      "MC1/Extensions/Errors/MessageServiceError+UserFacingMessage.swift",
      "MC1/Extensions/Errors/NodeConfigServiceError+UserFacingMessage.swift",
      "MC1/Extensions/Errors/PersistenceStoreError+UserFacingMessage.swift",
      "MC1/Extensions/Errors/ProtocolError+UserFacingMessage.swift",
      "MC1/Extensions/Errors/RemoteNodeError+UserFacingMessage.swift",
      "MC1/Extensions/Errors/RoomServerError+UserFacingMessage.swift",
      "MC1/Extensions/Errors/SettingsServiceError+UserFacingMessage.swift",
      "MC1/Extensions/Errors/SyncCoordinatorError+UserFacingMessage.swift",
      "MC1/Extensions/Errors/TimeoutError+UserFacingMessage.swift",
      "MC1/Extensions/Errors/WiFiTransportError+UserFacingMessage.swift"
    ],
    "android_only": [],
    "generated_inputs": [],
    "feature_acceptance": "not established by headers"
  },
  {
    "implementation": "android/core/ui/src/main/kotlin/com/meshcoreone/android/core/ui/MapControlsContent.kt",
    "sources": [
      "MC1/Views/Components/MapControlsToolbar.swift",
      "MC1/Extensions/View+MapControlButton.swift"
    ],
    "android_only": [],
    "generated_inputs": [],
    "feature_acceptance": "not established by headers"
  },
  {
    "implementation": "android/core/ui/src/main/kotlin/com/meshcoreone/android/core/ui/NavigationHeaderContent.kt",
    "sources": [
      "MC1/Views/Components/NavigationHeaderModifier.swift",
      "MC1/Extensions/View+ScrollRevealTitle.swift"
    ],
    "android_only": [],
    "generated_inputs": [],
    "feature_acceptance": "not established by headers"
  },
  {
    "implementation": "android/core/ui/src/main/kotlin/com/meshcoreone/android/core/ui/RadioCommandTimeout.kt",
    "sources": [
      "MC1/Views/Components/RadioCommandTimeout.swift"
    ],
    "android_only": [],
    "generated_inputs": [],
    "feature_acceptance": "not established by headers"
  },
  {
    "implementation": "android/core/ui/src/main/kotlin/com/meshcoreone/android/core/ui/RegionContent.kt",
    "sources": [
      "MC1/Views/Components/RegionManagementView.swift",
      "MC1/Views/Components/RegionDiscoveryResultsView.swift"
    ],
    "android_only": [],
    "generated_inputs": [],
    "feature_acceptance": "not established by headers"
  },
  {
    "implementation": "android/core/ui/src/main/kotlin/com/meshcoreone/android/core/ui/RegionNameValidator.kt",
    "sources": [
      "MC1/Views/Components/RegionNameValidator.swift"
    ],
    "android_only": [],
    "generated_inputs": [],
    "feature_acceptance": "not established by headers"
  },
  {
    "implementation": "android/core/ui/src/main/kotlin/com/meshcoreone/android/core/ui/RSSIScanTracker.kt",
    "sources": [
      "MC1/Views/Components/RSSIScanTracker.swift"
    ],
    "android_only": [],
    "generated_inputs": [],
    "feature_acceptance": "not established by headers"
  },
  {
    "implementation": "android/core/ui/src/main/kotlin/com/meshcoreone/android/core/ui/RSSITuning.kt",
    "sources": [
      "MC1/Views/Components/RSSITuning.swift"
    ],
    "android_only": [],
    "generated_inputs": [],
    "feature_acceptance": "not established by headers"
  },
  {
    "implementation": "android/core/ui/src/main/kotlin/com/meshcoreone/android/core/ui/ScaffoldFeatureContent.kt",
    "sources": [],
    "android_only": [
      "WP-002"
    ],
    "generated_inputs": [],
    "feature_acceptance": "not established by headers"
  },
  {
    "implementation": "android/core/ui/src/main/kotlin/com/meshcoreone/android/core/ui/ScreenshotMode.kt",
    "sources": [
      "MC1/Extensions/ProcessInfo+ScreenshotMode.swift"
    ],
    "android_only": [],
    "generated_inputs": [],
    "feature_acceptance": "not established by headers"
  },
  {
    "implementation": "android/core/ui/src/main/kotlin/com/meshcoreone/android/core/ui/SharedControls.kt",
    "sources": [
      "MC1/Views/Components/ExpandableSettingsSection.swift",
      "MC1/Views/Components/GlassFilterBar.swift",
      "MC1/Views/Components/ConversationQuickActionsSection.swift",
      "MC1/Views/Components/NotificationLevelPicker.swift",
      "MC1/Views/Components/TintedLabel.swift",
      "MC1/Extensions/View+RadioDisabled.swift"
    ],
    "android_only": [],
    "generated_inputs": [],
    "feature_acceptance": "not established by headers"
  },
  {
    "implementation": "android/core/ui/src/main/kotlin/com/meshcoreone/android/core/ui/SharedFeedback.kt",
    "sources": [
      "MC1/Views/Components/ErrorAlertModifier.swift",
      "MC1/Views/Components/ErrorBannerModifier.swift",
      "MC1/Views/Components/AsyncActionLabel.swift",
      "MC1/Views/Components/DeletingRowOverlay.swift",
      "MC1/Views/Components/SectionReloadButton.swift",
      "MC1/Views/Components/SelectedRowHighlight.swift",
      "MC1/Extensions/View+LiquidGlass.swift"
    ],
    "android_only": [],
    "generated_inputs": [],
    "feature_acceptance": "not established by headers"
  },
  {
    "implementation": "android/core/ui/src/main/kotlin/com/meshcoreone/android/core/ui/SharedSurfaceColors.kt",
    "sources": [],
    "android_only": [
      "WP-304"
    ],
    "generated_inputs": [],
    "feature_acceptance": "not established by headers"
  },
  {
    "implementation": "android/core/ui/src/main/kotlin/com/meshcoreone/android/core/ui/ShowOnceTips.kt",
    "sources": [
      "MC1/Tips/DeviceMenuTip.swift",
      "MC1/Tips/LiveActivityTip.swift"
    ],
    "android_only": [],
    "generated_inputs": [],
    "feature_acceptance": "not established by headers"
  },
  {
    "implementation": "android/core/ui/src/main/kotlin/com/meshcoreone/android/core/ui/SourceErrorDescription.kt",
    "sources": [
      "MC1Services/Sources/MC1Services/Errors/MeshCoreError+LocalizedError.swift",
      "MC1Services/Sources/MC1Services/Services/MessageServiceError.swift"
    ],
    "android_only": [],
    "generated_inputs": [],
    "feature_acceptance": "not established by headers"
  },
  {
    "implementation": "android/core/ui/src/main/kotlin/com/meshcoreone/android/core/ui/SourceFaultPresentation.kt",
    "sources": [
      "MC1/Extensions/Errors/Error+UserFacingMessage.swift",
      "MC1/Extensions/Errors/BLEError+UserFacingMessage.swift",
      "MC1/Extensions/Errors/ConnectionError+UserFacingMessage.swift",
      "MC1/Extensions/Errors/TimeoutError+UserFacingMessage.swift",
      "MC1/Extensions/Errors/NodeConfigServiceError+UserFacingMessage.swift"
    ],
    "android_only": [],
    "generated_inputs": [],
    "feature_acceptance": "not established by headers"
  },
  {
    "implementation": "android/core/ui/src/main/kotlin/com/meshcoreone/android/core/ui/StorageErrorPresentation.kt",
    "sources": [
      "MC1/Extensions/Errors/KeychainError+UserFacingMessage.swift"
    ],
    "android_only": [],
    "generated_inputs": [],
    "feature_acceptance": "not established by headers"
  },
  {
    "implementation": "android/core/ui/src/main/kotlin/com/meshcoreone/android/core/ui/SwipeActionsContainer.kt",
    "sources": [
      "MC1/Views/Components/SwipeActionsContainer.swift"
    ],
    "android_only": [],
    "generated_inputs": [],
    "feature_acceptance": "not established by headers"
  },
  {
    "implementation": "android/core/ui/src/main/kotlin/com/meshcoreone/android/core/ui/TimestampContent.kt",
    "sources": [
      "MC1/Views/Components/ConversationTimestamp.swift",
      "MC1/Views/Components/RelativeTimestampText.swift"
    ],
    "android_only": [],
    "generated_inputs": [],
    "feature_acceptance": "not established by headers"
  },
  {
    "implementation": "android/core/ui/src/main/kotlin/com/meshcoreone/android/core/ui/TimestampFormatting.kt",
    "sources": [
      "MC1/Extensions/Date+RelativeFormatting.swift",
      "MC1/Views/Components/ConversationTimestamp.swift",
      "MC1/Views/Components/RelativeTimestampText.swift"
    ],
    "android_only": [],
    "generated_inputs": [],
    "feature_acceptance": "not established by headers"
  },
  {
    "implementation": "android/core/ui/src/main/kotlin/com/meshcoreone/android/core/ui/UiErrorMapper.kt",
    "sources": [
      "MC1/Extensions/Errors/Error+UserFacingMessage.swift"
    ],
    "android_only": [],
    "generated_inputs": [],
    "feature_acceptance": "not established by headers"
  },
  {
    "implementation": "android/core/ui/src/main/kotlin/com/meshcoreone/android/core/ui/UiText.kt",
    "sources": [],
    "android_only": [
      "WP-304"
    ],
    "generated_inputs": [],
    "feature_acceptance": "not established by headers"
  },
  {
    "implementation": "android/core/ui/src/main/kotlin/com/meshcoreone/android/core/ui/WiFiAddressValidation.kt",
    "sources": [
      "MC1/Views/Components/WiFiAddressFields.swift"
    ],
    "android_only": [],
    "generated_inputs": [],
    "feature_acceptance": "not established by headers"
  },
  {
    "implementation": "android/core/ui/src/main/kotlin/com/meshcoreone/android/core/ui/WiFiContent.kt",
    "sources": [
      "MC1/Views/Components/WiFiAddressFields.swift",
      "MC1/Views/Components/WiFiSheetToolbarModifier.swift"
    ],
    "android_only": [],
    "generated_inputs": [],
    "feature_acceptance": "not established by headers"
  },
  {
    "implementation": "android/core/ui/src/test/kotlin/com/meshcoreone/android/core/ui/AvatarCropGeometryTest.kt",
    "sources": [
      "MC1Tests/Views/Components/AvatarCropGeometryTests.swift"
    ],
    "android_only": [],
    "generated_inputs": [],
    "feature_acceptance": "not established by headers"
  },
  {
    "implementation": "android/core/ui/src/test/kotlin/com/meshcoreone/android/core/ui/BatteryDisplayTest.kt",
    "sources": [
      "MC1Tests/Extensions/BatteryInfoDisplayTests.swift",
      "MC1Tests/Extensions/BatteryPercentageCalculationTests.swift"
    ],
    "android_only": [],
    "generated_inputs": [],
    "feature_acceptance": "not established by headers"
  },
  {
    "implementation": "android/core/ui/src/test/kotlin/com/meshcoreone/android/core/ui/ErrorDispatchCoverageTest.kt",
    "sources": [
      "MC1Tests/Extensions/ErrorDispatchCoverageTests.swift"
    ],
    "android_only": [],
    "generated_inputs": [],
    "feature_acceptance": "not established by headers"
  },
  {
    "implementation": "android/core/ui/src/test/kotlin/com/meshcoreone/android/core/ui/ErrorLocalizationTest.kt",
    "sources": [
      "MC1Services/Tests/MC1ServicesTests/Services/ErrorLocalizationTests.swift"
    ],
    "android_only": [],
    "generated_inputs": [],
    "feature_acceptance": "not established by headers"
  },
  {
    "implementation": "android/core/ui/src/test/kotlin/com/meshcoreone/android/core/ui/ErrorUserFacingTest.kt",
    "sources": [
      "MC1Tests/Extensions/ErrorUserFacingMessageTests.swift"
    ],
    "android_only": [],
    "generated_inputs": [],
    "feature_acceptance": "not established by headers"
  },
  {
    "implementation": "android/core/ui/src/test/kotlin/com/meshcoreone/android/core/ui/NativePlatform37Test.kt",
    "sources": [],
    "android_only": [
      "WP-304"
    ],
    "generated_inputs": [],
    "feature_acceptance": "not established by headers"
  },
  {
    "implementation": "android/core/ui/src/test/kotlin/com/meshcoreone/android/core/ui/RelativeTimestampTest.kt",
    "sources": [
      "MC1Tests/Views/RelativeTimestampTextTests.swift"
    ],
    "android_only": [],
    "generated_inputs": [],
    "feature_acceptance": "not established by headers"
  },
  {
    "implementation": "android/core/ui/src/test/kotlin/com/meshcoreone/android/core/ui/RSSIScanTrackerTest.kt",
    "sources": [
      "MC1Tests/Views/Components/RSSIScanTrackerTests.swift"
    ],
    "android_only": [],
    "generated_inputs": [],
    "feature_acceptance": "not established by headers"
  },
  {
    "implementation": "android/core/ui/src/test/kotlin/com/meshcoreone/android/core/ui/RSSITuningTest.kt",
    "sources": [
      "MC1Tests/Views/Components/RSSITuningTests.swift"
    ],
    "android_only": [],
    "generated_inputs": [],
    "feature_acceptance": "not established by headers"
  },
  {
    "implementation": "android/core/ui/src/test/kotlin/com/meshcoreone/android/core/ui/ServicesBasicTest.kt",
    "sources": [
      "MC1Services/Tests/MC1ServicesTests/MC1ServicesTests.swift"
    ],
    "android_only": [],
    "generated_inputs": [],
    "feature_acceptance": "not established by headers"
  },
  {
    "implementation": "android/core/ui/src/test/kotlin/com/meshcoreone/android/core/ui/SharedColorComposeTest.kt",
    "sources": [],
    "android_only": [
      "WP-304"
    ],
    "generated_inputs": [],
    "feature_acceptance": "not established by headers"
  },
  {
    "implementation": "android/core/ui/src/test/kotlin/com/meshcoreone/android/core/ui/SharedPolicyBoundaryTest.kt",
    "sources": [],
    "android_only": [
      "WP-304"
    ],
    "generated_inputs": [],
    "feature_acceptance": "not established by headers"
  },
  {
    "implementation": "android/core/ui/src/test/kotlin/com/meshcoreone/android/core/ui/SharedUiComposeTest.kt",
    "sources": [],
    "android_only": [
      "WP-304"
    ],
    "generated_inputs": [],
    "feature_acceptance": "not established by headers"
  },
  {
    "implementation": "android/core/ui/src/test/kotlin/com/meshcoreone/android/core/ui/ShowOnceTipsTest.kt",
    "sources": [
      "MC1/Tips/DeviceMenuTip.swift",
      "MC1/Tips/LiveActivityTip.swift"
    ],
    "android_only": [],
    "generated_inputs": [],
    "feature_acceptance": "not established by headers"
  },
  {
    "implementation": "android/core/ui/src/test/kotlin/com/meshcoreone/android/core/ui/SourceCaseProof.kt",
    "sources": [],
    "android_only": [
      "WP-304"
    ],
    "generated_inputs": [],
    "feature_acceptance": "not established by headers"
  },
  {
    "implementation": "android/core/ui/src/test/kotlin/com/meshcoreone/android/core/ui/SourceFaultPresentationTest.kt",
    "sources": [],
    "android_only": [
      "WP-304"
    ],
    "generated_inputs": [],
    "feature_acceptance": "not established by headers"
  },
  {
    "implementation": "android/core/ui/src/test/kotlin/com/meshcoreone/android/core/ui/StoragePresentationTest.kt",
    "sources": [],
    "android_only": [
      "WP-304"
    ],
    "generated_inputs": [],
    "feature_acceptance": "not established by headers"
  },
  {
    "implementation": "android/core/ui/src/test/kotlin/com/meshcoreone/android/core/ui/SyncingPillTest.kt",
    "sources": [
      "MC1Tests/Views/SyncingPillViewTests.swift"
    ],
    "android_only": [],
    "generated_inputs": [],
    "feature_acceptance": "not established by headers"
  },
  {
    "implementation": "android/core/ui/src/test/kotlin/com/meshcoreone/android/core/ui/ThemedSurfaceTest.kt",
    "sources": [
      "MC1Tests/ThemedSurfaceRowFillTests.swift"
    ],
    "android_only": [],
    "generated_inputs": [],
    "feature_acceptance": "not established by headers"
  },
  {
    "implementation": "android/core/ui/src/test/kotlin/com/meshcoreone/android/core/ui/WiFiHostValidationTest.kt",
    "sources": [
      "MC1Tests/Views/Components/WiFiHostValidationTests.swift"
    ],
    "android_only": [],
    "generated_inputs": [],
    "feature_acceptance": "not established by headers"
  },
  {
    "implementation": "android/feature/chats/src/main/kotlin/com/meshcoreone/android/feature/chats/ChatsEntry.kt",
    "sources": [],
    "android_only": [
      "WP-002"
    ],
    "generated_inputs": [],
    "feature_acceptance": "not established by headers"
  },
  {
    "implementation": "android/feature/map/src/main/kotlin/com/meshcoreone/android/feature/map/MapEntry.kt",
    "sources": [],
    "android_only": [
      "WP-002"
    ],
    "generated_inputs": [],
    "feature_acceptance": "not established by headers"
  },
  {
    "implementation": "android/feature/nodes/src/main/kotlin/com/meshcoreone/android/feature/nodes/NodesEntry.kt",
    "sources": [],
    "android_only": [
      "WP-002"
    ],
    "generated_inputs": [],
    "feature_acceptance": "not established by headers"
  },
  {
    "implementation": "android/feature/onboarding/src/main/kotlin/com/meshcoreone/android/feature/onboarding/OnboardingEntry.kt",
    "sources": [],
    "android_only": [
      "WP-002"
    ],
    "generated_inputs": [],
    "feature_acceptance": "not established by headers"
  },
  {
    "implementation": "android/feature/remotenodes/src/main/kotlin/com/meshcoreone/android/feature/remotenodes/RemoteNodesEntry.kt",
    "sources": [],
    "android_only": [
      "WP-002"
    ],
    "generated_inputs": [],
    "feature_acceptance": "not established by headers"
  },
  {
    "implementation": "android/feature/settings/src/main/kotlin/com/meshcoreone/android/feature/settings/SettingsEntry.kt",
    "sources": [],
    "android_only": [
      "WP-002"
    ],
    "generated_inputs": [],
    "feature_acceptance": "not established by headers"
  },
  {
    "implementation": "android/feature/tools/src/main/kotlin/com/meshcoreone/android/feature/tools/ToolsEntry.kt",
    "sources": [],
    "android_only": [
      "WP-002"
    ],
    "generated_inputs": [],
    "feature_acceptance": "not established by headers"
  },
  {
    "implementation": "android/scaffold/room-verification/src/main/kotlin/com/meshcoreone/android/scaffold/roomverification/ScaffoldDatabase.kt",
    "sources": [],
    "android_only": [
      "WP-002"
    ],
    "generated_inputs": [],
    "feature_acceptance": "not established by headers"
  },
  {
    "implementation": "android/scaffold/room-verification/src/test/kotlin/com/meshcoreone/android/scaffold/roomverification/ScaffoldDatabaseTest.kt",
    "sources": [],
    "android_only": [
      "WP-002"
    ],
    "generated_inputs": [],
    "feature_acceptance": "not established by headers"
  },
  {
    "implementation": "android/tools/meshcli/src/main/kotlin/com/meshcoreone/android/tools/meshcli/CliOptions.kt",
    "sources": [],
    "android_only": [
      "WP-109"
    ],
    "generated_inputs": [],
    "feature_acceptance": "not established by headers"
  },
  {
    "implementation": "android/tools/meshcli/src/main/kotlin/com/meshcoreone/android/tools/meshcli/CliReport.kt",
    "sources": [],
    "android_only": [
      "WP-109"
    ],
    "generated_inputs": [],
    "feature_acceptance": "not established by headers"
  },
  {
    "implementation": "android/tools/meshcli/src/main/kotlin/com/meshcoreone/android/tools/meshcli/MeshCli.kt",
    "sources": [],
    "android_only": [
      "WP-109"
    ],
    "generated_inputs": [],
    "feature_acceptance": "not established by headers"
  },
  {
    "implementation": "android/tools/meshcli/src/test/kotlin/com/meshcoreone/android/tools/meshcli/CliArgumentsTest.kt",
    "sources": [],
    "android_only": [
      "WP-109"
    ],
    "generated_inputs": [],
    "feature_acceptance": "not established by headers"
  },
  {
    "implementation": "android/tools/meshcli/src/test/kotlin/com/meshcoreone/android/tools/meshcli/CliMainProcessTest.kt",
    "sources": [],
    "android_only": [
      "WP-109"
    ],
    "generated_inputs": [],
    "feature_acceptance": "not established by headers"
  },
  {
    "implementation": "android/tools/meshcli/src/test/kotlin/com/meshcoreone/android/tools/meshcli/CliTcpTest.kt",
    "sources": [],
    "android_only": [
      "WP-109"
    ],
    "generated_inputs": [],
    "feature_acceptance": "not established by headers"
  },
  {
    "implementation": "android/tools/meshcli/src/test/kotlin/com/meshcoreone/android/tools/meshcli/CliTestPeer.kt",
    "sources": [],
    "android_only": [
      "WP-109"
    ],
    "generated_inputs": [],
    "feature_acceptance": "not established by headers"
  }
]
