module	configuration	component
:core:datastore	androidJdkImage	project ':core:datastore'
:core:datastore	androidLintTool	com.android.tools.analytics-library:protos:32.4.1
:core:datastore	androidLintTool	com.android.tools.analytics-library:shared:32.4.1
:core:datastore	androidLintTool	com.android.tools.analytics-library:tracker:32.4.1
:core:datastore	androidLintTool	com.android.tools.build:aapt2-proto:9.4.1-15978811
:core:datastore	androidLintTool	com.android.tools.build:builder-model:9.4.1
:core:datastore	androidLintTool	com.android.tools.build:manifest-merger:32.4.1
:core:datastore	androidLintTool	com.android.tools.ddms:ddmlib:32.4.1
:core:datastore	androidLintTool	com.android.tools.external.com-intellij:intellij-core:32.4.1
:core:datastore	androidLintTool	com.android.tools.external.com-intellij:kotlin-compiler:32.4.1
:core:datastore	androidLintTool	com.android.tools.external.org-jetbrains:uast:32.4.1
:core:datastore	androidLintTool	com.android.tools.layoutlib:layoutlib-api:32.4.1
:core:datastore	androidLintTool	com.android.tools.lint:lint-api:32.4.1
:core:datastore	androidLintTool	com.android.tools.lint:lint-checks:32.4.1
:core:datastore	androidLintTool	com.android.tools.lint:lint-gradle:32.4.1
:core:datastore	androidLintTool	com.android.tools.lint:lint-model:32.4.1
:core:datastore	androidLintTool	com.android.tools.lint:lint-typedef-remover:32.4.1
:core:datastore	androidLintTool	com.android.tools.lint:lint:32.4.1
:core:datastore	androidLintTool	com.android.tools:annotations:32.4.1
:core:datastore	androidLintTool	com.android.tools:common:32.4.1
:core:datastore	androidLintTool	com.android.tools:dvlib:32.4.1
:core:datastore	androidLintTool	com.android.tools:play-sdk-proto:32.4.1
:core:datastore	androidLintTool	com.android.tools:repository:32.4.1
:core:datastore	androidLintTool	com.android.tools:sdk-common:32.4.1
:core:datastore	androidLintTool	com.android.tools:sdklib:32.4.1
:core:datastore	androidLintTool	com.google.code.findbugs:jsr305:3.0.2
:core:datastore	androidLintTool	com.google.code.gson:gson:2.11.0
:core:datastore	androidLintTool	com.google.errorprone:error_prone_annotations:2.36.0
:core:datastore	androidLintTool	com.google.guava:failureaccess:1.0.2
:core:datastore	androidLintTool	com.google.guava:guava:33.4.0-jre
:core:datastore	androidLintTool	com.google.guava:listenablefuture:9999.0-empty-to-avoid-conflict-with-guava
:core:datastore	androidLintTool	com.google.j2objc:j2objc-annotations:3.0.0
:core:datastore	androidLintTool	com.google.jimfs:jimfs:1.1
:core:datastore	androidLintTool	com.google.protobuf:protobuf-java:3.25.5
:core:datastore	androidLintTool	com.sun.istack:istack-commons-runtime:3.0.8
:core:datastore	androidLintTool	com.sun.xml.fastinfoset:FastInfoset:1.2.16
:core:datastore	androidLintTool	commons-codec:commons-codec:1.17.1
:core:datastore	androidLintTool	commons-io:commons-io:2.16.1
:core:datastore	androidLintTool	commons-logging:commons-logging:1.2
:core:datastore	androidLintTool	jakarta.activation:jakarta.activation-api:1.2.1
:core:datastore	androidLintTool	jakarta.xml.bind:jakarta.xml.bind-api:2.3.2
:core:datastore	androidLintTool	javax.inject:javax.inject:1
:core:datastore	androidLintTool	net.java.dev.jna:jna-platform:5.6.0
:core:datastore	androidLintTool	net.java.dev.jna:jna:5.6.0
:core:datastore	androidLintTool	net.sf.kxml:kxml2:2.3.0
:core:datastore	androidLintTool	org.apache.commons:commons-compress:1.27.1
:core:datastore	androidLintTool	org.apache.commons:commons-lang3:3.16.0
:core:datastore	androidLintTool	org.apache.groovy:groovy-bom:4.0.29
:core:datastore	androidLintTool	org.apache.groovy:groovy:4.0.29
:core:datastore	androidLintTool	org.apache.httpcomponents:httpclient:4.5.6
:core:datastore	androidLintTool	org.apache.httpcomponents:httpcore:4.4.16
:core:datastore	androidLintTool	org.apache.httpcomponents:httpmime:4.5.6
:core:datastore	androidLintTool	org.bouncycastle:bcpkix-jdk18on:1.80.2
:core:datastore	androidLintTool	org.bouncycastle:bcprov-jdk18on:1.80.2
:core:datastore	androidLintTool	org.bouncycastle:bcutil-jdk18on:1.80.2
:core:datastore	androidLintTool	org.checkerframework:checker-qual:3.43.0
:core:datastore	androidLintTool	org.glassfish.jaxb:jaxb-runtime:2.3.2
:core:datastore	androidLintTool	org.glassfish.jaxb:txw2:2.3.2
:core:datastore	androidLintTool	org.jetbrains.kotlin:kotlin-reflect:2.2.10
:core:datastore	androidLintTool	org.jetbrains.kotlin:kotlin-stdlib-jdk7:2.2.10
:core:datastore	androidLintTool	org.jetbrains.kotlin:kotlin-stdlib-jdk8:2.2.10
:core:datastore	androidLintTool	org.jetbrains.kotlin:kotlin-stdlib:2.2.10
:core:datastore	androidLintTool	org.jetbrains.kotlinx:kotlinx-coroutines-bom:1.9.0
:core:datastore	androidLintTool	org.jetbrains.kotlinx:kotlinx-coroutines-core-jvm:1.9.0
:core:datastore	androidLintTool	org.jetbrains.kotlinx:kotlinx-coroutines-core:1.9.0
:core:datastore	androidLintTool	org.jetbrains:annotations:23.0.0
:core:datastore	androidLintTool	org.jvnet.staxex:stax-ex:1.8.1
:core:datastore	androidLintTool	org.ow2.asm:asm-analysis:9.9
:core:datastore	androidLintTool	org.ow2.asm:asm-commons:9.9
:core:datastore	androidLintTool	org.ow2.asm:asm-tree:9.9
:core:datastore	androidLintTool	org.ow2.asm:asm:9.9
:core:datastore	androidLintTool	project ':core:datastore'
:core:datastore	androidTestUtil	project ':core:datastore'
:core:datastore	coreLibraryDesugaring	project ':core:datastore'
:core:datastore	debugAndroidTestAnnotationProcessorClasspath	project ':core:datastore'
:core:datastore	debugAndroidTestCompileClasspath	androidx.annotation:annotation-jvm:1.9.1
:core:datastore	debugAndroidTestCompileClasspath	androidx.annotation:annotation:1.9.1
:core:datastore	debugAndroidTestCompileClasspath	androidx.datastore:datastore-android:1.2.1
:core:datastore	debugAndroidTestCompileClasspath	androidx.datastore:datastore-core-android:1.2.1
:core:datastore	debugAndroidTestCompileClasspath	androidx.datastore:datastore-core-okio-jvm:1.2.1
:core:datastore	debugAndroidTestCompileClasspath	androidx.datastore:datastore-core-okio:1.2.1
:core:datastore	debugAndroidTestCompileClasspath	androidx.datastore:datastore-core:1.2.1
:core:datastore	debugAndroidTestCompileClasspath	androidx.datastore:datastore-preferences-android:1.2.1
:core:datastore	debugAndroidTestCompileClasspath	androidx.datastore:datastore-preferences-core-android:1.2.1
:core:datastore	debugAndroidTestCompileClasspath	androidx.datastore:datastore-preferences-core:1.2.1
:core:datastore	debugAndroidTestCompileClasspath	androidx.datastore:datastore-preferences:1.2.1
:core:datastore	debugAndroidTestCompileClasspath	androidx.datastore:datastore:1.2.1
:core:datastore	debugAndroidTestCompileClasspath	com.squareup.okio:okio-jvm:3.9.1
:core:datastore	debugAndroidTestCompileClasspath	com.squareup.okio:okio:3.9.1
:core:datastore	debugAndroidTestCompileClasspath	org.jetbrains.kotlin:kotlin-stdlib:2.3.20
:core:datastore	debugAndroidTestCompileClasspath	org.jetbrains.kotlinx:kotlinx-coroutines-bom:1.10.2
:core:datastore	debugAndroidTestCompileClasspath	org.jetbrains.kotlinx:kotlinx-coroutines-core-jvm:1.10.2
:core:datastore	debugAndroidTestCompileClasspath	org.jetbrains.kotlinx:kotlinx-coroutines-core:1.10.2
:core:datastore	debugAndroidTestCompileClasspath	org.jetbrains:annotations:23.0.0
:core:datastore	debugAndroidTestCompileClasspath	project ':core:contracts'
:core:datastore	debugAndroidTestCompileClasspath	project ':core:datastore'
:core:datastore	debugAndroidTestCompileClasspath	project ':core:model'
:core:datastore	debugAndroidTestCompileClasspath	project ':core:protocol'
:core:datastore	debugAndroidTestImplementationDependenciesMetadata	project ':core:datastore'
:core:datastore	debugAndroidTestLintChecksClasspath	androidx.annotation:annotation-jvm:1.9.1
:core:datastore	debugAndroidTestLintChecksClasspath	androidx.annotation:annotation:1.9.1
:core:datastore	debugAndroidTestLintChecksClasspath	androidx.datastore:datastore-android:1.2.1
:core:datastore	debugAndroidTestLintChecksClasspath	androidx.datastore:datastore-core-android:1.2.1
:core:datastore	debugAndroidTestLintChecksClasspath	androidx.datastore:datastore-core-okio-jvm:1.2.1
:core:datastore	debugAndroidTestLintChecksClasspath	androidx.datastore:datastore-core-okio:1.2.1
:core:datastore	debugAndroidTestLintChecksClasspath	androidx.datastore:datastore-core:1.2.1
:core:datastore	debugAndroidTestLintChecksClasspath	androidx.datastore:datastore-preferences-android:1.2.1
:core:datastore	debugAndroidTestLintChecksClasspath	androidx.datastore:datastore-preferences-core-android:1.2.1
:core:datastore	debugAndroidTestLintChecksClasspath	androidx.datastore:datastore-preferences-core:1.2.1
:core:datastore	debugAndroidTestLintChecksClasspath	androidx.datastore:datastore-preferences-external-protobuf:1.2.1
:core:datastore	debugAndroidTestLintChecksClasspath	androidx.datastore:datastore-preferences-proto:1.2.1
:core:datastore	debugAndroidTestLintChecksClasspath	androidx.datastore:datastore-preferences:1.2.1
:core:datastore	debugAndroidTestLintChecksClasspath	androidx.datastore:datastore:1.2.1
:core:datastore	debugAndroidTestLintChecksClasspath	com.squareup.okio:okio-jvm:3.9.1
:core:datastore	debugAndroidTestLintChecksClasspath	com.squareup.okio:okio:3.9.1
:core:datastore	debugAndroidTestLintChecksClasspath	org.bouncycastle:bcprov-jdk18on:1.86
:core:datastore	debugAndroidTestLintChecksClasspath	org.jetbrains.kotlin:kotlin-stdlib:2.3.20
:core:datastore	debugAndroidTestLintChecksClasspath	org.jetbrains.kotlinx:kotlinx-coroutines-bom:1.10.2
:core:datastore	debugAndroidTestLintChecksClasspath	org.jetbrains.kotlinx:kotlinx-coroutines-core-jvm:1.10.2
:core:datastore	debugAndroidTestLintChecksClasspath	org.jetbrains.kotlinx:kotlinx-coroutines-core:1.10.2
:core:datastore	debugAndroidTestLintChecksClasspath	org.jetbrains.kotlinx:kotlinx-serialization-bom:1.7.3
:core:datastore	debugAndroidTestLintChecksClasspath	org.jetbrains.kotlinx:kotlinx-serialization-core-jvm:1.7.3
:core:datastore	debugAndroidTestLintChecksClasspath	org.jetbrains.kotlinx:kotlinx-serialization-core:1.7.3
:core:datastore	debugAndroidTestLintChecksClasspath	org.jetbrains.kotlinx:kotlinx-serialization-json-jvm:1.7.3
:core:datastore	debugAndroidTestLintChecksClasspath	org.jetbrains.kotlinx:kotlinx-serialization-json:1.7.3
:core:datastore	debugAndroidTestLintChecksClasspath	org.jetbrains:annotations:23.0.0
:core:datastore	debugAndroidTestLintChecksClasspath	project ':core:contracts'
:core:datastore	debugAndroidTestLintChecksClasspath	project ':core:datastore'
:core:datastore	debugAndroidTestLintChecksClasspath	project ':core:model'
:core:datastore	debugAndroidTestLintChecksClasspath	project ':core:protocol'
:core:datastore	debugAndroidTestRuntimeClasspath	androidx.annotation:annotation-jvm:1.9.1
:core:datastore	debugAndroidTestRuntimeClasspath	androidx.annotation:annotation:1.9.1
:core:datastore	debugAndroidTestRuntimeClasspath	androidx.datastore:datastore-android:1.2.1
:core:datastore	debugAndroidTestRuntimeClasspath	androidx.datastore:datastore-core-android:1.2.1
:core:datastore	debugAndroidTestRuntimeClasspath	androidx.datastore:datastore-core-okio-jvm:1.2.1
:core:datastore	debugAndroidTestRuntimeClasspath	androidx.datastore:datastore-core-okio:1.2.1
:core:datastore	debugAndroidTestRuntimeClasspath	androidx.datastore:datastore-core:1.2.1
:core:datastore	debugAndroidTestRuntimeClasspath	androidx.datastore:datastore-preferences-android:1.2.1
:core:datastore	debugAndroidTestRuntimeClasspath	androidx.datastore:datastore-preferences-core-android:1.2.1
:core:datastore	debugAndroidTestRuntimeClasspath	androidx.datastore:datastore-preferences-core:1.2.1
:core:datastore	debugAndroidTestRuntimeClasspath	androidx.datastore:datastore-preferences-external-protobuf:1.2.1
:core:datastore	debugAndroidTestRuntimeClasspath	androidx.datastore:datastore-preferences-proto:1.2.1
:core:datastore	debugAndroidTestRuntimeClasspath	androidx.datastore:datastore-preferences:1.2.1
:core:datastore	debugAndroidTestRuntimeClasspath	androidx.datastore:datastore:1.2.1
:core:datastore	debugAndroidTestRuntimeClasspath	com.squareup.okio:okio-jvm:3.9.1
:core:datastore	debugAndroidTestRuntimeClasspath	com.squareup.okio:okio:3.9.1
:core:datastore	debugAndroidTestRuntimeClasspath	org.bouncycastle:bcprov-jdk18on:1.86
:core:datastore	debugAndroidTestRuntimeClasspath	org.jetbrains.kotlin:kotlin-stdlib:2.3.20
:core:datastore	debugAndroidTestRuntimeClasspath	org.jetbrains.kotlinx:kotlinx-coroutines-bom:1.10.2
:core:datastore	debugAndroidTestRuntimeClasspath	org.jetbrains.kotlinx:kotlinx-coroutines-core-jvm:1.10.2
:core:datastore	debugAndroidTestRuntimeClasspath	org.jetbrains.kotlinx:kotlinx-coroutines-core:1.10.2
:core:datastore	debugAndroidTestRuntimeClasspath	org.jetbrains.kotlinx:kotlinx-serialization-bom:1.7.3
:core:datastore	debugAndroidTestRuntimeClasspath	org.jetbrains.kotlinx:kotlinx-serialization-core-jvm:1.7.3
:core:datastore	debugAndroidTestRuntimeClasspath	org.jetbrains.kotlinx:kotlinx-serialization-core:1.7.3
:core:datastore	debugAndroidTestRuntimeClasspath	org.jetbrains.kotlinx:kotlinx-serialization-json-jvm:1.7.3
:core:datastore	debugAndroidTestRuntimeClasspath	org.jetbrains.kotlinx:kotlinx-serialization-json:1.7.3
:core:datastore	debugAndroidTestRuntimeClasspath	org.jetbrains:annotations:23.0.0
:core:datastore	debugAndroidTestRuntimeClasspath	project ':core:contracts'
:core:datastore	debugAndroidTestRuntimeClasspath	project ':core:datastore'
:core:datastore	debugAndroidTestRuntimeClasspath	project ':core:model'
:core:datastore	debugAndroidTestRuntimeClasspath	project ':core:protocol'
:core:datastore	debugAnnotationProcessorClasspath	project ':core:datastore'
:core:datastore	debugCompileClasspath	androidx.annotation:annotation-jvm:1.9.1
:core:datastore	debugCompileClasspath	androidx.annotation:annotation:1.9.1
:core:datastore	debugCompileClasspath	androidx.datastore:datastore-android:1.2.1
:core:datastore	debugCompileClasspath	androidx.datastore:datastore-core-android:1.2.1
:core:datastore	debugCompileClasspath	androidx.datastore:datastore-core-okio-jvm:1.2.1
:core:datastore	debugCompileClasspath	androidx.datastore:datastore-core-okio:1.2.1
:core:datastore	debugCompileClasspath	androidx.datastore:datastore-core:1.2.1
:core:datastore	debugCompileClasspath	androidx.datastore:datastore-preferences-android:1.2.1
:core:datastore	debugCompileClasspath	androidx.datastore:datastore-preferences-core-android:1.2.1
:core:datastore	debugCompileClasspath	androidx.datastore:datastore-preferences-core:1.2.1
:core:datastore	debugCompileClasspath	androidx.datastore:datastore-preferences:1.2.1
:core:datastore	debugCompileClasspath	androidx.datastore:datastore:1.2.1
:core:datastore	debugCompileClasspath	com.squareup.okio:okio-jvm:3.9.1
:core:datastore	debugCompileClasspath	com.squareup.okio:okio:3.9.1
:core:datastore	debugCompileClasspath	org.jetbrains.kotlin:kotlin-stdlib:2.3.20
:core:datastore	debugCompileClasspath	org.jetbrains.kotlinx:kotlinx-coroutines-bom:1.10.2
:core:datastore	debugCompileClasspath	org.jetbrains.kotlinx:kotlinx-coroutines-core-jvm:1.10.2
:core:datastore	debugCompileClasspath	org.jetbrains.kotlinx:kotlinx-coroutines-core:1.10.2
:core:datastore	debugCompileClasspath	org.jetbrains:annotations:23.0.0
:core:datastore	debugCompileClasspath	project ':core:contracts'
:core:datastore	debugCompileClasspath	project ':core:datastore'
:core:datastore	debugCompileClasspath	project ':core:model'
:core:datastore	debugCompileClasspath	project ':core:protocol'
:core:datastore	debugImplementationDependenciesMetadata	project ':core:datastore'
:core:datastore	debugLintChecksClasspath	androidx.annotation:annotation-jvm:1.9.1
:core:datastore	debugLintChecksClasspath	androidx.annotation:annotation:1.9.1
:core:datastore	debugLintChecksClasspath	androidx.datastore:datastore-android:1.2.1
:core:datastore	debugLintChecksClasspath	androidx.datastore:datastore-core-android:1.2.1
:core:datastore	debugLintChecksClasspath	androidx.datastore:datastore-core-okio-jvm:1.2.1
:core:datastore	debugLintChecksClasspath	androidx.datastore:datastore-core-okio:1.2.1
:core:datastore	debugLintChecksClasspath	androidx.datastore:datastore-core:1.2.1
:core:datastore	debugLintChecksClasspath	androidx.datastore:datastore-preferences-android:1.2.1
:core:datastore	debugLintChecksClasspath	androidx.datastore:datastore-preferences-core-android:1.2.1
:core:datastore	debugLintChecksClasspath	androidx.datastore:datastore-preferences-core:1.2.1
:core:datastore	debugLintChecksClasspath	androidx.datastore:datastore-preferences-external-protobuf:1.2.1
:core:datastore	debugLintChecksClasspath	androidx.datastore:datastore-preferences-proto:1.2.1
:core:datastore	debugLintChecksClasspath	androidx.datastore:datastore-preferences:1.2.1
:core:datastore	debugLintChecksClasspath	androidx.datastore:datastore:1.2.1
:core:datastore	debugLintChecksClasspath	com.squareup.okio:okio-jvm:3.9.1
:core:datastore	debugLintChecksClasspath	com.squareup.okio:okio:3.9.1
:core:datastore	debugLintChecksClasspath	org.bouncycastle:bcprov-jdk18on:1.86
:core:datastore	debugLintChecksClasspath	org.jetbrains.kotlin:kotlin-stdlib:2.3.20
:core:datastore	debugLintChecksClasspath	org.jetbrains.kotlinx:kotlinx-coroutines-bom:1.10.2
:core:datastore	debugLintChecksClasspath	org.jetbrains.kotlinx:kotlinx-coroutines-core-jvm:1.10.2
:core:datastore	debugLintChecksClasspath	org.jetbrains.kotlinx:kotlinx-coroutines-core:1.10.2
:core:datastore	debugLintChecksClasspath	org.jetbrains.kotlinx:kotlinx-serialization-bom:1.7.3
:core:datastore	debugLintChecksClasspath	org.jetbrains.kotlinx:kotlinx-serialization-core-jvm:1.7.3
:core:datastore	debugLintChecksClasspath	org.jetbrains.kotlinx:kotlinx-serialization-core:1.7.3
:core:datastore	debugLintChecksClasspath	org.jetbrains.kotlinx:kotlinx-serialization-json-jvm:1.7.3
:core:datastore	debugLintChecksClasspath	org.jetbrains.kotlinx:kotlinx-serialization-json:1.7.3
:core:datastore	debugLintChecksClasspath	org.jetbrains:annotations:23.0.0
:core:datastore	debugLintChecksClasspath	project ':core:contracts'
:core:datastore	debugLintChecksClasspath	project ':core:datastore'
:core:datastore	debugLintChecksClasspath	project ':core:model'
:core:datastore	debugLintChecksClasspath	project ':core:protocol'
:core:datastore	debugRuntimeClasspath	androidx.annotation:annotation-jvm:1.9.1
:core:datastore	debugRuntimeClasspath	androidx.annotation:annotation:1.9.1
:core:datastore	debugRuntimeClasspath	androidx.datastore:datastore-android:1.2.1
:core:datastore	debugRuntimeClasspath	androidx.datastore:datastore-core-android:1.2.1
:core:datastore	debugRuntimeClasspath	androidx.datastore:datastore-core-okio-jvm:1.2.1
:core:datastore	debugRuntimeClasspath	androidx.datastore:datastore-core-okio:1.2.1
:core:datastore	debugRuntimeClasspath	androidx.datastore:datastore-core:1.2.1
:core:datastore	debugRuntimeClasspath	androidx.datastore:datastore-preferences-android:1.2.1
:core:datastore	debugRuntimeClasspath	androidx.datastore:datastore-preferences-core-android:1.2.1
:core:datastore	debugRuntimeClasspath	androidx.datastore:datastore-preferences-core:1.2.1
:core:datastore	debugRuntimeClasspath	androidx.datastore:datastore-preferences-external-protobuf:1.2.1
:core:datastore	debugRuntimeClasspath	androidx.datastore:datastore-preferences-proto:1.2.1
:core:datastore	debugRuntimeClasspath	androidx.datastore:datastore-preferences:1.2.1
:core:datastore	debugRuntimeClasspath	androidx.datastore:datastore:1.2.1
:core:datastore	debugRuntimeClasspath	com.squareup.okio:okio-jvm:3.9.1
:core:datastore	debugRuntimeClasspath	com.squareup.okio:okio:3.9.1
:core:datastore	debugRuntimeClasspath	org.bouncycastle:bcprov-jdk18on:1.86
:core:datastore	debugRuntimeClasspath	org.jetbrains.kotlin:kotlin-stdlib:2.3.20
:core:datastore	debugRuntimeClasspath	org.jetbrains.kotlinx:kotlinx-coroutines-bom:1.10.2
:core:datastore	debugRuntimeClasspath	org.jetbrains.kotlinx:kotlinx-coroutines-core-jvm:1.10.2
:core:datastore	debugRuntimeClasspath	org.jetbrains.kotlinx:kotlinx-coroutines-core:1.10.2
:core:datastore	debugRuntimeClasspath	org.jetbrains.kotlinx:kotlinx-serialization-bom:1.7.3
:core:datastore	debugRuntimeClasspath	org.jetbrains.kotlinx:kotlinx-serialization-core-jvm:1.7.3
:core:datastore	debugRuntimeClasspath	org.jetbrains.kotlinx:kotlinx-serialization-core:1.7.3
:core:datastore	debugRuntimeClasspath	org.jetbrains.kotlinx:kotlinx-serialization-json-jvm:1.7.3
:core:datastore	debugRuntimeClasspath	org.jetbrains.kotlinx:kotlinx-serialization-json:1.7.3
:core:datastore	debugRuntimeClasspath	org.jetbrains:annotations:23.0.0
:core:datastore	debugRuntimeClasspath	project ':core:contracts'
:core:datastore	debugRuntimeClasspath	project ':core:datastore'
:core:datastore	debugRuntimeClasspath	project ':core:model'
:core:datastore	debugRuntimeClasspath	project ':core:protocol'
:core:datastore	debugUnitTestAnnotationProcessorClasspath	project ':core:datastore'
:core:datastore	debugUnitTestCompileClasspath	androidx.annotation:annotation-jvm:1.9.1
:core:datastore	debugUnitTestCompileClasspath	androidx.annotation:annotation:1.9.1
:core:datastore	debugUnitTestCompileClasspath	androidx.concurrent:concurrent-futures-ktx:1.2.0
:core:datastore	debugUnitTestCompileClasspath	androidx.concurrent:concurrent-futures:1.2.0
:core:datastore	debugUnitTestCompileClasspath	androidx.datastore:datastore-android:1.2.1
:core:datastore	debugUnitTestCompileClasspath	androidx.datastore:datastore-core-android:1.2.1
:core:datastore	debugUnitTestCompileClasspath	androidx.datastore:datastore-core-okio-jvm:1.2.1
:core:datastore	debugUnitTestCompileClasspath	androidx.datastore:datastore-core-okio:1.2.1
:core:datastore	debugUnitTestCompileClasspath	androidx.datastore:datastore-core:1.2.1
:core:datastore	debugUnitTestCompileClasspath	androidx.datastore:datastore-preferences-android:1.2.1
:core:datastore	debugUnitTestCompileClasspath	androidx.datastore:datastore-preferences-core-android:1.2.1
:core:datastore	debugUnitTestCompileClasspath	androidx.datastore:datastore-preferences-core:1.2.1
:core:datastore	debugUnitTestCompileClasspath	androidx.datastore:datastore-preferences:1.2.1
:core:datastore	debugUnitTestCompileClasspath	androidx.datastore:datastore:1.2.1
:core:datastore	debugUnitTestCompileClasspath	androidx.lifecycle:lifecycle-common:2.3.1
:core:datastore	debugUnitTestCompileClasspath	androidx.test:core:1.7.0
:core:datastore	debugUnitTestCompileClasspath	androidx.test:monitor:1.8.0
:core:datastore	debugUnitTestCompileClasspath	androidx.tracing:tracing:1.1.0
:core:datastore	debugUnitTestCompileClasspath	com.almworks.sqlite4java:sqlite4java:1.0.392
:core:datastore	debugUnitTestCompileClasspath	com.google.auto.value:auto-value-annotations:1.11.1
:core:datastore	debugUnitTestCompileClasspath	com.google.errorprone:error_prone_annotations:2.47.0
:core:datastore	debugUnitTestCompileClasspath	com.google.guava:failureaccess:1.0.3
:core:datastore	debugUnitTestCompileClasspath	com.google.guava:guava:33.6.0-jre
:core:datastore	debugUnitTestCompileClasspath	com.google.guava:listenablefuture:9999.0-empty-to-avoid-conflict-with-guava
:core:datastore	debugUnitTestCompileClasspath	com.google.j2objc:j2objc-annotations:3.1
:core:datastore	debugUnitTestCompileClasspath	com.ibm.icu:icu4j:78.3
:core:datastore	debugUnitTestCompileClasspath	com.squareup.okio:okio-jvm:3.9.1
:core:datastore	debugUnitTestCompileClasspath	com.squareup.okio:okio:3.9.1
:core:datastore	debugUnitTestCompileClasspath	javax.annotation:javax.annotation-api:1.3.2
:core:datastore	debugUnitTestCompileClasspath	javax.inject:javax.inject:1
:core:datastore	debugUnitTestCompileClasspath	junit:junit:4.13.2
:core:datastore	debugUnitTestCompileClasspath	org.bouncycastle:bc-jdk18on-bom:1.85
:core:datastore	debugUnitTestCompileClasspath	org.bouncycastle:bcprov-jdk18on:1.85
:core:datastore	debugUnitTestCompileClasspath	org.hamcrest:hamcrest-core:1.3
:core:datastore	debugUnitTestCompileClasspath	org.jetbrains.kotlin:kotlin-stdlib:2.3.20
:core:datastore	debugUnitTestCompileClasspath	org.jetbrains.kotlin:kotlin-test-junit:2.3.20
:core:datastore	debugUnitTestCompileClasspath	org.jetbrains.kotlin:kotlin-test:2.3.20
:core:datastore	debugUnitTestCompileClasspath	org.jetbrains.kotlinx:kotlinx-coroutines-bom:1.10.2
:core:datastore	debugUnitTestCompileClasspath	org.jetbrains.kotlinx:kotlinx-coroutines-core-jvm:1.10.2
:core:datastore	debugUnitTestCompileClasspath	org.jetbrains.kotlinx:kotlinx-coroutines-core:1.10.2
:core:datastore	debugUnitTestCompileClasspath	org.jetbrains.kotlinx:kotlinx-coroutines-test-jvm:1.10.2
:core:datastore	debugUnitTestCompileClasspath	org.jetbrains.kotlinx:kotlinx-coroutines-test:1.10.2
:core:datastore	debugUnitTestCompileClasspath	org.jetbrains:annotations:23.0.0
:core:datastore	debugUnitTestCompileClasspath	org.jspecify:jspecify:1.0.0
:core:datastore	debugUnitTestCompileClasspath	org.ow2.asm:asm-commons:9.10.1
:core:datastore	debugUnitTestCompileClasspath	org.ow2.asm:asm-tree:9.10.1
:core:datastore	debugUnitTestCompileClasspath	org.ow2.asm:asm:9.10.1
:core:datastore	debugUnitTestCompileClasspath	org.robolectric:annotations:4.17
:core:datastore	debugUnitTestCompileClasspath	org.robolectric:junit:4.17
:core:datastore	debugUnitTestCompileClasspath	org.robolectric:nativeruntime:4.17
:core:datastore	debugUnitTestCompileClasspath	org.robolectric:pluginapi:4.17
:core:datastore	debugUnitTestCompileClasspath	org.robolectric:plugins-maven-dependency-resolver:4.17
:core:datastore	debugUnitTestCompileClasspath	org.robolectric:resources:4.17
:core:datastore	debugUnitTestCompileClasspath	org.robolectric:robolectric:4.17
:core:datastore	debugUnitTestCompileClasspath	org.robolectric:sandbox:4.17
:core:datastore	debugUnitTestCompileClasspath	org.robolectric:shadowapi:4.17
:core:datastore	debugUnitTestCompileClasspath	org.robolectric:shadows-framework:4.17
:core:datastore	debugUnitTestCompileClasspath	org.robolectric:utils-reflector:4.17
:core:datastore	debugUnitTestCompileClasspath	org.robolectric:utils:4.17
:core:datastore	debugUnitTestCompileClasspath	project ':core:contracts'
:core:datastore	debugUnitTestCompileClasspath	project ':core:datastore'
:core:datastore	debugUnitTestCompileClasspath	project ':core:model'
:core:datastore	debugUnitTestCompileClasspath	project ':core:protocol'
:core:datastore	debugUnitTestImplementationDependenciesMetadata	project ':core:datastore'
:core:datastore	debugUnitTestLintChecksClasspath	androidx.annotation:annotation-jvm:1.9.1
:core:datastore	debugUnitTestLintChecksClasspath	androidx.annotation:annotation:1.9.1
:core:datastore	debugUnitTestLintChecksClasspath	androidx.concurrent:concurrent-futures-ktx:1.2.0
:core:datastore	debugUnitTestLintChecksClasspath	androidx.concurrent:concurrent-futures:1.2.0
:core:datastore	debugUnitTestLintChecksClasspath	androidx.datastore:datastore-android:1.2.1
:core:datastore	debugUnitTestLintChecksClasspath	androidx.datastore:datastore-core-android:1.2.1
:core:datastore	debugUnitTestLintChecksClasspath	androidx.datastore:datastore-core-okio-jvm:1.2.1
:core:datastore	debugUnitTestLintChecksClasspath	androidx.datastore:datastore-core-okio:1.2.1
:core:datastore	debugUnitTestLintChecksClasspath	androidx.datastore:datastore-core:1.2.1
:core:datastore	debugUnitTestLintChecksClasspath	androidx.datastore:datastore-preferences-android:1.2.1
:core:datastore	debugUnitTestLintChecksClasspath	androidx.datastore:datastore-preferences-core-android:1.2.1
:core:datastore	debugUnitTestLintChecksClasspath	androidx.datastore:datastore-preferences-core:1.2.1
:core:datastore	debugUnitTestLintChecksClasspath	androidx.datastore:datastore-preferences-external-protobuf:1.2.1
:core:datastore	debugUnitTestLintChecksClasspath	androidx.datastore:datastore-preferences-proto:1.2.1
:core:datastore	debugUnitTestLintChecksClasspath	androidx.datastore:datastore-preferences:1.2.1
:core:datastore	debugUnitTestLintChecksClasspath	androidx.datastore:datastore:1.2.1
:core:datastore	debugUnitTestLintChecksClasspath	androidx.lifecycle:lifecycle-common:2.3.1
:core:datastore	debugUnitTestLintChecksClasspath	androidx.test.espresso:espresso-idling-resource:3.7.0
:core:datastore	debugUnitTestLintChecksClasspath	androidx.test:core:1.7.0
:core:datastore	debugUnitTestLintChecksClasspath	androidx.test:monitor:1.8.0
:core:datastore	debugUnitTestLintChecksClasspath	androidx.tracing:tracing:1.1.0
:core:datastore	debugUnitTestLintChecksClasspath	com.almworks.sqlite4java:sqlite4java:1.0.392
:core:datastore	debugUnitTestLintChecksClasspath	com.google.auto.value:auto-value-annotations:1.11.1
:core:datastore	debugUnitTestLintChecksClasspath	com.google.errorprone:error_prone_annotations:2.47.0
:core:datastore	debugUnitTestLintChecksClasspath	com.google.guava:failureaccess:1.0.3
:core:datastore	debugUnitTestLintChecksClasspath	com.google.guava:guava:33.6.0-jre
:core:datastore	debugUnitTestLintChecksClasspath	com.google.guava:listenablefuture:9999.0-empty-to-avoid-conflict-with-guava
:core:datastore	debugUnitTestLintChecksClasspath	com.google.j2objc:j2objc-annotations:3.1
:core:datastore	debugUnitTestLintChecksClasspath	com.google.testparameterinjector:test-parameter-injector:1.22
:core:datastore	debugUnitTestLintChecksClasspath	com.ibm.icu:icu4j:78.3
:core:datastore	debugUnitTestLintChecksClasspath	com.squareup.okio:okio-jvm:3.9.1
:core:datastore	debugUnitTestLintChecksClasspath	com.squareup.okio:okio:3.9.1
:core:datastore	debugUnitTestLintChecksClasspath	javax.annotation:javax.annotation-api:1.3.2
:core:datastore	debugUnitTestLintChecksClasspath	javax.inject:javax.inject:1
:core:datastore	debugUnitTestLintChecksClasspath	junit:junit:4.13.2
:core:datastore	debugUnitTestLintChecksClasspath	org.bouncycastle:bc-jdk18on-bom:1.85
:core:datastore	debugUnitTestLintChecksClasspath	org.bouncycastle:bcprov-jdk18on:1.86
:core:datastore	debugUnitTestLintChecksClasspath	org.conscrypt:conscrypt-openjdk-uber:2.6.2
:core:datastore	debugUnitTestLintChecksClasspath	org.hamcrest:hamcrest-core:1.3
:core:datastore	debugUnitTestLintChecksClasspath	org.jetbrains.kotlin:kotlin-stdlib:2.3.20
:core:datastore	debugUnitTestLintChecksClasspath	org.jetbrains.kotlin:kotlin-test-junit:2.3.20
:core:datastore	debugUnitTestLintChecksClasspath	org.jetbrains.kotlin:kotlin-test:2.3.20
:core:datastore	debugUnitTestLintChecksClasspath	org.jetbrains.kotlinx:kotlinx-coroutines-bom:1.10.2
:core:datastore	debugUnitTestLintChecksClasspath	org.jetbrains.kotlinx:kotlinx-coroutines-core-jvm:1.10.2
:core:datastore	debugUnitTestLintChecksClasspath	org.jetbrains.kotlinx:kotlinx-coroutines-core:1.10.2
:core:datastore	debugUnitTestLintChecksClasspath	org.jetbrains.kotlinx:kotlinx-coroutines-test-jvm:1.10.2
:core:datastore	debugUnitTestLintChecksClasspath	org.jetbrains.kotlinx:kotlinx-coroutines-test:1.10.2
:core:datastore	debugUnitTestLintChecksClasspath	org.jetbrains.kotlinx:kotlinx-serialization-bom:1.7.3
:core:datastore	debugUnitTestLintChecksClasspath	org.jetbrains.kotlinx:kotlinx-serialization-core-jvm:1.7.3
:core:datastore	debugUnitTestLintChecksClasspath	org.jetbrains.kotlinx:kotlinx-serialization-core:1.7.3
:core:datastore	debugUnitTestLintChecksClasspath	org.jetbrains.kotlinx:kotlinx-serialization-json-jvm:1.7.3
:core:datastore	debugUnitTestLintChecksClasspath	org.jetbrains.kotlinx:kotlinx-serialization-json:1.7.3
:core:datastore	debugUnitTestLintChecksClasspath	org.jetbrains:annotations:23.0.0
:core:datastore	debugUnitTestLintChecksClasspath	org.jspecify:jspecify:1.0.0
:core:datastore	debugUnitTestLintChecksClasspath	org.ow2.asm:asm-commons:9.10.1
:core:datastore	debugUnitTestLintChecksClasspath	org.ow2.asm:asm-tree:9.10.1
:core:datastore	debugUnitTestLintChecksClasspath	org.ow2.asm:asm:9.10.1
:core:datastore	debugUnitTestLintChecksClasspath	org.robolectric:annotations:4.17
:core:datastore	debugUnitTestLintChecksClasspath	org.robolectric:junit:4.17
:core:datastore	debugUnitTestLintChecksClasspath	org.robolectric:nativeruntime-dist-compat:1.0.19
:core:datastore	debugUnitTestLintChecksClasspath	org.robolectric:nativeruntime:4.17
:core:datastore	debugUnitTestLintChecksClasspath	org.robolectric:pluginapi:4.17
:core:datastore	debugUnitTestLintChecksClasspath	org.robolectric:plugins-maven-dependency-resolver:4.17
:core:datastore	debugUnitTestLintChecksClasspath	org.robolectric:resources:4.17
:core:datastore	debugUnitTestLintChecksClasspath	org.robolectric:robolectric:4.17
:core:datastore	debugUnitTestLintChecksClasspath	org.robolectric:sandbox:4.17
:core:datastore	debugUnitTestLintChecksClasspath	org.robolectric:shadowapi:4.17
:core:datastore	debugUnitTestLintChecksClasspath	org.robolectric:shadows-framework:4.17
:core:datastore	debugUnitTestLintChecksClasspath	org.robolectric:utils-reflector:4.17
:core:datastore	debugUnitTestLintChecksClasspath	org.robolectric:utils:4.17
:core:datastore	debugUnitTestLintChecksClasspath	org.yaml:snakeyaml:2.6
:core:datastore	debugUnitTestLintChecksClasspath	project ':core:contracts'
:core:datastore	debugUnitTestLintChecksClasspath	project ':core:datastore'
:core:datastore	debugUnitTestLintChecksClasspath	project ':core:model'
:core:datastore	debugUnitTestLintChecksClasspath	project ':core:protocol'
:core:datastore	debugUnitTestRuntimeClasspath	androidx.annotation:annotation-jvm:1.9.1
:core:datastore	debugUnitTestRuntimeClasspath	androidx.annotation:annotation:1.9.1
:core:datastore	debugUnitTestRuntimeClasspath	androidx.concurrent:concurrent-futures-ktx:1.2.0
:core:datastore	debugUnitTestRuntimeClasspath	androidx.concurrent:concurrent-futures:1.2.0
:core:datastore	debugUnitTestRuntimeClasspath	androidx.datastore:datastore-android:1.2.1
:core:datastore	debugUnitTestRuntimeClasspath	androidx.datastore:datastore-core-android:1.2.1
:core:datastore	debugUnitTestRuntimeClasspath	androidx.datastore:datastore-core-okio-jvm:1.2.1
:core:datastore	debugUnitTestRuntimeClasspath	androidx.datastore:datastore-core-okio:1.2.1
:core:datastore	debugUnitTestRuntimeClasspath	androidx.datastore:datastore-core:1.2.1
:core:datastore	debugUnitTestRuntimeClasspath	androidx.datastore:datastore-preferences-android:1.2.1
:core:datastore	debugUnitTestRuntimeClasspath	androidx.datastore:datastore-preferences-core-android:1.2.1
:core:datastore	debugUnitTestRuntimeClasspath	androidx.datastore:datastore-preferences-core:1.2.1
:core:datastore	debugUnitTestRuntimeClasspath	androidx.datastore:datastore-preferences-external-protobuf:1.2.1
:core:datastore	debugUnitTestRuntimeClasspath	androidx.datastore:datastore-preferences-proto:1.2.1
:core:datastore	debugUnitTestRuntimeClasspath	androidx.datastore:datastore-preferences:1.2.1
:core:datastore	debugUnitTestRuntimeClasspath	androidx.datastore:datastore:1.2.1
:core:datastore	debugUnitTestRuntimeClasspath	androidx.lifecycle:lifecycle-common:2.3.1
:core:datastore	debugUnitTestRuntimeClasspath	androidx.test.espresso:espresso-idling-resource:3.7.0
:core:datastore	debugUnitTestRuntimeClasspath	androidx.test:core:1.7.0
:core:datastore	debugUnitTestRuntimeClasspath	androidx.test:monitor:1.8.0
:core:datastore	debugUnitTestRuntimeClasspath	androidx.tracing:tracing:1.1.0
:core:datastore	debugUnitTestRuntimeClasspath	com.almworks.sqlite4java:sqlite4java:1.0.392
:core:datastore	debugUnitTestRuntimeClasspath	com.google.auto.value:auto-value-annotations:1.11.1
:core:datastore	debugUnitTestRuntimeClasspath	com.google.errorprone:error_prone_annotations:2.47.0
:core:datastore	debugUnitTestRuntimeClasspath	com.google.guava:failureaccess:1.0.3
:core:datastore	debugUnitTestRuntimeClasspath	com.google.guava:guava:33.6.0-jre
:core:datastore	debugUnitTestRuntimeClasspath	com.google.guava:listenablefuture:9999.0-empty-to-avoid-conflict-with-guava
:core:datastore	debugUnitTestRuntimeClasspath	com.google.j2objc:j2objc-annotations:3.1
:core:datastore	debugUnitTestRuntimeClasspath	com.google.testparameterinjector:test-parameter-injector:1.22
:core:datastore	debugUnitTestRuntimeClasspath	com.ibm.icu:icu4j:78.3
:core:datastore	debugUnitTestRuntimeClasspath	com.squareup.okio:okio-jvm:3.9.1
:core:datastore	debugUnitTestRuntimeClasspath	com.squareup.okio:okio:3.9.1
:core:datastore	debugUnitTestRuntimeClasspath	javax.annotation:javax.annotation-api:1.3.2
:core:datastore	debugUnitTestRuntimeClasspath	javax.inject:javax.inject:1
:core:datastore	debugUnitTestRuntimeClasspath	junit:junit:4.13.2
:core:datastore	debugUnitTestRuntimeClasspath	org.bouncycastle:bc-jdk18on-bom:1.85
:core:datastore	debugUnitTestRuntimeClasspath	org.bouncycastle:bcprov-jdk18on:1.86
:core:datastore	debugUnitTestRuntimeClasspath	org.conscrypt:conscrypt-openjdk-uber:2.6.2
:core:datastore	debugUnitTestRuntimeClasspath	org.hamcrest:hamcrest-core:1.3
:core:datastore	debugUnitTestRuntimeClasspath	org.jetbrains.kotlin:kotlin-stdlib:2.3.20
:core:datastore	debugUnitTestRuntimeClasspath	org.jetbrains.kotlin:kotlin-test-junit:2.3.20
:core:datastore	debugUnitTestRuntimeClasspath	org.jetbrains.kotlin:kotlin-test:2.3.20
:core:datastore	debugUnitTestRuntimeClasspath	org.jetbrains.kotlinx:kotlinx-coroutines-bom:1.10.2
:core:datastore	debugUnitTestRuntimeClasspath	org.jetbrains.kotlinx:kotlinx-coroutines-core-jvm:1.10.2
:core:datastore	debugUnitTestRuntimeClasspath	org.jetbrains.kotlinx:kotlinx-coroutines-core:1.10.2
:core:datastore	debugUnitTestRuntimeClasspath	org.jetbrains.kotlinx:kotlinx-coroutines-test-jvm:1.10.2
:core:datastore	debugUnitTestRuntimeClasspath	org.jetbrains.kotlinx:kotlinx-coroutines-test:1.10.2
:core:datastore	debugUnitTestRuntimeClasspath	org.jetbrains.kotlinx:kotlinx-serialization-bom:1.7.3
:core:datastore	debugUnitTestRuntimeClasspath	org.jetbrains.kotlinx:kotlinx-serialization-core-jvm:1.7.3
:core:datastore	debugUnitTestRuntimeClasspath	org.jetbrains.kotlinx:kotlinx-serialization-core:1.7.3
:core:datastore	debugUnitTestRuntimeClasspath	org.jetbrains.kotlinx:kotlinx-serialization-json-jvm:1.7.3
:core:datastore	debugUnitTestRuntimeClasspath	org.jetbrains.kotlinx:kotlinx-serialization-json:1.7.3
:core:datastore	debugUnitTestRuntimeClasspath	org.jetbrains:annotations:23.0.0
:core:datastore	debugUnitTestRuntimeClasspath	org.jspecify:jspecify:1.0.0
:core:datastore	debugUnitTestRuntimeClasspath	org.ow2.asm:asm-commons:9.10.1
:core:datastore	debugUnitTestRuntimeClasspath	org.ow2.asm:asm-tree:9.10.1
:core:datastore	debugUnitTestRuntimeClasspath	org.ow2.asm:asm:9.10.1
:core:datastore	debugUnitTestRuntimeClasspath	org.robolectric:annotations:4.17
:core:datastore	debugUnitTestRuntimeClasspath	org.robolectric:junit:4.17
:core:datastore	debugUnitTestRuntimeClasspath	org.robolectric:nativeruntime-dist-compat:1.0.19
:core:datastore	debugUnitTestRuntimeClasspath	org.robolectric:nativeruntime:4.17
:core:datastore	debugUnitTestRuntimeClasspath	org.robolectric:pluginapi:4.17
:core:datastore	debugUnitTestRuntimeClasspath	org.robolectric:plugins-maven-dependency-resolver:4.17
:core:datastore	debugUnitTestRuntimeClasspath	org.robolectric:resources:4.17
:core:datastore	debugUnitTestRuntimeClasspath	org.robolectric:robolectric:4.17
:core:datastore	debugUnitTestRuntimeClasspath	org.robolectric:sandbox:4.17
:core:datastore	debugUnitTestRuntimeClasspath	org.robolectric:shadowapi:4.17
:core:datastore	debugUnitTestRuntimeClasspath	org.robolectric:shadows-framework:4.17
:core:datastore	debugUnitTestRuntimeClasspath	org.robolectric:utils-reflector:4.17
:core:datastore	debugUnitTestRuntimeClasspath	org.robolectric:utils:4.17
:core:datastore	debugUnitTestRuntimeClasspath	org.yaml:snakeyaml:2.6
:core:datastore	debugUnitTestRuntimeClasspath	project ':core:contracts'
:core:datastore	debugUnitTestRuntimeClasspath	project ':core:datastore'
:core:datastore	debugUnitTestRuntimeClasspath	project ':core:model'
:core:datastore	debugUnitTestRuntimeClasspath	project ':core:protocol'
:core:datastore	kotlinBuildToolsApiClasspath	org.jetbrains.kotlin:kotlin-build-tools-api:2.3.20
:core:datastore	kotlinBuildToolsApiClasspath	org.jetbrains.kotlin:kotlin-build-tools-compat:2.3.20
:core:datastore	kotlinBuildToolsApiClasspath	org.jetbrains.kotlin:kotlin-build-tools-cri-impl:2.3.20
:core:datastore	kotlinBuildToolsApiClasspath	org.jetbrains.kotlin:kotlin-build-tools-impl:2.3.20
:core:datastore	kotlinBuildToolsApiClasspath	org.jetbrains.kotlin:kotlin-compiler-embeddable:2.3.20
:core:datastore	kotlinBuildToolsApiClasspath	org.jetbrains.kotlin:kotlin-compiler-runner:2.3.20
:core:datastore	kotlinBuildToolsApiClasspath	org.jetbrains.kotlin:kotlin-daemon-client:2.3.20
:core:datastore	kotlinBuildToolsApiClasspath	org.jetbrains.kotlin:kotlin-daemon-embeddable:2.3.20
:core:datastore	kotlinBuildToolsApiClasspath	org.jetbrains.kotlin:kotlin-reflect:1.6.10
:core:datastore	kotlinBuildToolsApiClasspath	org.jetbrains.kotlin:kotlin-script-runtime:2.3.20
:core:datastore	kotlinBuildToolsApiClasspath	org.jetbrains.kotlin:kotlin-stdlib:2.3.20
:core:datastore	kotlinBuildToolsApiClasspath	org.jetbrains.kotlin:kotlin-tooling-core:2.3.20
:core:datastore	kotlinBuildToolsApiClasspath	org.jetbrains.kotlinx:kotlinx-coroutines-core-jvm:1.8.0
:core:datastore	kotlinBuildToolsApiClasspath	org.jetbrains:annotations:13.0
:core:datastore	kotlinBuildToolsApiClasspath	project ':core:datastore'
:core:datastore	kotlinCompilerClasspath	org.jetbrains.kotlin:kotlin-build-tools-api:2.3.20
:core:datastore	kotlinCompilerClasspath	org.jetbrains.kotlin:kotlin-build-tools-compat:2.3.20
:core:datastore	kotlinCompilerClasspath	org.jetbrains.kotlin:kotlin-build-tools-cri-impl:2.3.20
:core:datastore	kotlinCompilerClasspath	org.jetbrains.kotlin:kotlin-build-tools-impl:2.3.20
:core:datastore	kotlinCompilerClasspath	org.jetbrains.kotlin:kotlin-compiler-embeddable:2.3.20
:core:datastore	kotlinCompilerClasspath	org.jetbrains.kotlin:kotlin-compiler-runner:2.3.20
:core:datastore	kotlinCompilerClasspath	org.jetbrains.kotlin:kotlin-daemon-client:2.3.20
:core:datastore	kotlinCompilerClasspath	org.jetbrains.kotlin:kotlin-daemon-embeddable:2.3.20
:core:datastore	kotlinCompilerClasspath	org.jetbrains.kotlin:kotlin-reflect:1.6.10
:core:datastore	kotlinCompilerClasspath	org.jetbrains.kotlin:kotlin-script-runtime:2.3.20
:core:datastore	kotlinCompilerClasspath	org.jetbrains.kotlin:kotlin-stdlib:2.3.20
:core:datastore	kotlinCompilerClasspath	org.jetbrains.kotlin:kotlin-tooling-core:2.3.20
:core:datastore	kotlinCompilerClasspath	org.jetbrains.kotlinx:kotlinx-coroutines-core-jvm:1.8.0
:core:datastore	kotlinCompilerClasspath	org.jetbrains:annotations:13.0
:core:datastore	kotlinCompilerClasspath	project ':core:datastore'
:core:datastore	kotlinCompilerPluginClasspath	project ':core:datastore'
:core:datastore	kotlinCompilerPluginClasspathDebug	project ':core:datastore'
:core:datastore	kotlinCompilerPluginClasspathDebugAndroidTest	project ':core:datastore'
:core:datastore	kotlinCompilerPluginClasspathDebugUnitTest	project ':core:datastore'
:core:datastore	kotlinCompilerPluginClasspathRelease	project ':core:datastore'
:core:datastore	lintChecks	project ':core:datastore'
:core:datastore	lintPublish	project ':core:datastore'
:core:datastore	releaseAnnotationProcessorClasspath	project ':core:datastore'
:core:datastore	releaseCompileClasspath	androidx.annotation:annotation-jvm:1.9.1
:core:datastore	releaseCompileClasspath	androidx.annotation:annotation:1.9.1
:core:datastore	releaseCompileClasspath	androidx.datastore:datastore-android:1.2.1
:core:datastore	releaseCompileClasspath	androidx.datastore:datastore-core-android:1.2.1
:core:datastore	releaseCompileClasspath	androidx.datastore:datastore-core-okio-jvm:1.2.1
:core:datastore	releaseCompileClasspath	androidx.datastore:datastore-core-okio:1.2.1
:core:datastore	releaseCompileClasspath	androidx.datastore:datastore-core:1.2.1
:core:datastore	releaseCompileClasspath	androidx.datastore:datastore-preferences-android:1.2.1
:core:datastore	releaseCompileClasspath	androidx.datastore:datastore-preferences-core-android:1.2.1
:core:datastore	releaseCompileClasspath	androidx.datastore:datastore-preferences-core:1.2.1
:core:datastore	releaseCompileClasspath	androidx.datastore:datastore-preferences:1.2.1
:core:datastore	releaseCompileClasspath	androidx.datastore:datastore:1.2.1
:core:datastore	releaseCompileClasspath	com.squareup.okio:okio-jvm:3.9.1
:core:datastore	releaseCompileClasspath	com.squareup.okio:okio:3.9.1
:core:datastore	releaseCompileClasspath	org.jetbrains.kotlin:kotlin-stdlib:2.3.20
:core:datastore	releaseCompileClasspath	org.jetbrains.kotlinx:kotlinx-coroutines-bom:1.10.2
:core:datastore	releaseCompileClasspath	org.jetbrains.kotlinx:kotlinx-coroutines-core-jvm:1.10.2
:core:datastore	releaseCompileClasspath	org.jetbrains.kotlinx:kotlinx-coroutines-core:1.10.2
:core:datastore	releaseCompileClasspath	org.jetbrains:annotations:23.0.0
:core:datastore	releaseCompileClasspath	project ':core:contracts'
:core:datastore	releaseCompileClasspath	project ':core:datastore'
:core:datastore	releaseCompileClasspath	project ':core:model'
:core:datastore	releaseCompileClasspath	project ':core:protocol'
:core:datastore	releaseImplementationDependenciesMetadata	project ':core:datastore'
:core:datastore	releaseLintChecksClasspath	androidx.annotation:annotation-jvm:1.9.1
:core:datastore	releaseLintChecksClasspath	androidx.annotation:annotation:1.9.1
:core:datastore	releaseLintChecksClasspath	androidx.datastore:datastore-android:1.2.1
:core:datastore	releaseLintChecksClasspath	androidx.datastore:datastore-core-android:1.2.1
:core:datastore	releaseLintChecksClasspath	androidx.datastore:datastore-core-okio-jvm:1.2.1
:core:datastore	releaseLintChecksClasspath	androidx.datastore:datastore-core-okio:1.2.1
:core:datastore	releaseLintChecksClasspath	androidx.datastore:datastore-core:1.2.1
:core:datastore	releaseLintChecksClasspath	androidx.datastore:datastore-preferences-android:1.2.1
:core:datastore	releaseLintChecksClasspath	androidx.datastore:datastore-preferences-core-android:1.2.1
:core:datastore	releaseLintChecksClasspath	androidx.datastore:datastore-preferences-core:1.2.1
:core:datastore	releaseLintChecksClasspath	androidx.datastore:datastore-preferences-external-protobuf:1.2.1
:core:datastore	releaseLintChecksClasspath	androidx.datastore:datastore-preferences-proto:1.2.1
:core:datastore	releaseLintChecksClasspath	androidx.datastore:datastore-preferences:1.2.1
:core:datastore	releaseLintChecksClasspath	androidx.datastore:datastore:1.2.1
:core:datastore	releaseLintChecksClasspath	com.squareup.okio:okio-jvm:3.9.1
:core:datastore	releaseLintChecksClasspath	com.squareup.okio:okio:3.9.1
:core:datastore	releaseLintChecksClasspath	org.bouncycastle:bcprov-jdk18on:1.86
:core:datastore	releaseLintChecksClasspath	org.jetbrains.kotlin:kotlin-stdlib:2.3.20
:core:datastore	releaseLintChecksClasspath	org.jetbrains.kotlinx:kotlinx-coroutines-bom:1.10.2
:core:datastore	releaseLintChecksClasspath	org.jetbrains.kotlinx:kotlinx-coroutines-core-jvm:1.10.2
:core:datastore	releaseLintChecksClasspath	org.jetbrains.kotlinx:kotlinx-coroutines-core:1.10.2
:core:datastore	releaseLintChecksClasspath	org.jetbrains.kotlinx:kotlinx-serialization-bom:1.7.3
:core:datastore	releaseLintChecksClasspath	org.jetbrains.kotlinx:kotlinx-serialization-core-jvm:1.7.3
:core:datastore	releaseLintChecksClasspath	org.jetbrains.kotlinx:kotlinx-serialization-core:1.7.3
:core:datastore	releaseLintChecksClasspath	org.jetbrains.kotlinx:kotlinx-serialization-json-jvm:1.7.3
:core:datastore	releaseLintChecksClasspath	org.jetbrains.kotlinx:kotlinx-serialization-json:1.7.3
:core:datastore	releaseLintChecksClasspath	org.jetbrains:annotations:23.0.0
:core:datastore	releaseLintChecksClasspath	project ':core:contracts'
:core:datastore	releaseLintChecksClasspath	project ':core:datastore'
:core:datastore	releaseLintChecksClasspath	project ':core:model'
:core:datastore	releaseLintChecksClasspath	project ':core:protocol'
:core:datastore	releaseRuntimeClasspath	androidx.annotation:annotation-jvm:1.9.1
:core:datastore	releaseRuntimeClasspath	androidx.annotation:annotation:1.9.1
:core:datastore	releaseRuntimeClasspath	androidx.datastore:datastore-android:1.2.1
:core:datastore	releaseRuntimeClasspath	androidx.datastore:datastore-core-android:1.2.1
:core:datastore	releaseRuntimeClasspath	androidx.datastore:datastore-core-okio-jvm:1.2.1
:core:datastore	releaseRuntimeClasspath	androidx.datastore:datastore-core-okio:1.2.1
:core:datastore	releaseRuntimeClasspath	androidx.datastore:datastore-core:1.2.1
:core:datastore	releaseRuntimeClasspath	androidx.datastore:datastore-preferences-android:1.2.1
:core:datastore	releaseRuntimeClasspath	androidx.datastore:datastore-preferences-core-android:1.2.1
:core:datastore	releaseRuntimeClasspath	androidx.datastore:datastore-preferences-core:1.2.1
:core:datastore	releaseRuntimeClasspath	androidx.datastore:datastore-preferences-external-protobuf:1.2.1
:core:datastore	releaseRuntimeClasspath	androidx.datastore:datastore-preferences-proto:1.2.1
:core:datastore	releaseRuntimeClasspath	androidx.datastore:datastore-preferences:1.2.1
:core:datastore	releaseRuntimeClasspath	androidx.datastore:datastore:1.2.1
:core:datastore	releaseRuntimeClasspath	com.squareup.okio:okio-jvm:3.9.1
:core:datastore	releaseRuntimeClasspath	com.squareup.okio:okio:3.9.1
:core:datastore	releaseRuntimeClasspath	org.bouncycastle:bcprov-jdk18on:1.86
:core:datastore	releaseRuntimeClasspath	org.jetbrains.kotlin:kotlin-stdlib:2.3.20
:core:datastore	releaseRuntimeClasspath	org.jetbrains.kotlinx:kotlinx-coroutines-bom:1.10.2
:core:datastore	releaseRuntimeClasspath	org.jetbrains.kotlinx:kotlinx-coroutines-core-jvm:1.10.2
:core:datastore	releaseRuntimeClasspath	org.jetbrains.kotlinx:kotlinx-coroutines-core:1.10.2
:core:datastore	releaseRuntimeClasspath	org.jetbrains.kotlinx:kotlinx-serialization-bom:1.7.3
:core:datastore	releaseRuntimeClasspath	org.jetbrains.kotlinx:kotlinx-serialization-core-jvm:1.7.3
:core:datastore	releaseRuntimeClasspath	org.jetbrains.kotlinx:kotlinx-serialization-core:1.7.3
:core:datastore	releaseRuntimeClasspath	org.jetbrains.kotlinx:kotlinx-serialization-json-jvm:1.7.3
:core:datastore	releaseRuntimeClasspath	org.jetbrains.kotlinx:kotlinx-serialization-json:1.7.3
:core:datastore	releaseRuntimeClasspath	org.jetbrains:annotations:23.0.0
:core:datastore	releaseRuntimeClasspath	project ':core:contracts'
:core:datastore	releaseRuntimeClasspath	project ':core:datastore'
:core:datastore	releaseRuntimeClasspath	project ':core:model'
:core:datastore	releaseRuntimeClasspath	project ':core:protocol'
:core:datastore	testRobolectricSdk	org.robolectric:android-all-instrumented:12-robolectric-7732740-i7
:core:datastore	testRobolectricSdk	project ':core:datastore'
:core:datastore	unified-test-platform-gradle-work-action	com.android.tools.androidtest:android-test-engine-result-listener:1.0.1
:core:datastore	unified-test-platform-gradle-work-action	com.android.tools.androidtest:android-test-engine:1.0.1
:core:datastore	unified-test-platform-gradle-work-action	com.android.tools.androidtest:test-result-event-proto:1.0.1
:core:datastore	unified-test-platform-gradle-work-action	com.android.tools.androidtest:test-result-proto:1.0.1
:core:datastore	unified-test-platform-gradle-work-action	com.android.tools.utp:gradle-work-action:32.4.1
:core:datastore	unified-test-platform-gradle-work-action	com.google.protobuf:protobuf-java:3.25.5
:core:datastore	unified-test-platform-gradle-work-action	org.jetbrains.kotlin:kotlin-stdlib-jdk7:2.2.10
:core:datastore	unified-test-platform-gradle-work-action	org.jetbrains.kotlin:kotlin-stdlib-jdk8:2.2.10
:core:datastore	unified-test-platform-gradle-work-action	org.jetbrains.kotlin:kotlin-stdlib:2.2.10
:core:datastore	unified-test-platform-gradle-work-action	org.jetbrains.kotlinx:kotlinx-coroutines-bom:1.9.0
:core:datastore	unified-test-platform-gradle-work-action	org.jetbrains.kotlinx:kotlinx-coroutines-core-jvm:1.9.0
:core:datastore	unified-test-platform-gradle-work-action	org.jetbrains.kotlinx:kotlinx-coroutines-core:1.9.0
:core:datastore	unified-test-platform-gradle-work-action	org.jetbrains:annotations:23.0.0
:core:datastore	unified-test-platform-gradle-work-action	org.junit.platform:junit-platform-commons:1.13.3
:core:datastore	unified-test-platform-gradle-work-action	org.junit.platform:junit-platform-engine:1.13.3
:core:datastore	unified-test-platform-gradle-work-action	org.junit.platform:junit-platform-launcher:1.13.3
:core:datastore	unified-test-platform-gradle-work-action	org.junit:junit-bom:5.13.3
:core:datastore	unified-test-platform-gradle-work-action	org.opentest4j:opentest4j:1.3.0
:core:datastore	unified-test-platform-gradle-work-action	project ':core:datastore'
:app	debugRuntimeClasspath	androidx.activity:activity-compose:1.13.0
:app	debugRuntimeClasspath	androidx.activity:activity-ktx:1.13.0
:app	debugRuntimeClasspath	androidx.activity:activity:1.13.0
:app	debugRuntimeClasspath	androidx.annotation:annotation-experimental:1.5.0
:app	debugRuntimeClasspath	androidx.annotation:annotation-jvm:1.9.1
:app	debugRuntimeClasspath	androidx.annotation:annotation:1.9.1
:app	debugRuntimeClasspath	androidx.arch.core:core-common:2.2.0
:app	debugRuntimeClasspath	androidx.arch.core:core-runtime:2.2.0
:app	debugRuntimeClasspath	androidx.autofill:autofill:1.0.0
:app	debugRuntimeClasspath	androidx.collection:collection-jvm:1.5.0
:app	debugRuntimeClasspath	androidx.collection:collection-ktx:1.5.0
:app	debugRuntimeClasspath	androidx.collection:collection:1.5.0
:app	debugRuntimeClasspath	androidx.compose.animation:animation-android:1.10.6
:app	debugRuntimeClasspath	androidx.compose.animation:animation-core-android:1.10.6
:app	debugRuntimeClasspath	androidx.compose.animation:animation-core:1.10.6
:app	debugRuntimeClasspath	androidx.compose.animation:animation:1.10.6
:app	debugRuntimeClasspath	androidx.compose.foundation:foundation-android:1.10.6
:app	debugRuntimeClasspath	androidx.compose.foundation:foundation-layout-android:1.10.6
:app	debugRuntimeClasspath	androidx.compose.foundation:foundation-layout:1.10.6
:app	debugRuntimeClasspath	androidx.compose.foundation:foundation:1.10.6
:app	debugRuntimeClasspath	androidx.compose.material3:material3-android:1.4.0
:app	debugRuntimeClasspath	androidx.compose.material3:material3:1.4.0
:app	debugRuntimeClasspath	androidx.compose.material:material-ripple-android:1.10.6
:app	debugRuntimeClasspath	androidx.compose.material:material-ripple:1.10.6
:app	debugRuntimeClasspath	androidx.compose.runtime:runtime-android:1.10.6
:app	debugRuntimeClasspath	androidx.compose.runtime:runtime-annotation-android:1.10.6
:app	debugRuntimeClasspath	androidx.compose.runtime:runtime-annotation:1.10.6
:app	debugRuntimeClasspath	androidx.compose.runtime:runtime-retain-android:1.10.6
:app	debugRuntimeClasspath	androidx.compose.runtime:runtime-retain:1.10.6
:app	debugRuntimeClasspath	androidx.compose.runtime:runtime-saveable-android:1.10.6
:app	debugRuntimeClasspath	androidx.compose.runtime:runtime-saveable:1.10.6
:app	debugRuntimeClasspath	androidx.compose.runtime:runtime:1.10.6
:app	debugRuntimeClasspath	androidx.compose.ui:ui-android:1.10.6
:app	debugRuntimeClasspath	androidx.compose.ui:ui-geometry-android:1.10.6
:app	debugRuntimeClasspath	androidx.compose.ui:ui-geometry:1.10.6
:app	debugRuntimeClasspath	androidx.compose.ui:ui-graphics-android:1.10.6
:app	debugRuntimeClasspath	androidx.compose.ui:ui-graphics:1.10.6
:app	debugRuntimeClasspath	androidx.compose.ui:ui-text-android:1.10.6
:app	debugRuntimeClasspath	androidx.compose.ui:ui-text:1.10.6
:app	debugRuntimeClasspath	androidx.compose.ui:ui-unit-android:1.10.6
:app	debugRuntimeClasspath	androidx.compose.ui:ui-unit:1.10.6
:app	debugRuntimeClasspath	androidx.compose.ui:ui-util-android:1.10.6
:app	debugRuntimeClasspath	androidx.compose.ui:ui-util:1.10.6
:app	debugRuntimeClasspath	androidx.compose.ui:ui:1.10.6
:app	debugRuntimeClasspath	androidx.compose:compose-bom:2026.03.01
:app	debugRuntimeClasspath	androidx.concurrent:concurrent-futures:1.1.0
:app	debugRuntimeClasspath	androidx.core:core-ktx:1.18.0
:app	debugRuntimeClasspath	androidx.core:core-viewtree:1.0.0
:app	debugRuntimeClasspath	androidx.core:core:1.18.0
:app	debugRuntimeClasspath	androidx.customview:customview-poolingcontainer:1.0.0
:app	debugRuntimeClasspath	androidx.datastore:datastore-android:1.2.1
:app	debugRuntimeClasspath	androidx.datastore:datastore-core-android:1.2.1
:app	debugRuntimeClasspath	androidx.datastore:datastore-core-okio-jvm:1.2.1
:app	debugRuntimeClasspath	androidx.datastore:datastore-core-okio:1.2.1
:app	debugRuntimeClasspath	androidx.datastore:datastore-core:1.2.1
:app	debugRuntimeClasspath	androidx.datastore:datastore-preferences-android:1.2.1
:app	debugRuntimeClasspath	androidx.datastore:datastore-preferences-core-android:1.2.1
:app	debugRuntimeClasspath	androidx.datastore:datastore-preferences-core:1.2.1
:app	debugRuntimeClasspath	androidx.datastore:datastore-preferences-external-protobuf:1.2.1
:app	debugRuntimeClasspath	androidx.datastore:datastore-preferences-proto:1.2.1
:app	debugRuntimeClasspath	androidx.datastore:datastore-preferences:1.2.1
:app	debugRuntimeClasspath	androidx.datastore:datastore:1.2.1
:app	debugRuntimeClasspath	androidx.documentfile:documentfile:1.0.0
:app	debugRuntimeClasspath	androidx.dynamicanimation:dynamicanimation:1.0.0
:app	debugRuntimeClasspath	androidx.emoji2:emoji2:1.4.0
:app	debugRuntimeClasspath	androidx.graphics:graphics-path:1.0.1
:app	debugRuntimeClasspath	androidx.interpolator:interpolator:1.0.0
:app	debugRuntimeClasspath	androidx.legacy:legacy-support-core-utils:1.0.0
:app	debugRuntimeClasspath	androidx.lifecycle:lifecycle-common-java8:2.9.4
:app	debugRuntimeClasspath	androidx.lifecycle:lifecycle-common-jvm:2.9.4
:app	debugRuntimeClasspath	androidx.lifecycle:lifecycle-common:2.9.4
:app	debugRuntimeClasspath	androidx.lifecycle:lifecycle-livedata-core-ktx:2.9.4
:app	debugRuntimeClasspath	androidx.lifecycle:lifecycle-livedata-core:2.9.4
:app	debugRuntimeClasspath	androidx.lifecycle:lifecycle-livedata:2.9.4
:app	debugRuntimeClasspath	androidx.lifecycle:lifecycle-process:2.9.4
:app	debugRuntimeClasspath	androidx.lifecycle:lifecycle-runtime-android:2.9.4
:app	debugRuntimeClasspath	androidx.lifecycle:lifecycle-runtime-compose-android:2.9.4
:app	debugRuntimeClasspath	androidx.lifecycle:lifecycle-runtime-compose:2.9.4
:app	debugRuntimeClasspath	androidx.lifecycle:lifecycle-runtime-ktx-android:2.9.4
:app	debugRuntimeClasspath	androidx.lifecycle:lifecycle-runtime-ktx:2.9.4
:app	debugRuntimeClasspath	androidx.lifecycle:lifecycle-runtime:2.9.4
:app	debugRuntimeClasspath	androidx.lifecycle:lifecycle-viewmodel-android:2.9.4
:app	debugRuntimeClasspath	androidx.lifecycle:lifecycle-viewmodel-ktx:2.9.4
:app	debugRuntimeClasspath	androidx.lifecycle:lifecycle-viewmodel-savedstate-android:2.9.4
:app	debugRuntimeClasspath	androidx.lifecycle:lifecycle-viewmodel-savedstate:2.9.4
:app	debugRuntimeClasspath	androidx.lifecycle:lifecycle-viewmodel:2.9.4
:app	debugRuntimeClasspath	androidx.loader:loader:1.0.0
:app	debugRuntimeClasspath	androidx.localbroadcastmanager:localbroadcastmanager:1.0.0
:app	debugRuntimeClasspath	androidx.navigationevent:navigationevent-android:1.0.0
:app	debugRuntimeClasspath	androidx.navigationevent:navigationevent-compose-android:1.0.0
:app	debugRuntimeClasspath	androidx.navigationevent:navigationevent-compose:1.0.0
:app	debugRuntimeClasspath	androidx.navigationevent:navigationevent:1.0.0
:app	debugRuntimeClasspath	androidx.print:print:1.0.0
:app	debugRuntimeClasspath	androidx.profileinstaller:profileinstaller:1.4.0
:app	debugRuntimeClasspath	androidx.room:room-common-jvm:2.8.5
:app	debugRuntimeClasspath	androidx.room:room-common:2.8.5
:app	debugRuntimeClasspath	androidx.room:room-runtime-android:2.8.5
:app	debugRuntimeClasspath	androidx.room:room-runtime:2.8.5
:app	debugRuntimeClasspath	androidx.savedstate:savedstate-android:1.3.2
:app	debugRuntimeClasspath	androidx.savedstate:savedstate-compose-android:1.3.2
:app	debugRuntimeClasspath	androidx.savedstate:savedstate-compose:1.3.2
:app	debugRuntimeClasspath	androidx.savedstate:savedstate-ktx:1.3.2
:app	debugRuntimeClasspath	androidx.savedstate:savedstate:1.3.2
:app	debugRuntimeClasspath	androidx.sqlite:sqlite-android:2.6.2
:app	debugRuntimeClasspath	androidx.sqlite:sqlite-framework-android:2.6.2
:app	debugRuntimeClasspath	androidx.sqlite:sqlite-framework:2.6.2
:app	debugRuntimeClasspath	androidx.sqlite:sqlite:2.6.2
:app	debugRuntimeClasspath	androidx.startup:startup-runtime:1.1.1
:app	debugRuntimeClasspath	androidx.tracing:tracing:1.2.0
:app	debugRuntimeClasspath	androidx.transition:transition:1.6.0
:app	debugRuntimeClasspath	androidx.versionedparcelable:versionedparcelable:1.1.1
:app	debugRuntimeClasspath	androidx.window:window-core-android:1.5.0
:app	debugRuntimeClasspath	androidx.window:window-core:1.5.0
:app	debugRuntimeClasspath	androidx.window:window:1.5.0
:app	debugRuntimeClasspath	com.google.guava:listenablefuture:1.0
:app	debugRuntimeClasspath	com.squareup.okio:okio-jvm:3.9.1
:app	debugRuntimeClasspath	com.squareup.okio:okio:3.9.1
:app	debugRuntimeClasspath	org.bouncycastle:bcprov-jdk18on:1.86
:app	debugRuntimeClasspath	org.jetbrains.kotlin:kotlin-stdlib:2.3.20
:app	debugRuntimeClasspath	org.jetbrains.kotlinx:kotlinx-coroutines-android:1.10.2
:app	debugRuntimeClasspath	org.jetbrains.kotlinx:kotlinx-coroutines-bom:1.10.2
:app	debugRuntimeClasspath	org.jetbrains.kotlinx:kotlinx-coroutines-core-jvm:1.10.2
:app	debugRuntimeClasspath	org.jetbrains.kotlinx:kotlinx-coroutines-core:1.10.2
:app	debugRuntimeClasspath	org.jetbrains.kotlinx:kotlinx-serialization-bom:1.7.3
:app	debugRuntimeClasspath	org.jetbrains.kotlinx:kotlinx-serialization-core-jvm:1.7.3
:app	debugRuntimeClasspath	org.jetbrains.kotlinx:kotlinx-serialization-core:1.7.3
:app	debugRuntimeClasspath	org.jetbrains.kotlinx:kotlinx-serialization-json-jvm:1.7.3
:app	debugRuntimeClasspath	org.jetbrains.kotlinx:kotlinx-serialization-json:1.7.3
:app	debugRuntimeClasspath	org.jetbrains:annotations:23.0.0
:app	debugRuntimeClasspath	org.jspecify:jspecify:1.0.0
:app	debugRuntimeClasspath	project ':app'
:app	debugRuntimeClasspath	project ':core:ble'
:app	debugRuntimeClasspath	project ':core:connectivity'
:app	debugRuntimeClasspath	project ':core:contracts'
:app	debugRuntimeClasspath	project ':core:data'
:app	debugRuntimeClasspath	project ':core:database'
:app	debugRuntimeClasspath	project ':core:datastore'
:app	debugRuntimeClasspath	project ':core:designsystem'
:app	debugRuntimeClasspath	project ':core:l10n'
:app	debugRuntimeClasspath	project ':core:maps'
:app	debugRuntimeClasspath	project ':core:model'
:app	debugRuntimeClasspath	project ':core:protocol'
:app	debugRuntimeClasspath	project ':core:runtime'
:app	debugRuntimeClasspath	project ':core:services'
:app	debugRuntimeClasspath	project ':core:ui'
:app	debugRuntimeClasspath	project ':feature:chats'
:app	debugRuntimeClasspath	project ':feature:map'
:app	debugRuntimeClasspath	project ':feature:nodes'
:app	debugRuntimeClasspath	project ':feature:onboarding'
:app	debugRuntimeClasspath	project ':feature:remotenodes'
:app	debugRuntimeClasspath	project ':feature:settings'
:app	debugRuntimeClasspath	project ':feature:tools'
:app	debugRuntimeClasspath	project ':platform:notifications'
:app	debugRuntimeClasspath	project ':platform:shortcuts'
:app	debugRuntimeClasspath	project ':platform:translation'
:app	debugRuntimeClasspath	project ':platform:widgets'
:app	releaseRuntimeClasspath	androidx.activity:activity-compose:1.13.0
:app	releaseRuntimeClasspath	androidx.activity:activity-ktx:1.13.0
:app	releaseRuntimeClasspath	androidx.activity:activity:1.13.0
:app	releaseRuntimeClasspath	androidx.annotation:annotation-experimental:1.5.0
:app	releaseRuntimeClasspath	androidx.annotation:annotation-jvm:1.9.1
:app	releaseRuntimeClasspath	androidx.annotation:annotation:1.9.1
:app	releaseRuntimeClasspath	androidx.arch.core:core-common:2.2.0
:app	releaseRuntimeClasspath	androidx.arch.core:core-runtime:2.2.0
:app	releaseRuntimeClasspath	androidx.autofill:autofill:1.0.0
:app	releaseRuntimeClasspath	androidx.collection:collection-jvm:1.5.0
:app	releaseRuntimeClasspath	androidx.collection:collection-ktx:1.5.0
:app	releaseRuntimeClasspath	androidx.collection:collection:1.5.0
:app	releaseRuntimeClasspath	androidx.compose.animation:animation-android:1.10.6
:app	releaseRuntimeClasspath	androidx.compose.animation:animation-core-android:1.10.6
:app	releaseRuntimeClasspath	androidx.compose.animation:animation-core:1.10.6
:app	releaseRuntimeClasspath	androidx.compose.animation:animation:1.10.6
:app	releaseRuntimeClasspath	androidx.compose.foundation:foundation-android:1.10.6
:app	releaseRuntimeClasspath	androidx.compose.foundation:foundation-layout-android:1.10.6
:app	releaseRuntimeClasspath	androidx.compose.foundation:foundation-layout:1.10.6
:app	releaseRuntimeClasspath	androidx.compose.foundation:foundation:1.10.6
:app	releaseRuntimeClasspath	androidx.compose.material3:material3-android:1.4.0
:app	releaseRuntimeClasspath	androidx.compose.material3:material3:1.4.0
:app	releaseRuntimeClasspath	androidx.compose.material:material-ripple-android:1.10.6
:app	releaseRuntimeClasspath	androidx.compose.material:material-ripple:1.10.6
:app	releaseRuntimeClasspath	androidx.compose.runtime:runtime-android:1.10.6
:app	releaseRuntimeClasspath	androidx.compose.runtime:runtime-annotation-android:1.10.6
:app	releaseRuntimeClasspath	androidx.compose.runtime:runtime-annotation:1.10.6
:app	releaseRuntimeClasspath	androidx.compose.runtime:runtime-retain-android:1.10.6
:app	releaseRuntimeClasspath	androidx.compose.runtime:runtime-retain:1.10.6
:app	releaseRuntimeClasspath	androidx.compose.runtime:runtime-saveable-android:1.10.6
:app	releaseRuntimeClasspath	androidx.compose.runtime:runtime-saveable:1.10.6
:app	releaseRuntimeClasspath	androidx.compose.runtime:runtime:1.10.6
:app	releaseRuntimeClasspath	androidx.compose.ui:ui-android:1.10.6
:app	releaseRuntimeClasspath	androidx.compose.ui:ui-geometry-android:1.10.6
:app	releaseRuntimeClasspath	androidx.compose.ui:ui-geometry:1.10.6
:app	releaseRuntimeClasspath	androidx.compose.ui:ui-graphics-android:1.10.6
:app	releaseRuntimeClasspath	androidx.compose.ui:ui-graphics:1.10.6
:app	releaseRuntimeClasspath	androidx.compose.ui:ui-text-android:1.10.6
:app	releaseRuntimeClasspath	androidx.compose.ui:ui-text:1.10.6
:app	releaseRuntimeClasspath	androidx.compose.ui:ui-unit-android:1.10.6
:app	releaseRuntimeClasspath	androidx.compose.ui:ui-unit:1.10.6
:app	releaseRuntimeClasspath	androidx.compose.ui:ui-util-android:1.10.6
:app	releaseRuntimeClasspath	androidx.compose.ui:ui-util:1.10.6
:app	releaseRuntimeClasspath	androidx.compose.ui:ui:1.10.6
:app	releaseRuntimeClasspath	androidx.compose:compose-bom:2026.03.01
:app	releaseRuntimeClasspath	androidx.concurrent:concurrent-futures:1.1.0
:app	releaseRuntimeClasspath	androidx.core:core-ktx:1.18.0
:app	releaseRuntimeClasspath	androidx.core:core-viewtree:1.0.0
:app	releaseRuntimeClasspath	androidx.core:core:1.18.0
:app	releaseRuntimeClasspath	androidx.customview:customview-poolingcontainer:1.0.0
:app	releaseRuntimeClasspath	androidx.datastore:datastore-android:1.2.1
:app	releaseRuntimeClasspath	androidx.datastore:datastore-core-android:1.2.1
:app	releaseRuntimeClasspath	androidx.datastore:datastore-core-okio-jvm:1.2.1
:app	releaseRuntimeClasspath	androidx.datastore:datastore-core-okio:1.2.1
:app	releaseRuntimeClasspath	androidx.datastore:datastore-core:1.2.1
:app	releaseRuntimeClasspath	androidx.datastore:datastore-preferences-android:1.2.1
:app	releaseRuntimeClasspath	androidx.datastore:datastore-preferences-core-android:1.2.1
:app	releaseRuntimeClasspath	androidx.datastore:datastore-preferences-core:1.2.1
:app	releaseRuntimeClasspath	androidx.datastore:datastore-preferences-external-protobuf:1.2.1
:app	releaseRuntimeClasspath	androidx.datastore:datastore-preferences-proto:1.2.1
:app	releaseRuntimeClasspath	androidx.datastore:datastore-preferences:1.2.1
:app	releaseRuntimeClasspath	androidx.datastore:datastore:1.2.1
:app	releaseRuntimeClasspath	androidx.documentfile:documentfile:1.0.0
:app	releaseRuntimeClasspath	androidx.dynamicanimation:dynamicanimation:1.0.0
:app	releaseRuntimeClasspath	androidx.emoji2:emoji2:1.4.0
:app	releaseRuntimeClasspath	androidx.graphics:graphics-path:1.0.1
:app	releaseRuntimeClasspath	androidx.interpolator:interpolator:1.0.0
:app	releaseRuntimeClasspath	androidx.legacy:legacy-support-core-utils:1.0.0
:app	releaseRuntimeClasspath	androidx.lifecycle:lifecycle-common-java8:2.9.4
:app	releaseRuntimeClasspath	androidx.lifecycle:lifecycle-common-jvm:2.9.4
:app	releaseRuntimeClasspath	androidx.lifecycle:lifecycle-common:2.9.4
:app	releaseRuntimeClasspath	androidx.lifecycle:lifecycle-livedata-core-ktx:2.9.4
:app	releaseRuntimeClasspath	androidx.lifecycle:lifecycle-livedata-core:2.9.4
:app	releaseRuntimeClasspath	androidx.lifecycle:lifecycle-livedata:2.9.4
:app	releaseRuntimeClasspath	androidx.lifecycle:lifecycle-process:2.9.4
:app	releaseRuntimeClasspath	androidx.lifecycle:lifecycle-runtime-android:2.9.4
:app	releaseRuntimeClasspath	androidx.lifecycle:lifecycle-runtime-compose-android:2.9.4
:app	releaseRuntimeClasspath	androidx.lifecycle:lifecycle-runtime-compose:2.9.4
:app	releaseRuntimeClasspath	androidx.lifecycle:lifecycle-runtime-ktx-android:2.9.4
:app	releaseRuntimeClasspath	androidx.lifecycle:lifecycle-runtime-ktx:2.9.4
:app	releaseRuntimeClasspath	androidx.lifecycle:lifecycle-runtime:2.9.4
:app	releaseRuntimeClasspath	androidx.lifecycle:lifecycle-viewmodel-android:2.9.4
:app	releaseRuntimeClasspath	androidx.lifecycle:lifecycle-viewmodel-ktx:2.9.4
:app	releaseRuntimeClasspath	androidx.lifecycle:lifecycle-viewmodel-savedstate-android:2.9.4
:app	releaseRuntimeClasspath	androidx.lifecycle:lifecycle-viewmodel-savedstate:2.9.4
:app	releaseRuntimeClasspath	androidx.lifecycle:lifecycle-viewmodel:2.9.4
:app	releaseRuntimeClasspath	androidx.loader:loader:1.0.0
:app	releaseRuntimeClasspath	androidx.localbroadcastmanager:localbroadcastmanager:1.0.0
:app	releaseRuntimeClasspath	androidx.navigationevent:navigationevent-android:1.0.0
:app	releaseRuntimeClasspath	androidx.navigationevent:navigationevent-compose-android:1.0.0
:app	releaseRuntimeClasspath	androidx.navigationevent:navigationevent-compose:1.0.0
:app	releaseRuntimeClasspath	androidx.navigationevent:navigationevent:1.0.0
:app	releaseRuntimeClasspath	androidx.print:print:1.0.0
:app	releaseRuntimeClasspath	androidx.profileinstaller:profileinstaller:1.4.0
:app	releaseRuntimeClasspath	androidx.room:room-common-jvm:2.8.5
:app	releaseRuntimeClasspath	androidx.room:room-common:2.8.5
:app	releaseRuntimeClasspath	androidx.room:room-runtime-android:2.8.5
:app	releaseRuntimeClasspath	androidx.room:room-runtime:2.8.5
:app	releaseRuntimeClasspath	androidx.savedstate:savedstate-android:1.3.2
:app	releaseRuntimeClasspath	androidx.savedstate:savedstate-compose-android:1.3.2
:app	releaseRuntimeClasspath	androidx.savedstate:savedstate-compose:1.3.2
:app	releaseRuntimeClasspath	androidx.savedstate:savedstate-ktx:1.3.2
:app	releaseRuntimeClasspath	androidx.savedstate:savedstate:1.3.2
:app	releaseRuntimeClasspath	androidx.sqlite:sqlite-android:2.6.2
:app	releaseRuntimeClasspath	androidx.sqlite:sqlite-framework-android:2.6.2
:app	releaseRuntimeClasspath	androidx.sqlite:sqlite-framework:2.6.2
:app	releaseRuntimeClasspath	androidx.sqlite:sqlite:2.6.2
:app	releaseRuntimeClasspath	androidx.startup:startup-runtime:1.1.1
:app	releaseRuntimeClasspath	androidx.tracing:tracing:1.2.0
:app	releaseRuntimeClasspath	androidx.transition:transition:1.6.0
:app	releaseRuntimeClasspath	androidx.versionedparcelable:versionedparcelable:1.1.1
:app	releaseRuntimeClasspath	androidx.window:window-core-android:1.5.0
:app	releaseRuntimeClasspath	androidx.window:window-core:1.5.0
:app	releaseRuntimeClasspath	androidx.window:window:1.5.0
:app	releaseRuntimeClasspath	com.google.guava:listenablefuture:1.0
:app	releaseRuntimeClasspath	com.squareup.okio:okio-jvm:3.9.1
:app	releaseRuntimeClasspath	com.squareup.okio:okio:3.9.1
:app	releaseRuntimeClasspath	org.bouncycastle:bcprov-jdk18on:1.86
:app	releaseRuntimeClasspath	org.jetbrains.kotlin:kotlin-stdlib:2.3.20
:app	releaseRuntimeClasspath	org.jetbrains.kotlinx:kotlinx-coroutines-android:1.10.2
:app	releaseRuntimeClasspath	org.jetbrains.kotlinx:kotlinx-coroutines-bom:1.10.2
:app	releaseRuntimeClasspath	org.jetbrains.kotlinx:kotlinx-coroutines-core-jvm:1.10.2
:app	releaseRuntimeClasspath	org.jetbrains.kotlinx:kotlinx-coroutines-core:1.10.2
:app	releaseRuntimeClasspath	org.jetbrains.kotlinx:kotlinx-serialization-bom:1.7.3
:app	releaseRuntimeClasspath	org.jetbrains.kotlinx:kotlinx-serialization-core-jvm:1.7.3
:app	releaseRuntimeClasspath	org.jetbrains.kotlinx:kotlinx-serialization-core:1.7.3
:app	releaseRuntimeClasspath	org.jetbrains.kotlinx:kotlinx-serialization-json-jvm:1.7.3
:app	releaseRuntimeClasspath	org.jetbrains.kotlinx:kotlinx-serialization-json:1.7.3
:app	releaseRuntimeClasspath	org.jetbrains:annotations:23.0.0
:app	releaseRuntimeClasspath	org.jspecify:jspecify:1.0.0
:app	releaseRuntimeClasspath	project ':app'
:app	releaseRuntimeClasspath	project ':core:ble'
:app	releaseRuntimeClasspath	project ':core:connectivity'
:app	releaseRuntimeClasspath	project ':core:contracts'
:app	releaseRuntimeClasspath	project ':core:data'
:app	releaseRuntimeClasspath	project ':core:database'
:app	releaseRuntimeClasspath	project ':core:datastore'
:app	releaseRuntimeClasspath	project ':core:designsystem'
:app	releaseRuntimeClasspath	project ':core:l10n'
:app	releaseRuntimeClasspath	project ':core:maps'
:app	releaseRuntimeClasspath	project ':core:model'
:app	releaseRuntimeClasspath	project ':core:protocol'
:app	releaseRuntimeClasspath	project ':core:runtime'
:app	releaseRuntimeClasspath	project ':core:services'
:app	releaseRuntimeClasspath	project ':core:ui'
:app	releaseRuntimeClasspath	project ':feature:chats'
:app	releaseRuntimeClasspath	project ':feature:map'
:app	releaseRuntimeClasspath	project ':feature:nodes'
:app	releaseRuntimeClasspath	project ':feature:onboarding'
:app	releaseRuntimeClasspath	project ':feature:remotenodes'
:app	releaseRuntimeClasspath	project ':feature:settings'
:app	releaseRuntimeClasspath	project ':feature:tools'
:app	releaseRuntimeClasspath	project ':platform:notifications'
:app	releaseRuntimeClasspath	project ':platform:shortcuts'
:app	releaseRuntimeClasspath	project ':platform:translation'
:app	releaseRuntimeClasspath	project ':platform:widgets'
:app	debugUnitTestRuntimeClasspath	androidx.activity:activity-compose:1.13.0
:app	debugUnitTestRuntimeClasspath	androidx.activity:activity-ktx:1.13.0
:app	debugUnitTestRuntimeClasspath	androidx.activity:activity:1.13.0
:app	debugUnitTestRuntimeClasspath	androidx.annotation:annotation-experimental:1.5.0
:app	debugUnitTestRuntimeClasspath	androidx.annotation:annotation-jvm:1.9.1
:app	debugUnitTestRuntimeClasspath	androidx.annotation:annotation:1.9.1
:app	debugUnitTestRuntimeClasspath	androidx.arch.core:core-common:2.2.0
:app	debugUnitTestRuntimeClasspath	androidx.arch.core:core-runtime:2.2.0
:app	debugUnitTestRuntimeClasspath	androidx.autofill:autofill:1.0.0
:app	debugUnitTestRuntimeClasspath	androidx.collection:collection-jvm:1.5.0
:app	debugUnitTestRuntimeClasspath	androidx.collection:collection-ktx:1.5.0
:app	debugUnitTestRuntimeClasspath	androidx.collection:collection:1.5.0
:app	debugUnitTestRuntimeClasspath	androidx.compose.animation:animation-android:1.10.6
:app	debugUnitTestRuntimeClasspath	androidx.compose.animation:animation-core-android:1.10.6
:app	debugUnitTestRuntimeClasspath	androidx.compose.animation:animation-core:1.10.6
:app	debugUnitTestRuntimeClasspath	androidx.compose.animation:animation:1.10.6
:app	debugUnitTestRuntimeClasspath	androidx.compose.foundation:foundation-android:1.10.6
:app	debugUnitTestRuntimeClasspath	androidx.compose.foundation:foundation-layout-android:1.10.6
:app	debugUnitTestRuntimeClasspath	androidx.compose.foundation:foundation-layout:1.10.6
:app	debugUnitTestRuntimeClasspath	androidx.compose.foundation:foundation:1.10.6
:app	debugUnitTestRuntimeClasspath	androidx.compose.material3:material3-android:1.4.0
:app	debugUnitTestRuntimeClasspath	androidx.compose.material3:material3:1.4.0
:app	debugUnitTestRuntimeClasspath	androidx.compose.material:material-ripple-android:1.10.6
:app	debugUnitTestRuntimeClasspath	androidx.compose.material:material-ripple:1.10.6
:app	debugUnitTestRuntimeClasspath	androidx.compose.runtime:runtime-android:1.10.6
:app	debugUnitTestRuntimeClasspath	androidx.compose.runtime:runtime-annotation-android:1.10.6
:app	debugUnitTestRuntimeClasspath	androidx.compose.runtime:runtime-annotation:1.10.6
:app	debugUnitTestRuntimeClasspath	androidx.compose.runtime:runtime-retain-android:1.10.6
:app	debugUnitTestRuntimeClasspath	androidx.compose.runtime:runtime-retain:1.10.6
:app	debugUnitTestRuntimeClasspath	androidx.compose.runtime:runtime-saveable-android:1.10.6
:app	debugUnitTestRuntimeClasspath	androidx.compose.runtime:runtime-saveable:1.10.6
:app	debugUnitTestRuntimeClasspath	androidx.compose.runtime:runtime:1.10.6
:app	debugUnitTestRuntimeClasspath	androidx.compose.ui:ui-android:1.10.6
:app	debugUnitTestRuntimeClasspath	androidx.compose.ui:ui-geometry-android:1.10.6
:app	debugUnitTestRuntimeClasspath	androidx.compose.ui:ui-geometry:1.10.6
:app	debugUnitTestRuntimeClasspath	androidx.compose.ui:ui-graphics-android:1.10.6
:app	debugUnitTestRuntimeClasspath	androidx.compose.ui:ui-graphics:1.10.6
:app	debugUnitTestRuntimeClasspath	androidx.compose.ui:ui-test-android:1.10.6
:app	debugUnitTestRuntimeClasspath	androidx.compose.ui:ui-test-junit4-android:1.10.6
:app	debugUnitTestRuntimeClasspath	androidx.compose.ui:ui-test-junit4:1.10.6
:app	debugUnitTestRuntimeClasspath	androidx.compose.ui:ui-test:1.10.6
:app	debugUnitTestRuntimeClasspath	androidx.compose.ui:ui-text-android:1.10.6
:app	debugUnitTestRuntimeClasspath	androidx.compose.ui:ui-text:1.10.6
:app	debugUnitTestRuntimeClasspath	androidx.compose.ui:ui-unit-android:1.10.6
:app	debugUnitTestRuntimeClasspath	androidx.compose.ui:ui-unit:1.10.6
:app	debugUnitTestRuntimeClasspath	androidx.compose.ui:ui-util-android:1.10.6
:app	debugUnitTestRuntimeClasspath	androidx.compose.ui:ui-util:1.10.6
:app	debugUnitTestRuntimeClasspath	androidx.compose.ui:ui:1.10.6
:app	debugUnitTestRuntimeClasspath	androidx.compose:compose-bom:2026.03.01
:app	debugUnitTestRuntimeClasspath	androidx.concurrent:concurrent-futures-ktx:1.2.0
:app	debugUnitTestRuntimeClasspath	androidx.concurrent:concurrent-futures:1.2.0
:app	debugUnitTestRuntimeClasspath	androidx.core:core-ktx:1.18.0
:app	debugUnitTestRuntimeClasspath	androidx.core:core-viewtree:1.0.0
:app	debugUnitTestRuntimeClasspath	androidx.core:core:1.18.0
:app	debugUnitTestRuntimeClasspath	androidx.customview:customview-poolingcontainer:1.0.0
:app	debugUnitTestRuntimeClasspath	androidx.datastore:datastore-android:1.2.1
:app	debugUnitTestRuntimeClasspath	androidx.datastore:datastore-core-android:1.2.1
:app	debugUnitTestRuntimeClasspath	androidx.datastore:datastore-core-okio-jvm:1.2.1
:app	debugUnitTestRuntimeClasspath	androidx.datastore:datastore-core-okio:1.2.1
:app	debugUnitTestRuntimeClasspath	androidx.datastore:datastore-core:1.2.1
:app	debugUnitTestRuntimeClasspath	androidx.datastore:datastore-preferences-android:1.2.1
:app	debugUnitTestRuntimeClasspath	androidx.datastore:datastore-preferences-core-android:1.2.1
:app	debugUnitTestRuntimeClasspath	androidx.datastore:datastore-preferences-core:1.2.1
:app	debugUnitTestRuntimeClasspath	androidx.datastore:datastore-preferences-external-protobuf:1.2.1
:app	debugUnitTestRuntimeClasspath	androidx.datastore:datastore-preferences-proto:1.2.1
:app	debugUnitTestRuntimeClasspath	androidx.datastore:datastore-preferences:1.2.1
:app	debugUnitTestRuntimeClasspath	androidx.datastore:datastore:1.2.1
:app	debugUnitTestRuntimeClasspath	androidx.documentfile:documentfile:1.0.0
:app	debugUnitTestRuntimeClasspath	androidx.dynamicanimation:dynamicanimation:1.0.0
:app	debugUnitTestRuntimeClasspath	androidx.emoji2:emoji2:1.4.0
:app	debugUnitTestRuntimeClasspath	androidx.graphics:graphics-path:1.0.1
:app	debugUnitTestRuntimeClasspath	androidx.interpolator:interpolator:1.0.0
:app	debugUnitTestRuntimeClasspath	androidx.legacy:legacy-support-core-utils:1.0.0
:app	debugUnitTestRuntimeClasspath	androidx.lifecycle:lifecycle-common-java8:2.9.4
:app	debugUnitTestRuntimeClasspath	androidx.lifecycle:lifecycle-common-jvm:2.9.4
:app	debugUnitTestRuntimeClasspath	androidx.lifecycle:lifecycle-common:2.9.4
:app	debugUnitTestRuntimeClasspath	androidx.lifecycle:lifecycle-livedata-core-ktx:2.9.4
:app	debugUnitTestRuntimeClasspath	androidx.lifecycle:lifecycle-livedata-core:2.9.4
:app	debugUnitTestRuntimeClasspath	androidx.lifecycle:lifecycle-livedata:2.9.4
:app	debugUnitTestRuntimeClasspath	androidx.lifecycle:lifecycle-process:2.9.4
:app	debugUnitTestRuntimeClasspath	androidx.lifecycle:lifecycle-runtime-android:2.9.4
:app	debugUnitTestRuntimeClasspath	androidx.lifecycle:lifecycle-runtime-compose-android:2.9.4
:app	debugUnitTestRuntimeClasspath	androidx.lifecycle:lifecycle-runtime-compose:2.9.4
:app	debugUnitTestRuntimeClasspath	androidx.lifecycle:lifecycle-runtime-ktx-android:2.9.4
:app	debugUnitTestRuntimeClasspath	androidx.lifecycle:lifecycle-runtime-ktx:2.9.4
:app	debugUnitTestRuntimeClasspath	androidx.lifecycle:lifecycle-runtime:2.9.4
:app	debugUnitTestRuntimeClasspath	androidx.lifecycle:lifecycle-viewmodel-android:2.9.4
:app	debugUnitTestRuntimeClasspath	androidx.lifecycle:lifecycle-viewmodel-ktx:2.9.4
:app	debugUnitTestRuntimeClasspath	androidx.lifecycle:lifecycle-viewmodel-savedstate-android:2.9.4
:app	debugUnitTestRuntimeClasspath	androidx.lifecycle:lifecycle-viewmodel-savedstate:2.9.4
:app	debugUnitTestRuntimeClasspath	androidx.lifecycle:lifecycle-viewmodel:2.9.4
:app	debugUnitTestRuntimeClasspath	androidx.loader:loader:1.0.0
:app	debugUnitTestRuntimeClasspath	androidx.localbroadcastmanager:localbroadcastmanager:1.0.0
:app	debugUnitTestRuntimeClasspath	androidx.navigationevent:navigationevent-android:1.0.0
:app	debugUnitTestRuntimeClasspath	androidx.navigationevent:navigationevent-compose-android:1.0.0
:app	debugUnitTestRuntimeClasspath	androidx.navigationevent:navigationevent-compose:1.0.0
:app	debugUnitTestRuntimeClasspath	androidx.navigationevent:navigationevent:1.0.0
:app	debugUnitTestRuntimeClasspath	androidx.print:print:1.0.0
:app	debugUnitTestRuntimeClasspath	androidx.profileinstaller:profileinstaller:1.4.0
:app	debugUnitTestRuntimeClasspath	androidx.room:room-common-jvm:2.8.5
:app	debugUnitTestRuntimeClasspath	androidx.room:room-common:2.8.5
:app	debugUnitTestRuntimeClasspath	androidx.room:room-runtime-android:2.8.5
:app	debugUnitTestRuntimeClasspath	androidx.room:room-runtime:2.8.5
:app	debugUnitTestRuntimeClasspath	androidx.savedstate:savedstate-android:1.3.2
:app	debugUnitTestRuntimeClasspath	androidx.savedstate:savedstate-compose-android:1.3.2
:app	debugUnitTestRuntimeClasspath	androidx.savedstate:savedstate-compose:1.3.2
:app	debugUnitTestRuntimeClasspath	androidx.savedstate:savedstate-ktx:1.3.2
:app	debugUnitTestRuntimeClasspath	androidx.savedstate:savedstate:1.3.2
:app	debugUnitTestRuntimeClasspath	androidx.sqlite:sqlite-android:2.6.2
:app	debugUnitTestRuntimeClasspath	androidx.sqlite:sqlite-framework-android:2.6.2
:app	debugUnitTestRuntimeClasspath	androidx.sqlite:sqlite-framework:2.6.2
:app	debugUnitTestRuntimeClasspath	androidx.sqlite:sqlite:2.6.2
:app	debugUnitTestRuntimeClasspath	androidx.startup:startup-runtime:1.1.1
:app	debugUnitTestRuntimeClasspath	androidx.test.espresso:espresso-core:3.5.0
:app	debugUnitTestRuntimeClasspath	androidx.test.espresso:espresso-idling-resource:3.7.0
:app	debugUnitTestRuntimeClasspath	androidx.test.ext:junit:1.1.5
:app	debugUnitTestRuntimeClasspath	androidx.test.services:storage:1.4.2
:app	debugUnitTestRuntimeClasspath	androidx.test:annotation:1.0.1
:app	debugUnitTestRuntimeClasspath	androidx.test:core:1.7.0
:app	debugUnitTestRuntimeClasspath	androidx.test:monitor:1.8.0
:app	debugUnitTestRuntimeClasspath	androidx.test:runner:1.5.0
:app	debugUnitTestRuntimeClasspath	androidx.tracing:tracing:1.2.0
:app	debugUnitTestRuntimeClasspath	androidx.transition:transition:1.6.0
:app	debugUnitTestRuntimeClasspath	androidx.versionedparcelable:versionedparcelable:1.1.1
:app	debugUnitTestRuntimeClasspath	androidx.window:window-core-android:1.5.0
:app	debugUnitTestRuntimeClasspath	androidx.window:window-core:1.5.0
:app	debugUnitTestRuntimeClasspath	androidx.window:window:1.5.0
:app	debugUnitTestRuntimeClasspath	com.almworks.sqlite4java:sqlite4java:1.0.392
:app	debugUnitTestRuntimeClasspath	com.google.auto.value:auto-value-annotations:1.11.1
:app	debugUnitTestRuntimeClasspath	com.google.code.findbugs:jsr305:2.0.2
:app	debugUnitTestRuntimeClasspath	com.google.errorprone:error_prone_annotations:2.47.0
:app	debugUnitTestRuntimeClasspath	com.google.guava:failureaccess:1.0.3
:app	debugUnitTestRuntimeClasspath	com.google.guava:guava:33.6.0-jre
:app	debugUnitTestRuntimeClasspath	com.google.guava:listenablefuture:9999.0-empty-to-avoid-conflict-with-guava
:app	debugUnitTestRuntimeClasspath	com.google.j2objc:j2objc-annotations:3.1
:app	debugUnitTestRuntimeClasspath	com.google.testparameterinjector:test-parameter-injector:1.22
:app	debugUnitTestRuntimeClasspath	com.ibm.icu:icu4j:78.3
:app	debugUnitTestRuntimeClasspath	com.squareup.okio:okio-jvm:3.9.1
:app	debugUnitTestRuntimeClasspath	com.squareup.okio:okio:3.9.1
:app	debugUnitTestRuntimeClasspath	com.squareup:javawriter:2.1.1
:app	debugUnitTestRuntimeClasspath	javax.annotation:javax.annotation-api:1.3.2
:app	debugUnitTestRuntimeClasspath	javax.inject:javax.inject:1
:app	debugUnitTestRuntimeClasspath	junit:junit:4.13.2
:app	debugUnitTestRuntimeClasspath	org.bouncycastle:bc-jdk18on-bom:1.85
:app	debugUnitTestRuntimeClasspath	org.bouncycastle:bcprov-jdk18on:1.86
:app	debugUnitTestRuntimeClasspath	org.conscrypt:conscrypt-openjdk-uber:2.6.2
:app	debugUnitTestRuntimeClasspath	org.hamcrest:hamcrest-core:1.3
:app	debugUnitTestRuntimeClasspath	org.hamcrest:hamcrest-integration:1.3
:app	debugUnitTestRuntimeClasspath	org.hamcrest:hamcrest-library:1.3
:app	debugUnitTestRuntimeClasspath	org.jetbrains.kotlin:kotlin-stdlib:2.3.20
:app	debugUnitTestRuntimeClasspath	org.jetbrains.kotlin:kotlin-test-junit:2.3.20
:app	debugUnitTestRuntimeClasspath	org.jetbrains.kotlin:kotlin-test:2.3.20
:app	debugUnitTestRuntimeClasspath	org.jetbrains.kotlinx:kotlinx-coroutines-android:1.10.2
:app	debugUnitTestRuntimeClasspath	org.jetbrains.kotlinx:kotlinx-coroutines-bom:1.10.2
:app	debugUnitTestRuntimeClasspath	org.jetbrains.kotlinx:kotlinx-coroutines-core-jvm:1.10.2
:app	debugUnitTestRuntimeClasspath	org.jetbrains.kotlinx:kotlinx-coroutines-core:1.10.2
:app	debugUnitTestRuntimeClasspath	org.jetbrains.kotlinx:kotlinx-coroutines-test-jvm:1.10.2
:app	debugUnitTestRuntimeClasspath	org.jetbrains.kotlinx:kotlinx-coroutines-test:1.10.2
:app	debugUnitTestRuntimeClasspath	org.jetbrains.kotlinx:kotlinx-serialization-bom:1.7.3
:app	debugUnitTestRuntimeClasspath	org.jetbrains.kotlinx:kotlinx-serialization-core-jvm:1.7.3
:app	debugUnitTestRuntimeClasspath	org.jetbrains.kotlinx:kotlinx-serialization-core:1.7.3
:app	debugUnitTestRuntimeClasspath	org.jetbrains.kotlinx:kotlinx-serialization-json-jvm:1.7.3
:app	debugUnitTestRuntimeClasspath	org.jetbrains.kotlinx:kotlinx-serialization-json:1.7.3
:app	debugUnitTestRuntimeClasspath	org.jetbrains:annotations:23.0.0
:app	debugUnitTestRuntimeClasspath	org.jspecify:jspecify:1.0.0
:app	debugUnitTestRuntimeClasspath	org.ow2.asm:asm-commons:9.10.1
:app	debugUnitTestRuntimeClasspath	org.ow2.asm:asm-tree:9.10.1
:app	debugUnitTestRuntimeClasspath	org.ow2.asm:asm:9.10.1
:app	debugUnitTestRuntimeClasspath	org.robolectric:annotations:4.17
:app	debugUnitTestRuntimeClasspath	org.robolectric:junit:4.17
:app	debugUnitTestRuntimeClasspath	org.robolectric:nativeruntime-dist-compat:1.0.19
:app	debugUnitTestRuntimeClasspath	org.robolectric:nativeruntime:4.17
:app	debugUnitTestRuntimeClasspath	org.robolectric:pluginapi:4.17
:app	debugUnitTestRuntimeClasspath	org.robolectric:plugins-maven-dependency-resolver:4.17
:app	debugUnitTestRuntimeClasspath	org.robolectric:resources:4.17
:app	debugUnitTestRuntimeClasspath	org.robolectric:robolectric:4.17
:app	debugUnitTestRuntimeClasspath	org.robolectric:sandbox:4.17
:app	debugUnitTestRuntimeClasspath	org.robolectric:shadowapi:4.17
:app	debugUnitTestRuntimeClasspath	org.robolectric:shadows-framework:4.17
:app	debugUnitTestRuntimeClasspath	org.robolectric:utils-reflector:4.17
:app	debugUnitTestRuntimeClasspath	org.robolectric:utils:4.17
:app	debugUnitTestRuntimeClasspath	org.yaml:snakeyaml:2.6
:app	debugUnitTestRuntimeClasspath	project ':app'
:app	debugUnitTestRuntimeClasspath	project ':core:ble'
:app	debugUnitTestRuntimeClasspath	project ':core:connectivity'
:app	debugUnitTestRuntimeClasspath	project ':core:contracts'
:app	debugUnitTestRuntimeClasspath	project ':core:data'
:app	debugUnitTestRuntimeClasspath	project ':core:database'
:app	debugUnitTestRuntimeClasspath	project ':core:datastore'
:app	debugUnitTestRuntimeClasspath	project ':core:designsystem'
:app	debugUnitTestRuntimeClasspath	project ':core:l10n'
:app	debugUnitTestRuntimeClasspath	project ':core:maps'
:app	debugUnitTestRuntimeClasspath	project ':core:model'
:app	debugUnitTestRuntimeClasspath	project ':core:protocol'
:app	debugUnitTestRuntimeClasspath	project ':core:runtime'
:app	debugUnitTestRuntimeClasspath	project ':core:services'
:app	debugUnitTestRuntimeClasspath	project ':core:ui'
:app	debugUnitTestRuntimeClasspath	project ':feature:chats'
:app	debugUnitTestRuntimeClasspath	project ':feature:map'
:app	debugUnitTestRuntimeClasspath	project ':feature:nodes'
:app	debugUnitTestRuntimeClasspath	project ':feature:onboarding'
:app	debugUnitTestRuntimeClasspath	project ':feature:remotenodes'
:app	debugUnitTestRuntimeClasspath	project ':feature:settings'
:app	debugUnitTestRuntimeClasspath	project ':feature:tools'
:app	debugUnitTestRuntimeClasspath	project ':platform:notifications'
:app	debugUnitTestRuntimeClasspath	project ':platform:shortcuts'
:app	debugUnitTestRuntimeClasspath	project ':platform:translation'
:app	debugUnitTestRuntimeClasspath	project ':platform:widgets'
:app	debugAndroidTestRuntimeClasspath	project ':app'
:app	debugLintChecksClasspath	androidx.activity:activity-compose:1.13.0
:app	debugLintChecksClasspath	androidx.activity:activity-ktx:1.13.0
:app	debugLintChecksClasspath	androidx.activity:activity:1.13.0
:app	debugLintChecksClasspath	androidx.annotation:annotation-experimental:1.5.0
:app	debugLintChecksClasspath	androidx.annotation:annotation-jvm:1.9.1
:app	debugLintChecksClasspath	androidx.annotation:annotation:1.9.1
:app	debugLintChecksClasspath	androidx.arch.core:core-common:2.2.0
:app	debugLintChecksClasspath	androidx.arch.core:core-runtime:2.2.0
:app	debugLintChecksClasspath	androidx.autofill:autofill:1.0.0
:app	debugLintChecksClasspath	androidx.collection:collection-jvm:1.5.0
:app	debugLintChecksClasspath	androidx.collection:collection-ktx:1.5.0
:app	debugLintChecksClasspath	androidx.collection:collection:1.5.0
:app	debugLintChecksClasspath	androidx.compose.animation:animation-android:1.10.6
:app	debugLintChecksClasspath	androidx.compose.animation:animation-core-android:1.10.6
:app	debugLintChecksClasspath	androidx.compose.animation:animation-core:1.10.6
:app	debugLintChecksClasspath	androidx.compose.animation:animation:1.10.6
:app	debugLintChecksClasspath	androidx.compose.foundation:foundation-android:1.10.6
:app	debugLintChecksClasspath	androidx.compose.foundation:foundation-layout-android:1.10.6
:app	debugLintChecksClasspath	androidx.compose.foundation:foundation-layout:1.10.6
:app	debugLintChecksClasspath	androidx.compose.foundation:foundation:1.10.6
:app	debugLintChecksClasspath	androidx.compose.material3:material3-android:1.4.0
:app	debugLintChecksClasspath	androidx.compose.material3:material3:1.4.0
:app	debugLintChecksClasspath	androidx.compose.material:material-ripple-android:1.10.6
:app	debugLintChecksClasspath	androidx.compose.material:material-ripple:1.10.6
:app	debugLintChecksClasspath	androidx.compose.runtime:runtime-android:1.10.6
:app	debugLintChecksClasspath	androidx.compose.runtime:runtime-annotation-android:1.10.6
:app	debugLintChecksClasspath	androidx.compose.runtime:runtime-annotation:1.10.6
:app	debugLintChecksClasspath	androidx.compose.runtime:runtime-retain-android:1.10.6
:app	debugLintChecksClasspath	androidx.compose.runtime:runtime-retain:1.10.6
:app	debugLintChecksClasspath	androidx.compose.runtime:runtime-saveable-android:1.10.6
:app	debugLintChecksClasspath	androidx.compose.runtime:runtime-saveable:1.10.6
:app	debugLintChecksClasspath	androidx.compose.runtime:runtime:1.10.6
:app	debugLintChecksClasspath	androidx.compose.ui:ui-android:1.10.6
:app	debugLintChecksClasspath	androidx.compose.ui:ui-geometry-android:1.10.6
:app	debugLintChecksClasspath	androidx.compose.ui:ui-geometry:1.10.6
:app	debugLintChecksClasspath	androidx.compose.ui:ui-graphics-android:1.10.6
:app	debugLintChecksClasspath	androidx.compose.ui:ui-graphics:1.10.6
:app	debugLintChecksClasspath	androidx.compose.ui:ui-text-android:1.10.6
:app	debugLintChecksClasspath	androidx.compose.ui:ui-text:1.10.6
:app	debugLintChecksClasspath	androidx.compose.ui:ui-unit-android:1.10.6
:app	debugLintChecksClasspath	androidx.compose.ui:ui-unit:1.10.6
:app	debugLintChecksClasspath	androidx.compose.ui:ui-util-android:1.10.6
:app	debugLintChecksClasspath	androidx.compose.ui:ui-util:1.10.6
:app	debugLintChecksClasspath	androidx.compose.ui:ui:1.10.6
:app	debugLintChecksClasspath	androidx.compose:compose-bom:2026.03.01
:app	debugLintChecksClasspath	androidx.concurrent:concurrent-futures:1.1.0
:app	debugLintChecksClasspath	androidx.core:core-ktx:1.18.0
:app	debugLintChecksClasspath	androidx.core:core-viewtree:1.0.0
:app	debugLintChecksClasspath	androidx.core:core:1.18.0
:app	debugLintChecksClasspath	androidx.customview:customview-poolingcontainer:1.0.0
:app	debugLintChecksClasspath	androidx.datastore:datastore-android:1.2.1
:app	debugLintChecksClasspath	androidx.datastore:datastore-core-android:1.2.1
:app	debugLintChecksClasspath	androidx.datastore:datastore-core-okio-jvm:1.2.1
:app	debugLintChecksClasspath	androidx.datastore:datastore-core-okio:1.2.1
:app	debugLintChecksClasspath	androidx.datastore:datastore-core:1.2.1
:app	debugLintChecksClasspath	androidx.datastore:datastore-preferences-android:1.2.1
:app	debugLintChecksClasspath	androidx.datastore:datastore-preferences-core-android:1.2.1
:app	debugLintChecksClasspath	androidx.datastore:datastore-preferences-core:1.2.1
:app	debugLintChecksClasspath	androidx.datastore:datastore-preferences-external-protobuf:1.2.1
:app	debugLintChecksClasspath	androidx.datastore:datastore-preferences-proto:1.2.1
:app	debugLintChecksClasspath	androidx.datastore:datastore-preferences:1.2.1
:app	debugLintChecksClasspath	androidx.datastore:datastore:1.2.1
:app	debugLintChecksClasspath	androidx.documentfile:documentfile:1.0.0
:app	debugLintChecksClasspath	androidx.dynamicanimation:dynamicanimation:1.0.0
:app	debugLintChecksClasspath	androidx.emoji2:emoji2:1.4.0
:app	debugLintChecksClasspath	androidx.graphics:graphics-path:1.0.1
:app	debugLintChecksClasspath	androidx.interpolator:interpolator:1.0.0
:app	debugLintChecksClasspath	androidx.legacy:legacy-support-core-utils:1.0.0
:app	debugLintChecksClasspath	androidx.lifecycle:lifecycle-common-java8:2.9.4
:app	debugLintChecksClasspath	androidx.lifecycle:lifecycle-common-jvm:2.9.4
:app	debugLintChecksClasspath	androidx.lifecycle:lifecycle-common:2.9.4
:app	debugLintChecksClasspath	androidx.lifecycle:lifecycle-livedata-core-ktx:2.9.4
:app	debugLintChecksClasspath	androidx.lifecycle:lifecycle-livedata-core:2.9.4
:app	debugLintChecksClasspath	androidx.lifecycle:lifecycle-livedata:2.9.4
:app	debugLintChecksClasspath	androidx.lifecycle:lifecycle-process:2.9.4
:app	debugLintChecksClasspath	androidx.lifecycle:lifecycle-runtime-android:2.9.4
:app	debugLintChecksClasspath	androidx.lifecycle:lifecycle-runtime-compose-android:2.9.4
:app	debugLintChecksClasspath	androidx.lifecycle:lifecycle-runtime-compose:2.9.4
:app	debugLintChecksClasspath	androidx.lifecycle:lifecycle-runtime-ktx-android:2.9.4
:app	debugLintChecksClasspath	androidx.lifecycle:lifecycle-runtime-ktx:2.9.4
:app	debugLintChecksClasspath	androidx.lifecycle:lifecycle-runtime:2.9.4
:app	debugLintChecksClasspath	androidx.lifecycle:lifecycle-viewmodel-android:2.9.4
:app	debugLintChecksClasspath	androidx.lifecycle:lifecycle-viewmodel-ktx:2.9.4
:app	debugLintChecksClasspath	androidx.lifecycle:lifecycle-viewmodel-savedstate-android:2.9.4
:app	debugLintChecksClasspath	androidx.lifecycle:lifecycle-viewmodel-savedstate:2.9.4
:app	debugLintChecksClasspath	androidx.lifecycle:lifecycle-viewmodel:2.9.4
:app	debugLintChecksClasspath	androidx.loader:loader:1.0.0
:app	debugLintChecksClasspath	androidx.localbroadcastmanager:localbroadcastmanager:1.0.0
:app	debugLintChecksClasspath	androidx.navigationevent:navigationevent-android:1.0.0
:app	debugLintChecksClasspath	androidx.navigationevent:navigationevent-compose-android:1.0.0
:app	debugLintChecksClasspath	androidx.navigationevent:navigationevent-compose:1.0.0
:app	debugLintChecksClasspath	androidx.navigationevent:navigationevent:1.0.0
:app	debugLintChecksClasspath	androidx.print:print:1.0.0
:app	debugLintChecksClasspath	androidx.profileinstaller:profileinstaller:1.4.0
:app	debugLintChecksClasspath	androidx.room:room-common-jvm:2.8.5
:app	debugLintChecksClasspath	androidx.room:room-common:2.8.5
:app	debugLintChecksClasspath	androidx.room:room-runtime-android:2.8.5
:app	debugLintChecksClasspath	androidx.room:room-runtime:2.8.5
:app	debugLintChecksClasspath	androidx.savedstate:savedstate-android:1.3.2
:app	debugLintChecksClasspath	androidx.savedstate:savedstate-compose-android:1.3.2
:app	debugLintChecksClasspath	androidx.savedstate:savedstate-compose:1.3.2
:app	debugLintChecksClasspath	androidx.savedstate:savedstate-ktx:1.3.2
:app	debugLintChecksClasspath	androidx.savedstate:savedstate:1.3.2
:app	debugLintChecksClasspath	androidx.sqlite:sqlite-android:2.6.2
:app	debugLintChecksClasspath	androidx.sqlite:sqlite-framework-android:2.6.2
:app	debugLintChecksClasspath	androidx.sqlite:sqlite-framework:2.6.2
:app	debugLintChecksClasspath	androidx.sqlite:sqlite:2.6.2
:app	debugLintChecksClasspath	androidx.startup:startup-runtime:1.1.1
:app	debugLintChecksClasspath	androidx.tracing:tracing:1.2.0
:app	debugLintChecksClasspath	androidx.transition:transition:1.6.0
:app	debugLintChecksClasspath	androidx.versionedparcelable:versionedparcelable:1.1.1
:app	debugLintChecksClasspath	androidx.window:window-core-android:1.5.0
:app	debugLintChecksClasspath	androidx.window:window-core:1.5.0
:app	debugLintChecksClasspath	androidx.window:window:1.5.0
:app	debugLintChecksClasspath	com.google.guava:listenablefuture:1.0
:app	debugLintChecksClasspath	com.squareup.okio:okio-jvm:3.9.1
:app	debugLintChecksClasspath	com.squareup.okio:okio:3.9.1
:app	debugLintChecksClasspath	org.bouncycastle:bcprov-jdk18on:1.86
:app	debugLintChecksClasspath	org.jetbrains.kotlin:kotlin-stdlib:2.3.20
:app	debugLintChecksClasspath	org.jetbrains.kotlinx:kotlinx-coroutines-android:1.10.2
:app	debugLintChecksClasspath	org.jetbrains.kotlinx:kotlinx-coroutines-bom:1.10.2
:app	debugLintChecksClasspath	org.jetbrains.kotlinx:kotlinx-coroutines-core-jvm:1.10.2
:app	debugLintChecksClasspath	org.jetbrains.kotlinx:kotlinx-coroutines-core:1.10.2
:app	debugLintChecksClasspath	org.jetbrains.kotlinx:kotlinx-serialization-bom:1.7.3
:app	debugLintChecksClasspath	org.jetbrains.kotlinx:kotlinx-serialization-core-jvm:1.7.3
:app	debugLintChecksClasspath	org.jetbrains.kotlinx:kotlinx-serialization-core:1.7.3
:app	debugLintChecksClasspath	org.jetbrains.kotlinx:kotlinx-serialization-json-jvm:1.7.3
:app	debugLintChecksClasspath	org.jetbrains.kotlinx:kotlinx-serialization-json:1.7.3
:app	debugLintChecksClasspath	org.jetbrains:annotations:23.0.0
:app	debugLintChecksClasspath	org.jspecify:jspecify:1.0.0
:app	debugLintChecksClasspath	project ':app'
:app	debugLintChecksClasspath	project ':core:ble'
:app	debugLintChecksClasspath	project ':core:connectivity'
:app	debugLintChecksClasspath	project ':core:contracts'
:app	debugLintChecksClasspath	project ':core:data'
:app	debugLintChecksClasspath	project ':core:database'
:app	debugLintChecksClasspath	project ':core:datastore'
:app	debugLintChecksClasspath	project ':core:designsystem'
:app	debugLintChecksClasspath	project ':core:l10n'
:app	debugLintChecksClasspath	project ':core:maps'
:app	debugLintChecksClasspath	project ':core:model'
:app	debugLintChecksClasspath	project ':core:protocol'
:app	debugLintChecksClasspath	project ':core:runtime'
:app	debugLintChecksClasspath	project ':core:services'
:app	debugLintChecksClasspath	project ':core:ui'
:app	debugLintChecksClasspath	project ':feature:chats'
:app	debugLintChecksClasspath	project ':feature:map'
:app	debugLintChecksClasspath	project ':feature:nodes'
:app	debugLintChecksClasspath	project ':feature:onboarding'
:app	debugLintChecksClasspath	project ':feature:remotenodes'
:app	debugLintChecksClasspath	project ':feature:settings'
:app	debugLintChecksClasspath	project ':feature:tools'
:app	debugLintChecksClasspath	project ':platform:notifications'
:app	debugLintChecksClasspath	project ':platform:shortcuts'
:app	debugLintChecksClasspath	project ':platform:translation'
:app	debugLintChecksClasspath	project ':platform:widgets'
:app	releaseLintChecksClasspath	androidx.activity:activity-compose:1.13.0
:app	releaseLintChecksClasspath	androidx.activity:activity-ktx:1.13.0
:app	releaseLintChecksClasspath	androidx.activity:activity:1.13.0
:app	releaseLintChecksClasspath	androidx.annotation:annotation-experimental:1.5.0
:app	releaseLintChecksClasspath	androidx.annotation:annotation-jvm:1.9.1
:app	releaseLintChecksClasspath	androidx.annotation:annotation:1.9.1
:app	releaseLintChecksClasspath	androidx.arch.core:core-common:2.2.0
:app	releaseLintChecksClasspath	androidx.arch.core:core-runtime:2.2.0
:app	releaseLintChecksClasspath	androidx.autofill:autofill:1.0.0
:app	releaseLintChecksClasspath	androidx.collection:collection-jvm:1.5.0
:app	releaseLintChecksClasspath	androidx.collection:collection-ktx:1.5.0
:app	releaseLintChecksClasspath	androidx.collection:collection:1.5.0
:app	releaseLintChecksClasspath	androidx.compose.animation:animation-android:1.10.6
:app	releaseLintChecksClasspath	androidx.compose.animation:animation-core-android:1.10.6
:app	releaseLintChecksClasspath	androidx.compose.animation:animation-core:1.10.6
:app	releaseLintChecksClasspath	androidx.compose.animation:animation:1.10.6
:app	releaseLintChecksClasspath	androidx.compose.foundation:foundation-android:1.10.6
:app	releaseLintChecksClasspath	androidx.compose.foundation:foundation-layout-android:1.10.6
:app	releaseLintChecksClasspath	androidx.compose.foundation:foundation-layout:1.10.6
:app	releaseLintChecksClasspath	androidx.compose.foundation:foundation:1.10.6
:app	releaseLintChecksClasspath	androidx.compose.material3:material3-android:1.4.0
:app	releaseLintChecksClasspath	androidx.compose.material3:material3:1.4.0
:app	releaseLintChecksClasspath	androidx.compose.material:material-ripple-android:1.10.6
:app	releaseLintChecksClasspath	androidx.compose.material:material-ripple:1.10.6
:app	releaseLintChecksClasspath	androidx.compose.runtime:runtime-android:1.10.6
:app	releaseLintChecksClasspath	androidx.compose.runtime:runtime-annotation-android:1.10.6
:app	releaseLintChecksClasspath	androidx.compose.runtime:runtime-annotation:1.10.6
:app	releaseLintChecksClasspath	androidx.compose.runtime:runtime-retain-android:1.10.6
:app	releaseLintChecksClasspath	androidx.compose.runtime:runtime-retain:1.10.6
:app	releaseLintChecksClasspath	androidx.compose.runtime:runtime-saveable-android:1.10.6
:app	releaseLintChecksClasspath	androidx.compose.runtime:runtime-saveable:1.10.6
:app	releaseLintChecksClasspath	androidx.compose.runtime:runtime:1.10.6
:app	releaseLintChecksClasspath	androidx.compose.ui:ui-android:1.10.6
:app	releaseLintChecksClasspath	androidx.compose.ui:ui-geometry-android:1.10.6
:app	releaseLintChecksClasspath	androidx.compose.ui:ui-geometry:1.10.6
:app	releaseLintChecksClasspath	androidx.compose.ui:ui-graphics-android:1.10.6
:app	releaseLintChecksClasspath	androidx.compose.ui:ui-graphics:1.10.6
:app	releaseLintChecksClasspath	androidx.compose.ui:ui-text-android:1.10.6
:app	releaseLintChecksClasspath	androidx.compose.ui:ui-text:1.10.6
:app	releaseLintChecksClasspath	androidx.compose.ui:ui-unit-android:1.10.6
:app	releaseLintChecksClasspath	androidx.compose.ui:ui-unit:1.10.6
:app	releaseLintChecksClasspath	androidx.compose.ui:ui-util-android:1.10.6
:app	releaseLintChecksClasspath	androidx.compose.ui:ui-util:1.10.6
:app	releaseLintChecksClasspath	androidx.compose.ui:ui:1.10.6
:app	releaseLintChecksClasspath	androidx.compose:compose-bom:2026.03.01
:app	releaseLintChecksClasspath	androidx.concurrent:concurrent-futures:1.1.0
:app	releaseLintChecksClasspath	androidx.core:core-ktx:1.18.0
:app	releaseLintChecksClasspath	androidx.core:core-viewtree:1.0.0
:app	releaseLintChecksClasspath	androidx.core:core:1.18.0
:app	releaseLintChecksClasspath	androidx.customview:customview-poolingcontainer:1.0.0
:app	releaseLintChecksClasspath	androidx.datastore:datastore-android:1.2.1
:app	releaseLintChecksClasspath	androidx.datastore:datastore-core-android:1.2.1
:app	releaseLintChecksClasspath	androidx.datastore:datastore-core-okio-jvm:1.2.1
:app	releaseLintChecksClasspath	androidx.datastore:datastore-core-okio:1.2.1
:app	releaseLintChecksClasspath	androidx.datastore:datastore-core:1.2.1
:app	releaseLintChecksClasspath	androidx.datastore:datastore-preferences-android:1.2.1
:app	releaseLintChecksClasspath	androidx.datastore:datastore-preferences-core-android:1.2.1
:app	releaseLintChecksClasspath	androidx.datastore:datastore-preferences-core:1.2.1
:app	releaseLintChecksClasspath	androidx.datastore:datastore-preferences-external-protobuf:1.2.1
:app	releaseLintChecksClasspath	androidx.datastore:datastore-preferences-proto:1.2.1
:app	releaseLintChecksClasspath	androidx.datastore:datastore-preferences:1.2.1
:app	releaseLintChecksClasspath	androidx.datastore:datastore:1.2.1
:app	releaseLintChecksClasspath	androidx.documentfile:documentfile:1.0.0
:app	releaseLintChecksClasspath	androidx.dynamicanimation:dynamicanimation:1.0.0
:app	releaseLintChecksClasspath	androidx.emoji2:emoji2:1.4.0
:app	releaseLintChecksClasspath	androidx.graphics:graphics-path:1.0.1
:app	releaseLintChecksClasspath	androidx.interpolator:interpolator:1.0.0
:app	releaseLintChecksClasspath	androidx.legacy:legacy-support-core-utils:1.0.0
:app	releaseLintChecksClasspath	androidx.lifecycle:lifecycle-common-java8:2.9.4
:app	releaseLintChecksClasspath	androidx.lifecycle:lifecycle-common-jvm:2.9.4
:app	releaseLintChecksClasspath	androidx.lifecycle:lifecycle-common:2.9.4
:app	releaseLintChecksClasspath	androidx.lifecycle:lifecycle-livedata-core-ktx:2.9.4
:app	releaseLintChecksClasspath	androidx.lifecycle:lifecycle-livedata-core:2.9.4
:app	releaseLintChecksClasspath	androidx.lifecycle:lifecycle-livedata:2.9.4
:app	releaseLintChecksClasspath	androidx.lifecycle:lifecycle-process:2.9.4
:app	releaseLintChecksClasspath	androidx.lifecycle:lifecycle-runtime-android:2.9.4
:app	releaseLintChecksClasspath	androidx.lifecycle:lifecycle-runtime-compose-android:2.9.4
:app	releaseLintChecksClasspath	androidx.lifecycle:lifecycle-runtime-compose:2.9.4
:app	releaseLintChecksClasspath	androidx.lifecycle:lifecycle-runtime-ktx-android:2.9.4
:app	releaseLintChecksClasspath	androidx.lifecycle:lifecycle-runtime-ktx:2.9.4
:app	releaseLintChecksClasspath	androidx.lifecycle:lifecycle-runtime:2.9.4
:app	releaseLintChecksClasspath	androidx.lifecycle:lifecycle-viewmodel-android:2.9.4
:app	releaseLintChecksClasspath	androidx.lifecycle:lifecycle-viewmodel-ktx:2.9.4
:app	releaseLintChecksClasspath	androidx.lifecycle:lifecycle-viewmodel-savedstate-android:2.9.4
:app	releaseLintChecksClasspath	androidx.lifecycle:lifecycle-viewmodel-savedstate:2.9.4
:app	releaseLintChecksClasspath	androidx.lifecycle:lifecycle-viewmodel:2.9.4
:app	releaseLintChecksClasspath	androidx.loader:loader:1.0.0
:app	releaseLintChecksClasspath	androidx.localbroadcastmanager:localbroadcastmanager:1.0.0
:app	releaseLintChecksClasspath	androidx.navigationevent:navigationevent-android:1.0.0
:app	releaseLintChecksClasspath	androidx.navigationevent:navigationevent-compose-android:1.0.0
:app	releaseLintChecksClasspath	androidx.navigationevent:navigationevent-compose:1.0.0
:app	releaseLintChecksClasspath	androidx.navigationevent:navigationevent:1.0.0
:app	releaseLintChecksClasspath	androidx.print:print:1.0.0
:app	releaseLintChecksClasspath	androidx.profileinstaller:profileinstaller:1.4.0
:app	releaseLintChecksClasspath	androidx.room:room-common-jvm:2.8.5
:app	releaseLintChecksClasspath	androidx.room:room-common:2.8.5
:app	releaseLintChecksClasspath	androidx.room:room-runtime-android:2.8.5
:app	releaseLintChecksClasspath	androidx.room:room-runtime:2.8.5
:app	releaseLintChecksClasspath	androidx.savedstate:savedstate-android:1.3.2
:app	releaseLintChecksClasspath	androidx.savedstate:savedstate-compose-android:1.3.2
:app	releaseLintChecksClasspath	androidx.savedstate:savedstate-compose:1.3.2
:app	releaseLintChecksClasspath	androidx.savedstate:savedstate-ktx:1.3.2
:app	releaseLintChecksClasspath	androidx.savedstate:savedstate:1.3.2
:app	releaseLintChecksClasspath	androidx.sqlite:sqlite-android:2.6.2
:app	releaseLintChecksClasspath	androidx.sqlite:sqlite-framework-android:2.6.2
:app	releaseLintChecksClasspath	androidx.sqlite:sqlite-framework:2.6.2
:app	releaseLintChecksClasspath	androidx.sqlite:sqlite:2.6.2
:app	releaseLintChecksClasspath	androidx.startup:startup-runtime:1.1.1
:app	releaseLintChecksClasspath	androidx.tracing:tracing:1.2.0
:app	releaseLintChecksClasspath	androidx.transition:transition:1.6.0
:app	releaseLintChecksClasspath	androidx.versionedparcelable:versionedparcelable:1.1.1
:app	releaseLintChecksClasspath	androidx.window:window-core-android:1.5.0
:app	releaseLintChecksClasspath	androidx.window:window-core:1.5.0
:app	releaseLintChecksClasspath	androidx.window:window:1.5.0
:app	releaseLintChecksClasspath	com.google.guava:listenablefuture:1.0
:app	releaseLintChecksClasspath	com.squareup.okio:okio-jvm:3.9.1
:app	releaseLintChecksClasspath	com.squareup.okio:okio:3.9.1
:app	releaseLintChecksClasspath	org.bouncycastle:bcprov-jdk18on:1.86
:app	releaseLintChecksClasspath	org.jetbrains.kotlin:kotlin-stdlib:2.3.20
:app	releaseLintChecksClasspath	org.jetbrains.kotlinx:kotlinx-coroutines-android:1.10.2
:app	releaseLintChecksClasspath	org.jetbrains.kotlinx:kotlinx-coroutines-bom:1.10.2
:app	releaseLintChecksClasspath	org.jetbrains.kotlinx:kotlinx-coroutines-core-jvm:1.10.2
:app	releaseLintChecksClasspath	org.jetbrains.kotlinx:kotlinx-coroutines-core:1.10.2
:app	releaseLintChecksClasspath	org.jetbrains.kotlinx:kotlinx-serialization-bom:1.7.3
:app	releaseLintChecksClasspath	org.jetbrains.kotlinx:kotlinx-serialization-core-jvm:1.7.3
:app	releaseLintChecksClasspath	org.jetbrains.kotlinx:kotlinx-serialization-core:1.7.3
:app	releaseLintChecksClasspath	org.jetbrains.kotlinx:kotlinx-serialization-json-jvm:1.7.3
:app	releaseLintChecksClasspath	org.jetbrains.kotlinx:kotlinx-serialization-json:1.7.3
:app	releaseLintChecksClasspath	org.jetbrains:annotations:23.0.0
:app	releaseLintChecksClasspath	org.jspecify:jspecify:1.0.0
:app	releaseLintChecksClasspath	project ':app'
:app	releaseLintChecksClasspath	project ':core:ble'
:app	releaseLintChecksClasspath	project ':core:connectivity'
:app	releaseLintChecksClasspath	project ':core:contracts'
:app	releaseLintChecksClasspath	project ':core:data'
:app	releaseLintChecksClasspath	project ':core:database'
:app	releaseLintChecksClasspath	project ':core:datastore'
:app	releaseLintChecksClasspath	project ':core:designsystem'
:app	releaseLintChecksClasspath	project ':core:l10n'
:app	releaseLintChecksClasspath	project ':core:maps'
:app	releaseLintChecksClasspath	project ':core:model'
:app	releaseLintChecksClasspath	project ':core:protocol'
:app	releaseLintChecksClasspath	project ':core:runtime'
:app	releaseLintChecksClasspath	project ':core:services'
:app	releaseLintChecksClasspath	project ':core:ui'
:app	releaseLintChecksClasspath	project ':feature:chats'
:app	releaseLintChecksClasspath	project ':feature:map'
:app	releaseLintChecksClasspath	project ':feature:nodes'
:app	releaseLintChecksClasspath	project ':feature:onboarding'
:app	releaseLintChecksClasspath	project ':feature:remotenodes'
:app	releaseLintChecksClasspath	project ':feature:settings'
:app	releaseLintChecksClasspath	project ':feature:tools'
:app	releaseLintChecksClasspath	project ':platform:notifications'
:app	releaseLintChecksClasspath	project ':platform:shortcuts'
:app	releaseLintChecksClasspath	project ':platform:translation'
:app	releaseLintChecksClasspath	project ':platform:widgets'
:app	debugUnitTestLintChecksClasspath	androidx.activity:activity-compose:1.13.0
:app	debugUnitTestLintChecksClasspath	androidx.activity:activity-ktx:1.13.0
:app	debugUnitTestLintChecksClasspath	androidx.activity:activity:1.13.0
:app	debugUnitTestLintChecksClasspath	androidx.annotation:annotation-experimental:1.5.0
:app	debugUnitTestLintChecksClasspath	androidx.annotation:annotation-jvm:1.9.1
:app	debugUnitTestLintChecksClasspath	androidx.annotation:annotation:1.9.1
:app	debugUnitTestLintChecksClasspath	androidx.arch.core:core-common:2.2.0
:app	debugUnitTestLintChecksClasspath	androidx.arch.core:core-runtime:2.2.0
:app	debugUnitTestLintChecksClasspath	androidx.autofill:autofill:1.0.0
:app	debugUnitTestLintChecksClasspath	androidx.collection:collection-jvm:1.5.0
:app	debugUnitTestLintChecksClasspath	androidx.collection:collection-ktx:1.5.0
:app	debugUnitTestLintChecksClasspath	androidx.collection:collection:1.5.0
:app	debugUnitTestLintChecksClasspath	androidx.compose.animation:animation-android:1.10.6
:app	debugUnitTestLintChecksClasspath	androidx.compose.animation:animation-core-android:1.10.6
:app	debugUnitTestLintChecksClasspath	androidx.compose.animation:animation-core:1.10.6
:app	debugUnitTestLintChecksClasspath	androidx.compose.animation:animation:1.10.6
:app	debugUnitTestLintChecksClasspath	androidx.compose.foundation:foundation-android:1.10.6
:app	debugUnitTestLintChecksClasspath	androidx.compose.foundation:foundation-layout-android:1.10.6
:app	debugUnitTestLintChecksClasspath	androidx.compose.foundation:foundation-layout:1.10.6
:app	debugUnitTestLintChecksClasspath	androidx.compose.foundation:foundation:1.10.6
:app	debugUnitTestLintChecksClasspath	androidx.compose.material3:material3-android:1.4.0
:app	debugUnitTestLintChecksClasspath	androidx.compose.material3:material3:1.4.0
:app	debugUnitTestLintChecksClasspath	androidx.compose.material:material-ripple-android:1.10.6
:app	debugUnitTestLintChecksClasspath	androidx.compose.material:material-ripple:1.10.6
:app	debugUnitTestLintChecksClasspath	androidx.compose.runtime:runtime-android:1.10.6
:app	debugUnitTestLintChecksClasspath	androidx.compose.runtime:runtime-annotation-android:1.10.6
:app	debugUnitTestLintChecksClasspath	androidx.compose.runtime:runtime-annotation:1.10.6
:app	debugUnitTestLintChecksClasspath	androidx.compose.runtime:runtime-retain-android:1.10.6
:app	debugUnitTestLintChecksClasspath	androidx.compose.runtime:runtime-retain:1.10.6
:app	debugUnitTestLintChecksClasspath	androidx.compose.runtime:runtime-saveable-android:1.10.6
:app	debugUnitTestLintChecksClasspath	androidx.compose.runtime:runtime-saveable:1.10.6
:app	debugUnitTestLintChecksClasspath	androidx.compose.runtime:runtime:1.10.6
:app	debugUnitTestLintChecksClasspath	androidx.compose.ui:ui-android:1.10.6
:app	debugUnitTestLintChecksClasspath	androidx.compose.ui:ui-geometry-android:1.10.6
:app	debugUnitTestLintChecksClasspath	androidx.compose.ui:ui-geometry:1.10.6
:app	debugUnitTestLintChecksClasspath	androidx.compose.ui:ui-graphics-android:1.10.6
:app	debugUnitTestLintChecksClasspath	androidx.compose.ui:ui-graphics:1.10.6
:app	debugUnitTestLintChecksClasspath	androidx.compose.ui:ui-test-android:1.10.6
:app	debugUnitTestLintChecksClasspath	androidx.compose.ui:ui-test-junit4-android:1.10.6
:app	debugUnitTestLintChecksClasspath	androidx.compose.ui:ui-test-junit4:1.10.6
:app	debugUnitTestLintChecksClasspath	androidx.compose.ui:ui-test:1.10.6
:app	debugUnitTestLintChecksClasspath	androidx.compose.ui:ui-text-android:1.10.6
:app	debugUnitTestLintChecksClasspath	androidx.compose.ui:ui-text:1.10.6
:app	debugUnitTestLintChecksClasspath	androidx.compose.ui:ui-unit-android:1.10.6
:app	debugUnitTestLintChecksClasspath	androidx.compose.ui:ui-unit:1.10.6
:app	debugUnitTestLintChecksClasspath	androidx.compose.ui:ui-util-android:1.10.6
:app	debugUnitTestLintChecksClasspath	androidx.compose.ui:ui-util:1.10.6
:app	debugUnitTestLintChecksClasspath	androidx.compose.ui:ui:1.10.6
:app	debugUnitTestLintChecksClasspath	androidx.compose:compose-bom:2026.03.01
:app	debugUnitTestLintChecksClasspath	androidx.concurrent:concurrent-futures-ktx:1.2.0
:app	debugUnitTestLintChecksClasspath	androidx.concurrent:concurrent-futures:1.2.0
:app	debugUnitTestLintChecksClasspath	androidx.core:core-ktx:1.18.0
:app	debugUnitTestLintChecksClasspath	androidx.core:core-viewtree:1.0.0
:app	debugUnitTestLintChecksClasspath	androidx.core:core:1.18.0
:app	debugUnitTestLintChecksClasspath	androidx.customview:customview-poolingcontainer:1.0.0
:app	debugUnitTestLintChecksClasspath	androidx.datastore:datastore-android:1.2.1
:app	debugUnitTestLintChecksClasspath	androidx.datastore:datastore-core-android:1.2.1
:app	debugUnitTestLintChecksClasspath	androidx.datastore:datastore-core-okio-jvm:1.2.1
:app	debugUnitTestLintChecksClasspath	androidx.datastore:datastore-core-okio:1.2.1
:app	debugUnitTestLintChecksClasspath	androidx.datastore:datastore-core:1.2.1
:app	debugUnitTestLintChecksClasspath	androidx.datastore:datastore-preferences-android:1.2.1
:app	debugUnitTestLintChecksClasspath	androidx.datastore:datastore-preferences-core-android:1.2.1
:app	debugUnitTestLintChecksClasspath	androidx.datastore:datastore-preferences-core:1.2.1
:app	debugUnitTestLintChecksClasspath	androidx.datastore:datastore-preferences-external-protobuf:1.2.1
:app	debugUnitTestLintChecksClasspath	androidx.datastore:datastore-preferences-proto:1.2.1
:app	debugUnitTestLintChecksClasspath	androidx.datastore:datastore-preferences:1.2.1
:app	debugUnitTestLintChecksClasspath	androidx.datastore:datastore:1.2.1
:app	debugUnitTestLintChecksClasspath	androidx.documentfile:documentfile:1.0.0
:app	debugUnitTestLintChecksClasspath	androidx.dynamicanimation:dynamicanimation:1.0.0
:app	debugUnitTestLintChecksClasspath	androidx.emoji2:emoji2:1.4.0
:app	debugUnitTestLintChecksClasspath	androidx.graphics:graphics-path:1.0.1
:app	debugUnitTestLintChecksClasspath	androidx.interpolator:interpolator:1.0.0
:app	debugUnitTestLintChecksClasspath	androidx.legacy:legacy-support-core-utils:1.0.0
:app	debugUnitTestLintChecksClasspath	androidx.lifecycle:lifecycle-common-java8:2.9.4
:app	debugUnitTestLintChecksClasspath	androidx.lifecycle:lifecycle-common-jvm:2.9.4
:app	debugUnitTestLintChecksClasspath	androidx.lifecycle:lifecycle-common:2.9.4
:app	debugUnitTestLintChecksClasspath	androidx.lifecycle:lifecycle-livedata-core-ktx:2.9.4
:app	debugUnitTestLintChecksClasspath	androidx.lifecycle:lifecycle-livedata-core:2.9.4
:app	debugUnitTestLintChecksClasspath	androidx.lifecycle:lifecycle-livedata:2.9.4
:app	debugUnitTestLintChecksClasspath	androidx.lifecycle:lifecycle-process:2.9.4
:app	debugUnitTestLintChecksClasspath	androidx.lifecycle:lifecycle-runtime-android:2.9.4
:app	debugUnitTestLintChecksClasspath	androidx.lifecycle:lifecycle-runtime-compose-android:2.9.4
:app	debugUnitTestLintChecksClasspath	androidx.lifecycle:lifecycle-runtime-compose:2.9.4
:app	debugUnitTestLintChecksClasspath	androidx.lifecycle:lifecycle-runtime-ktx-android:2.9.4
:app	debugUnitTestLintChecksClasspath	androidx.lifecycle:lifecycle-runtime-ktx:2.9.4
:app	debugUnitTestLintChecksClasspath	androidx.lifecycle:lifecycle-runtime:2.9.4
:app	debugUnitTestLintChecksClasspath	androidx.lifecycle:lifecycle-viewmodel-android:2.9.4
:app	debugUnitTestLintChecksClasspath	androidx.lifecycle:lifecycle-viewmodel-ktx:2.9.4
:app	debugUnitTestLintChecksClasspath	androidx.lifecycle:lifecycle-viewmodel-savedstate-android:2.9.4
:app	debugUnitTestLintChecksClasspath	androidx.lifecycle:lifecycle-viewmodel-savedstate:2.9.4
:app	debugUnitTestLintChecksClasspath	androidx.lifecycle:lifecycle-viewmodel:2.9.4
:app	debugUnitTestLintChecksClasspath	androidx.loader:loader:1.0.0
:app	debugUnitTestLintChecksClasspath	androidx.localbroadcastmanager:localbroadcastmanager:1.0.0
:app	debugUnitTestLintChecksClasspath	androidx.navigationevent:navigationevent-android:1.0.0
:app	debugUnitTestLintChecksClasspath	androidx.navigationevent:navigationevent-compose-android:1.0.0
:app	debugUnitTestLintChecksClasspath	androidx.navigationevent:navigationevent-compose:1.0.0
:app	debugUnitTestLintChecksClasspath	androidx.navigationevent:navigationevent:1.0.0
:app	debugUnitTestLintChecksClasspath	androidx.print:print:1.0.0
:app	debugUnitTestLintChecksClasspath	androidx.profileinstaller:profileinstaller:1.4.0
:app	debugUnitTestLintChecksClasspath	androidx.room:room-common-jvm:2.8.5
:app	debugUnitTestLintChecksClasspath	androidx.room:room-common:2.8.5
:app	debugUnitTestLintChecksClasspath	androidx.room:room-runtime-android:2.8.5
:app	debugUnitTestLintChecksClasspath	androidx.room:room-runtime:2.8.5
:app	debugUnitTestLintChecksClasspath	androidx.savedstate:savedstate-android:1.3.2
:app	debugUnitTestLintChecksClasspath	androidx.savedstate:savedstate-compose-android:1.3.2
:app	debugUnitTestLintChecksClasspath	androidx.savedstate:savedstate-compose:1.3.2
:app	debugUnitTestLintChecksClasspath	androidx.savedstate:savedstate-ktx:1.3.2
:app	debugUnitTestLintChecksClasspath	androidx.savedstate:savedstate:1.3.2
:app	debugUnitTestLintChecksClasspath	androidx.sqlite:sqlite-android:2.6.2
:app	debugUnitTestLintChecksClasspath	androidx.sqlite:sqlite-framework-android:2.6.2
:app	debugUnitTestLintChecksClasspath	androidx.sqlite:sqlite-framework:2.6.2
:app	debugUnitTestLintChecksClasspath	androidx.sqlite:sqlite:2.6.2
:app	debugUnitTestLintChecksClasspath	androidx.startup:startup-runtime:1.1.1
:app	debugUnitTestLintChecksClasspath	androidx.test.espresso:espresso-core:3.5.0
:app	debugUnitTestLintChecksClasspath	androidx.test.espresso:espresso-idling-resource:3.7.0
:app	debugUnitTestLintChecksClasspath	androidx.test.ext:junit:1.1.5
:app	debugUnitTestLintChecksClasspath	androidx.test.services:storage:1.4.2
:app	debugUnitTestLintChecksClasspath	androidx.test:annotation:1.0.1
:app	debugUnitTestLintChecksClasspath	androidx.test:core:1.7.0
:app	debugUnitTestLintChecksClasspath	androidx.test:monitor:1.8.0
:app	debugUnitTestLintChecksClasspath	androidx.test:runner:1.5.0
:app	debugUnitTestLintChecksClasspath	androidx.tracing:tracing:1.2.0
:app	debugUnitTestLintChecksClasspath	androidx.transition:transition:1.6.0
:app	debugUnitTestLintChecksClasspath	androidx.versionedparcelable:versionedparcelable:1.1.1
:app	debugUnitTestLintChecksClasspath	androidx.window:window-core-android:1.5.0
:app	debugUnitTestLintChecksClasspath	androidx.window:window-core:1.5.0
:app	debugUnitTestLintChecksClasspath	androidx.window:window:1.5.0
:app	debugUnitTestLintChecksClasspath	com.almworks.sqlite4java:sqlite4java:1.0.392
:app	debugUnitTestLintChecksClasspath	com.google.auto.value:auto-value-annotations:1.11.1
:app	debugUnitTestLintChecksClasspath	com.google.code.findbugs:jsr305:2.0.2
:app	debugUnitTestLintChecksClasspath	com.google.errorprone:error_prone_annotations:2.47.0
:app	debugUnitTestLintChecksClasspath	com.google.guava:failureaccess:1.0.3
:app	debugUnitTestLintChecksClasspath	com.google.guava:guava:33.6.0-jre
:app	debugUnitTestLintChecksClasspath	com.google.guava:listenablefuture:9999.0-empty-to-avoid-conflict-with-guava
:app	debugUnitTestLintChecksClasspath	com.google.j2objc:j2objc-annotations:3.1
:app	debugUnitTestLintChecksClasspath	com.google.testparameterinjector:test-parameter-injector:1.22
:app	debugUnitTestLintChecksClasspath	com.ibm.icu:icu4j:78.3
:app	debugUnitTestLintChecksClasspath	com.squareup.okio:okio-jvm:3.9.1
:app	debugUnitTestLintChecksClasspath	com.squareup.okio:okio:3.9.1
:app	debugUnitTestLintChecksClasspath	com.squareup:javawriter:2.1.1
:app	debugUnitTestLintChecksClasspath	javax.annotation:javax.annotation-api:1.3.2
:app	debugUnitTestLintChecksClasspath	javax.inject:javax.inject:1
:app	debugUnitTestLintChecksClasspath	junit:junit:4.13.2
:app	debugUnitTestLintChecksClasspath	org.bouncycastle:bc-jdk18on-bom:1.85
:app	debugUnitTestLintChecksClasspath	org.bouncycastle:bcprov-jdk18on:1.86
:app	debugUnitTestLintChecksClasspath	org.conscrypt:conscrypt-openjdk-uber:2.6.2
:app	debugUnitTestLintChecksClasspath	org.hamcrest:hamcrest-core:1.3
:app	debugUnitTestLintChecksClasspath	org.hamcrest:hamcrest-integration:1.3
:app	debugUnitTestLintChecksClasspath	org.hamcrest:hamcrest-library:1.3
:app	debugUnitTestLintChecksClasspath	org.jetbrains.kotlin:kotlin-stdlib:2.3.20
:app	debugUnitTestLintChecksClasspath	org.jetbrains.kotlin:kotlin-test-junit:2.3.20
:app	debugUnitTestLintChecksClasspath	org.jetbrains.kotlin:kotlin-test:2.3.20
:app	debugUnitTestLintChecksClasspath	org.jetbrains.kotlinx:kotlinx-coroutines-android:1.10.2
:app	debugUnitTestLintChecksClasspath	org.jetbrains.kotlinx:kotlinx-coroutines-bom:1.10.2
:app	debugUnitTestLintChecksClasspath	org.jetbrains.kotlinx:kotlinx-coroutines-core-jvm:1.10.2
:app	debugUnitTestLintChecksClasspath	org.jetbrains.kotlinx:kotlinx-coroutines-core:1.10.2
:app	debugUnitTestLintChecksClasspath	org.jetbrains.kotlinx:kotlinx-coroutines-test-jvm:1.10.2
:app	debugUnitTestLintChecksClasspath	org.jetbrains.kotlinx:kotlinx-coroutines-test:1.10.2
:app	debugUnitTestLintChecksClasspath	org.jetbrains.kotlinx:kotlinx-serialization-bom:1.7.3
:app	debugUnitTestLintChecksClasspath	org.jetbrains.kotlinx:kotlinx-serialization-core-jvm:1.7.3
:app	debugUnitTestLintChecksClasspath	org.jetbrains.kotlinx:kotlinx-serialization-core:1.7.3
:app	debugUnitTestLintChecksClasspath	org.jetbrains.kotlinx:kotlinx-serialization-json-jvm:1.7.3
:app	debugUnitTestLintChecksClasspath	org.jetbrains.kotlinx:kotlinx-serialization-json:1.7.3
:app	debugUnitTestLintChecksClasspath	org.jetbrains:annotations:23.0.0
:app	debugUnitTestLintChecksClasspath	org.jspecify:jspecify:1.0.0
:app	debugUnitTestLintChecksClasspath	org.ow2.asm:asm-commons:9.10.1
:app	debugUnitTestLintChecksClasspath	org.ow2.asm:asm-tree:9.10.1
:app	debugUnitTestLintChecksClasspath	org.ow2.asm:asm:9.10.1
:app	debugUnitTestLintChecksClasspath	org.robolectric:annotations:4.17
:app	debugUnitTestLintChecksClasspath	org.robolectric:junit:4.17
:app	debugUnitTestLintChecksClasspath	org.robolectric:nativeruntime-dist-compat:1.0.19
:app	debugUnitTestLintChecksClasspath	org.robolectric:nativeruntime:4.17
:app	debugUnitTestLintChecksClasspath	org.robolectric:pluginapi:4.17
:app	debugUnitTestLintChecksClasspath	org.robolectric:plugins-maven-dependency-resolver:4.17
:app	debugUnitTestLintChecksClasspath	org.robolectric:resources:4.17
:app	debugUnitTestLintChecksClasspath	org.robolectric:robolectric:4.17
:app	debugUnitTestLintChecksClasspath	org.robolectric:sandbox:4.17
:app	debugUnitTestLintChecksClasspath	org.robolectric:shadowapi:4.17
:app	debugUnitTestLintChecksClasspath	org.robolectric:shadows-framework:4.17
:app	debugUnitTestLintChecksClasspath	org.robolectric:utils-reflector:4.17
:app	debugUnitTestLintChecksClasspath	org.robolectric:utils:4.17
:app	debugUnitTestLintChecksClasspath	org.yaml:snakeyaml:2.6
:app	debugUnitTestLintChecksClasspath	project ':app'
:app	debugUnitTestLintChecksClasspath	project ':core:ble'
:app	debugUnitTestLintChecksClasspath	project ':core:connectivity'
:app	debugUnitTestLintChecksClasspath	project ':core:contracts'
:app	debugUnitTestLintChecksClasspath	project ':core:data'
:app	debugUnitTestLintChecksClasspath	project ':core:database'
:app	debugUnitTestLintChecksClasspath	project ':core:datastore'
:app	debugUnitTestLintChecksClasspath	project ':core:designsystem'
:app	debugUnitTestLintChecksClasspath	project ':core:l10n'
:app	debugUnitTestLintChecksClasspath	project ':core:maps'
:app	debugUnitTestLintChecksClasspath	project ':core:model'
:app	debugUnitTestLintChecksClasspath	project ':core:protocol'
:app	debugUnitTestLintChecksClasspath	project ':core:runtime'
:app	debugUnitTestLintChecksClasspath	project ':core:services'
:app	debugUnitTestLintChecksClasspath	project ':core:ui'
:app	debugUnitTestLintChecksClasspath	project ':feature:chats'
:app	debugUnitTestLintChecksClasspath	project ':feature:map'
:app	debugUnitTestLintChecksClasspath	project ':feature:nodes'
:app	debugUnitTestLintChecksClasspath	project ':feature:onboarding'
:app	debugUnitTestLintChecksClasspath	project ':feature:remotenodes'
:app	debugUnitTestLintChecksClasspath	project ':feature:settings'
:app	debugUnitTestLintChecksClasspath	project ':feature:tools'
:app	debugUnitTestLintChecksClasspath	project ':platform:notifications'
:app	debugUnitTestLintChecksClasspath	project ':platform:shortcuts'
:app	debugUnitTestLintChecksClasspath	project ':platform:translation'
:app	debugUnitTestLintChecksClasspath	project ':platform:widgets'
:app	debugAndroidTestLintChecksClasspath	androidx.activity:activity-compose:1.13.0
:app	debugAndroidTestLintChecksClasspath	androidx.activity:activity-ktx:1.13.0
:app	debugAndroidTestLintChecksClasspath	androidx.activity:activity:1.13.0
:app	debugAndroidTestLintChecksClasspath	androidx.annotation:annotation-experimental:1.5.0
:app	debugAndroidTestLintChecksClasspath	androidx.annotation:annotation-jvm:1.9.1
:app	debugAndroidTestLintChecksClasspath	androidx.annotation:annotation:1.9.1
:app	debugAndroidTestLintChecksClasspath	androidx.arch.core:core-common:2.2.0
:app	debugAndroidTestLintChecksClasspath	androidx.arch.core:core-runtime:2.2.0
:app	debugAndroidTestLintChecksClasspath	androidx.autofill:autofill:1.0.0
:app	debugAndroidTestLintChecksClasspath	androidx.collection:collection-jvm:1.5.0
:app	debugAndroidTestLintChecksClasspath	androidx.collection:collection-ktx:1.5.0
:app	debugAndroidTestLintChecksClasspath	androidx.collection:collection:1.5.0
:app	debugAndroidTestLintChecksClasspath	androidx.compose.animation:animation-android:1.10.6
:app	debugAndroidTestLintChecksClasspath	androidx.compose.animation:animation-core-android:1.10.6
:app	debugAndroidTestLintChecksClasspath	androidx.compose.animation:animation-core:1.10.6
:app	debugAndroidTestLintChecksClasspath	androidx.compose.animation:animation:1.10.6
:app	debugAndroidTestLintChecksClasspath	androidx.compose.foundation:foundation-android:1.10.6
:app	debugAndroidTestLintChecksClasspath	androidx.compose.foundation:foundation-layout-android:1.10.6
:app	debugAndroidTestLintChecksClasspath	androidx.compose.foundation:foundation-layout:1.10.6
:app	debugAndroidTestLintChecksClasspath	androidx.compose.foundation:foundation:1.10.6
:app	debugAndroidTestLintChecksClasspath	androidx.compose.material3:material3-android:1.4.0
:app	debugAndroidTestLintChecksClasspath	androidx.compose.material3:material3:1.4.0
:app	debugAndroidTestLintChecksClasspath	androidx.compose.material:material-ripple-android:1.10.6
:app	debugAndroidTestLintChecksClasspath	androidx.compose.material:material-ripple:1.10.6
:app	debugAndroidTestLintChecksClasspath	androidx.compose.runtime:runtime-android:1.10.6
:app	debugAndroidTestLintChecksClasspath	androidx.compose.runtime:runtime-annotation-android:1.10.6
:app	debugAndroidTestLintChecksClasspath	androidx.compose.runtime:runtime-annotation:1.10.6
:app	debugAndroidTestLintChecksClasspath	androidx.compose.runtime:runtime-retain-android:1.10.6
:app	debugAndroidTestLintChecksClasspath	androidx.compose.runtime:runtime-retain:1.10.6
:app	debugAndroidTestLintChecksClasspath	androidx.compose.runtime:runtime-saveable-android:1.10.6
:app	debugAndroidTestLintChecksClasspath	androidx.compose.runtime:runtime-saveable:1.10.6
:app	debugAndroidTestLintChecksClasspath	androidx.compose.runtime:runtime:1.10.6
:app	debugAndroidTestLintChecksClasspath	androidx.compose.ui:ui-android:1.10.6
:app	debugAndroidTestLintChecksClasspath	androidx.compose.ui:ui-geometry-android:1.10.6
:app	debugAndroidTestLintChecksClasspath	androidx.compose.ui:ui-geometry:1.10.6
:app	debugAndroidTestLintChecksClasspath	androidx.compose.ui:ui-graphics-android:1.10.6
:app	debugAndroidTestLintChecksClasspath	androidx.compose.ui:ui-graphics:1.10.6
:app	debugAndroidTestLintChecksClasspath	androidx.compose.ui:ui-text-android:1.10.6
:app	debugAndroidTestLintChecksClasspath	androidx.compose.ui:ui-text:1.10.6
:app	debugAndroidTestLintChecksClasspath	androidx.compose.ui:ui-unit-android:1.10.6
:app	debugAndroidTestLintChecksClasspath	androidx.compose.ui:ui-unit:1.10.6
:app	debugAndroidTestLintChecksClasspath	androidx.compose.ui:ui-util-android:1.10.6
:app	debugAndroidTestLintChecksClasspath	androidx.compose.ui:ui-util:1.10.6
:app	debugAndroidTestLintChecksClasspath	androidx.compose.ui:ui:1.10.6
:app	debugAndroidTestLintChecksClasspath	androidx.compose:compose-bom:2026.03.01
:app	debugAndroidTestLintChecksClasspath	androidx.concurrent:concurrent-futures:1.1.0
:app	debugAndroidTestLintChecksClasspath	androidx.core:core-ktx:1.18.0
:app	debugAndroidTestLintChecksClasspath	androidx.core:core-viewtree:1.0.0
:app	debugAndroidTestLintChecksClasspath	androidx.core:core:1.18.0
:app	debugAndroidTestLintChecksClasspath	androidx.customview:customview-poolingcontainer:1.0.0
:app	debugAndroidTestLintChecksClasspath	androidx.datastore:datastore-android:1.2.1
:app	debugAndroidTestLintChecksClasspath	androidx.datastore:datastore-core-android:1.2.1
:app	debugAndroidTestLintChecksClasspath	androidx.datastore:datastore-core-okio-jvm:1.2.1
:app	debugAndroidTestLintChecksClasspath	androidx.datastore:datastore-core-okio:1.2.1
:app	debugAndroidTestLintChecksClasspath	androidx.datastore:datastore-core:1.2.1
:app	debugAndroidTestLintChecksClasspath	androidx.datastore:datastore-preferences-android:1.2.1
:app	debugAndroidTestLintChecksClasspath	androidx.datastore:datastore-preferences-core-android:1.2.1
:app	debugAndroidTestLintChecksClasspath	androidx.datastore:datastore-preferences-core:1.2.1
:app	debugAndroidTestLintChecksClasspath	androidx.datastore:datastore-preferences-external-protobuf:1.2.1
:app	debugAndroidTestLintChecksClasspath	androidx.datastore:datastore-preferences-proto:1.2.1
:app	debugAndroidTestLintChecksClasspath	androidx.datastore:datastore-preferences:1.2.1
:app	debugAndroidTestLintChecksClasspath	androidx.datastore:datastore:1.2.1
:app	debugAndroidTestLintChecksClasspath	androidx.documentfile:documentfile:1.0.0
:app	debugAndroidTestLintChecksClasspath	androidx.dynamicanimation:dynamicanimation:1.0.0
:app	debugAndroidTestLintChecksClasspath	androidx.emoji2:emoji2:1.4.0
:app	debugAndroidTestLintChecksClasspath	androidx.graphics:graphics-path:1.0.1
:app	debugAndroidTestLintChecksClasspath	androidx.interpolator:interpolator:1.0.0
:app	debugAndroidTestLintChecksClasspath	androidx.legacy:legacy-support-core-utils:1.0.0
:app	debugAndroidTestLintChecksClasspath	androidx.lifecycle:lifecycle-common-java8:2.9.4
:app	debugAndroidTestLintChecksClasspath	androidx.lifecycle:lifecycle-common-jvm:2.9.4
:app	debugAndroidTestLintChecksClasspath	androidx.lifecycle:lifecycle-common:2.9.4
:app	debugAndroidTestLintChecksClasspath	androidx.lifecycle:lifecycle-livedata-core-ktx:2.9.4
:app	debugAndroidTestLintChecksClasspath	androidx.lifecycle:lifecycle-livedata-core:2.9.4
:app	debugAndroidTestLintChecksClasspath	androidx.lifecycle:lifecycle-livedata:2.9.4
:app	debugAndroidTestLintChecksClasspath	androidx.lifecycle:lifecycle-process:2.9.4
:app	debugAndroidTestLintChecksClasspath	androidx.lifecycle:lifecycle-runtime-android:2.9.4
:app	debugAndroidTestLintChecksClasspath	androidx.lifecycle:lifecycle-runtime-compose-android:2.9.4
:app	debugAndroidTestLintChecksClasspath	androidx.lifecycle:lifecycle-runtime-compose:2.9.4
:app	debugAndroidTestLintChecksClasspath	androidx.lifecycle:lifecycle-runtime-ktx-android:2.9.4
:app	debugAndroidTestLintChecksClasspath	androidx.lifecycle:lifecycle-runtime-ktx:2.9.4
:app	debugAndroidTestLintChecksClasspath	androidx.lifecycle:lifecycle-runtime:2.9.4
:app	debugAndroidTestLintChecksClasspath	androidx.lifecycle:lifecycle-viewmodel-android:2.9.4
:app	debugAndroidTestLintChecksClasspath	androidx.lifecycle:lifecycle-viewmodel-ktx:2.9.4
:app	debugAndroidTestLintChecksClasspath	androidx.lifecycle:lifecycle-viewmodel-savedstate-android:2.9.4
:app	debugAndroidTestLintChecksClasspath	androidx.lifecycle:lifecycle-viewmodel-savedstate:2.9.4
:app	debugAndroidTestLintChecksClasspath	androidx.lifecycle:lifecycle-viewmodel:2.9.4
:app	debugAndroidTestLintChecksClasspath	androidx.loader:loader:1.0.0
:app	debugAndroidTestLintChecksClasspath	androidx.localbroadcastmanager:localbroadcastmanager:1.0.0
:app	debugAndroidTestLintChecksClasspath	androidx.navigationevent:navigationevent-android:1.0.0
:app	debugAndroidTestLintChecksClasspath	androidx.navigationevent:navigationevent-compose-android:1.0.0
:app	debugAndroidTestLintChecksClasspath	androidx.navigationevent:navigationevent-compose:1.0.0
:app	debugAndroidTestLintChecksClasspath	androidx.navigationevent:navigationevent:1.0.0
:app	debugAndroidTestLintChecksClasspath	androidx.print:print:1.0.0
:app	debugAndroidTestLintChecksClasspath	androidx.profileinstaller:profileinstaller:1.4.0
:app	debugAndroidTestLintChecksClasspath	androidx.room:room-common-jvm:2.8.5
:app	debugAndroidTestLintChecksClasspath	androidx.room:room-common:2.8.5
:app	debugAndroidTestLintChecksClasspath	androidx.room:room-runtime-android:2.8.5
:app	debugAndroidTestLintChecksClasspath	androidx.room:room-runtime:2.8.5
:app	debugAndroidTestLintChecksClasspath	androidx.savedstate:savedstate-android:1.3.2
:app	debugAndroidTestLintChecksClasspath	androidx.savedstate:savedstate-compose-android:1.3.2
:app	debugAndroidTestLintChecksClasspath	androidx.savedstate:savedstate-compose:1.3.2
:app	debugAndroidTestLintChecksClasspath	androidx.savedstate:savedstate-ktx:1.3.2
:app	debugAndroidTestLintChecksClasspath	androidx.savedstate:savedstate:1.3.2
:app	debugAndroidTestLintChecksClasspath	androidx.sqlite:sqlite-android:2.6.2
:app	debugAndroidTestLintChecksClasspath	androidx.sqlite:sqlite-framework-android:2.6.2
:app	debugAndroidTestLintChecksClasspath	androidx.sqlite:sqlite-framework:2.6.2
:app	debugAndroidTestLintChecksClasspath	androidx.sqlite:sqlite:2.6.2
:app	debugAndroidTestLintChecksClasspath	androidx.startup:startup-runtime:1.1.1
:app	debugAndroidTestLintChecksClasspath	androidx.tracing:tracing:1.2.0
:app	debugAndroidTestLintChecksClasspath	androidx.transition:transition:1.6.0
:app	debugAndroidTestLintChecksClasspath	androidx.versionedparcelable:versionedparcelable:1.1.1
:app	debugAndroidTestLintChecksClasspath	androidx.window:window-core-android:1.5.0
:app	debugAndroidTestLintChecksClasspath	androidx.window:window-core:1.5.0
:app	debugAndroidTestLintChecksClasspath	androidx.window:window:1.5.0
:app	debugAndroidTestLintChecksClasspath	com.google.guava:listenablefuture:1.0
:app	debugAndroidTestLintChecksClasspath	com.squareup.okio:okio-jvm:3.9.1
:app	debugAndroidTestLintChecksClasspath	com.squareup.okio:okio:3.9.1
:app	debugAndroidTestLintChecksClasspath	org.bouncycastle:bcprov-jdk18on:1.86
:app	debugAndroidTestLintChecksClasspath	org.jetbrains.kotlin:kotlin-stdlib:2.3.20
:app	debugAndroidTestLintChecksClasspath	org.jetbrains.kotlinx:kotlinx-coroutines-android:1.10.2
:app	debugAndroidTestLintChecksClasspath	org.jetbrains.kotlinx:kotlinx-coroutines-bom:1.10.2
:app	debugAndroidTestLintChecksClasspath	org.jetbrains.kotlinx:kotlinx-coroutines-core-jvm:1.10.2
:app	debugAndroidTestLintChecksClasspath	org.jetbrains.kotlinx:kotlinx-coroutines-core:1.10.2
:app	debugAndroidTestLintChecksClasspath	org.jetbrains.kotlinx:kotlinx-serialization-bom:1.7.3
:app	debugAndroidTestLintChecksClasspath	org.jetbrains.kotlinx:kotlinx-serialization-core-jvm:1.7.3
:app	debugAndroidTestLintChecksClasspath	org.jetbrains.kotlinx:kotlinx-serialization-core:1.7.3
:app	debugAndroidTestLintChecksClasspath	org.jetbrains.kotlinx:kotlinx-serialization-json-jvm:1.7.3
:app	debugAndroidTestLintChecksClasspath	org.jetbrains.kotlinx:kotlinx-serialization-json:1.7.3
:app	debugAndroidTestLintChecksClasspath	org.jetbrains:annotations:23.0.0
:app	debugAndroidTestLintChecksClasspath	org.jspecify:jspecify:1.0.0
:app	debugAndroidTestLintChecksClasspath	project ':app'
:app	debugAndroidTestLintChecksClasspath	project ':core:ble'
:app	debugAndroidTestLintChecksClasspath	project ':core:connectivity'
:app	debugAndroidTestLintChecksClasspath	project ':core:contracts'
:app	debugAndroidTestLintChecksClasspath	project ':core:data'
:app	debugAndroidTestLintChecksClasspath	project ':core:database'
:app	debugAndroidTestLintChecksClasspath	project ':core:datastore'
:app	debugAndroidTestLintChecksClasspath	project ':core:designsystem'
:app	debugAndroidTestLintChecksClasspath	project ':core:l10n'
:app	debugAndroidTestLintChecksClasspath	project ':core:maps'
:app	debugAndroidTestLintChecksClasspath	project ':core:model'
:app	debugAndroidTestLintChecksClasspath	project ':core:protocol'
:app	debugAndroidTestLintChecksClasspath	project ':core:runtime'
:app	debugAndroidTestLintChecksClasspath	project ':core:services'
:app	debugAndroidTestLintChecksClasspath	project ':core:ui'
:app	debugAndroidTestLintChecksClasspath	project ':feature:chats'
:app	debugAndroidTestLintChecksClasspath	project ':feature:map'
:app	debugAndroidTestLintChecksClasspath	project ':feature:nodes'
:app	debugAndroidTestLintChecksClasspath	project ':feature:onboarding'
:app	debugAndroidTestLintChecksClasspath	project ':feature:remotenodes'
:app	debugAndroidTestLintChecksClasspath	project ':feature:settings'
:app	debugAndroidTestLintChecksClasspath	project ':feature:tools'
:app	debugAndroidTestLintChecksClasspath	project ':platform:notifications'
:app	debugAndroidTestLintChecksClasspath	project ':platform:shortcuts'
:app	debugAndroidTestLintChecksClasspath	project ':platform:translation'
:app	debugAndroidTestLintChecksClasspath	project ':platform:widgets'
:core:data	debugRuntimeClasspath	androidx.annotation:annotation-experimental:1.5.0
:core:data	debugRuntimeClasspath	androidx.annotation:annotation-jvm:1.9.1
:core:data	debugRuntimeClasspath	androidx.annotation:annotation:1.9.1
:core:data	debugRuntimeClasspath	androidx.arch.core:core-common:2.2.0
:core:data	debugRuntimeClasspath	androidx.arch.core:core-runtime:2.2.0
:core:data	debugRuntimeClasspath	androidx.collection:collection-jvm:1.5.0
:core:data	debugRuntimeClasspath	androidx.collection:collection:1.5.0
:core:data	debugRuntimeClasspath	androidx.datastore:datastore-android:1.2.1
:core:data	debugRuntimeClasspath	androidx.datastore:datastore-core-android:1.2.1
:core:data	debugRuntimeClasspath	androidx.datastore:datastore-core-okio-jvm:1.2.1
:core:data	debugRuntimeClasspath	androidx.datastore:datastore-core-okio:1.2.1
:core:data	debugRuntimeClasspath	androidx.datastore:datastore-core:1.2.1
:core:data	debugRuntimeClasspath	androidx.datastore:datastore-preferences-android:1.2.1
:core:data	debugRuntimeClasspath	androidx.datastore:datastore-preferences-core-android:1.2.1
:core:data	debugRuntimeClasspath	androidx.datastore:datastore-preferences-core:1.2.1
:core:data	debugRuntimeClasspath	androidx.datastore:datastore-preferences-external-protobuf:1.2.1
:core:data	debugRuntimeClasspath	androidx.datastore:datastore-preferences-proto:1.2.1
:core:data	debugRuntimeClasspath	androidx.datastore:datastore-preferences:1.2.1
:core:data	debugRuntimeClasspath	androidx.datastore:datastore:1.2.1
:core:data	debugRuntimeClasspath	androidx.room:room-common-jvm:2.8.5
:core:data	debugRuntimeClasspath	androidx.room:room-common:2.8.5
:core:data	debugRuntimeClasspath	androidx.room:room-runtime-android:2.8.5
:core:data	debugRuntimeClasspath	androidx.room:room-runtime:2.8.5
:core:data	debugRuntimeClasspath	androidx.sqlite:sqlite-android:2.6.2
:core:data	debugRuntimeClasspath	androidx.sqlite:sqlite-framework-android:2.6.2
:core:data	debugRuntimeClasspath	androidx.sqlite:sqlite-framework:2.6.2
:core:data	debugRuntimeClasspath	androidx.sqlite:sqlite:2.6.2
:core:data	debugRuntimeClasspath	com.squareup.okio:okio-jvm:3.9.1
:core:data	debugRuntimeClasspath	com.squareup.okio:okio:3.9.1
:core:data	debugRuntimeClasspath	org.bouncycastle:bcprov-jdk18on:1.86
:core:data	debugRuntimeClasspath	org.jetbrains.kotlin:kotlin-stdlib:2.3.20
:core:data	debugRuntimeClasspath	org.jetbrains.kotlinx:kotlinx-coroutines-android:1.10.2
:core:data	debugRuntimeClasspath	org.jetbrains.kotlinx:kotlinx-coroutines-bom:1.10.2
:core:data	debugRuntimeClasspath	org.jetbrains.kotlinx:kotlinx-coroutines-core-jvm:1.10.2
:core:data	debugRuntimeClasspath	org.jetbrains.kotlinx:kotlinx-coroutines-core:1.10.2
:core:data	debugRuntimeClasspath	org.jetbrains.kotlinx:kotlinx-serialization-bom:1.7.3
:core:data	debugRuntimeClasspath	org.jetbrains.kotlinx:kotlinx-serialization-core-jvm:1.7.3
:core:data	debugRuntimeClasspath	org.jetbrains.kotlinx:kotlinx-serialization-core:1.7.3
:core:data	debugRuntimeClasspath	org.jetbrains.kotlinx:kotlinx-serialization-json-jvm:1.7.3
:core:data	debugRuntimeClasspath	org.jetbrains.kotlinx:kotlinx-serialization-json:1.7.3
:core:data	debugRuntimeClasspath	org.jetbrains:annotations:23.0.0
:core:data	debugRuntimeClasspath	org.jspecify:jspecify:1.0.0
:core:data	debugRuntimeClasspath	project ':core:contracts'
:core:data	debugRuntimeClasspath	project ':core:data'
:core:data	debugRuntimeClasspath	project ':core:database'
:core:data	debugRuntimeClasspath	project ':core:datastore'
:core:data	debugRuntimeClasspath	project ':core:model'
:core:data	debugRuntimeClasspath	project ':core:protocol'
:core:data	releaseRuntimeClasspath	androidx.annotation:annotation-experimental:1.5.0
:core:data	releaseRuntimeClasspath	androidx.annotation:annotation-jvm:1.9.1
:core:data	releaseRuntimeClasspath	androidx.annotation:annotation:1.9.1
:core:data	releaseRuntimeClasspath	androidx.arch.core:core-common:2.2.0
:core:data	releaseRuntimeClasspath	androidx.arch.core:core-runtime:2.2.0
:core:data	releaseRuntimeClasspath	androidx.collection:collection-jvm:1.5.0
:core:data	releaseRuntimeClasspath	androidx.collection:collection:1.5.0
:core:data	releaseRuntimeClasspath	androidx.datastore:datastore-android:1.2.1
:core:data	releaseRuntimeClasspath	androidx.datastore:datastore-core-android:1.2.1
:core:data	releaseRuntimeClasspath	androidx.datastore:datastore-core-okio-jvm:1.2.1
:core:data	releaseRuntimeClasspath	androidx.datastore:datastore-core-okio:1.2.1
:core:data	releaseRuntimeClasspath	androidx.datastore:datastore-core:1.2.1
:core:data	releaseRuntimeClasspath	androidx.datastore:datastore-preferences-android:1.2.1
:core:data	releaseRuntimeClasspath	androidx.datastore:datastore-preferences-core-android:1.2.1
:core:data	releaseRuntimeClasspath	androidx.datastore:datastore-preferences-core:1.2.1
:core:data	releaseRuntimeClasspath	androidx.datastore:datastore-preferences-external-protobuf:1.2.1
:core:data	releaseRuntimeClasspath	androidx.datastore:datastore-preferences-proto:1.2.1
:core:data	releaseRuntimeClasspath	androidx.datastore:datastore-preferences:1.2.1
:core:data	releaseRuntimeClasspath	androidx.datastore:datastore:1.2.1
:core:data	releaseRuntimeClasspath	androidx.room:room-common-jvm:2.8.5
:core:data	releaseRuntimeClasspath	androidx.room:room-common:2.8.5
:core:data	releaseRuntimeClasspath	androidx.room:room-runtime-android:2.8.5
:core:data	releaseRuntimeClasspath	androidx.room:room-runtime:2.8.5
:core:data	releaseRuntimeClasspath	androidx.sqlite:sqlite-android:2.6.2
:core:data	releaseRuntimeClasspath	androidx.sqlite:sqlite-framework-android:2.6.2
:core:data	releaseRuntimeClasspath	androidx.sqlite:sqlite-framework:2.6.2
:core:data	releaseRuntimeClasspath	androidx.sqlite:sqlite:2.6.2
:core:data	releaseRuntimeClasspath	com.squareup.okio:okio-jvm:3.9.1
:core:data	releaseRuntimeClasspath	com.squareup.okio:okio:3.9.1
:core:data	releaseRuntimeClasspath	org.bouncycastle:bcprov-jdk18on:1.86
:core:data	releaseRuntimeClasspath	org.jetbrains.kotlin:kotlin-stdlib:2.3.20
:core:data	releaseRuntimeClasspath	org.jetbrains.kotlinx:kotlinx-coroutines-android:1.10.2
:core:data	releaseRuntimeClasspath	org.jetbrains.kotlinx:kotlinx-coroutines-bom:1.10.2
:core:data	releaseRuntimeClasspath	org.jetbrains.kotlinx:kotlinx-coroutines-core-jvm:1.10.2
:core:data	releaseRuntimeClasspath	org.jetbrains.kotlinx:kotlinx-coroutines-core:1.10.2
:core:data	releaseRuntimeClasspath	org.jetbrains.kotlinx:kotlinx-serialization-bom:1.7.3
:core:data	releaseRuntimeClasspath	org.jetbrains.kotlinx:kotlinx-serialization-core-jvm:1.7.3
:core:data	releaseRuntimeClasspath	org.jetbrains.kotlinx:kotlinx-serialization-core:1.7.3
:core:data	releaseRuntimeClasspath	org.jetbrains.kotlinx:kotlinx-serialization-json-jvm:1.7.3
:core:data	releaseRuntimeClasspath	org.jetbrains.kotlinx:kotlinx-serialization-json:1.7.3
:core:data	releaseRuntimeClasspath	org.jetbrains:annotations:23.0.0
:core:data	releaseRuntimeClasspath	org.jspecify:jspecify:1.0.0
:core:data	releaseRuntimeClasspath	project ':core:contracts'
:core:data	releaseRuntimeClasspath	project ':core:data'
:core:data	releaseRuntimeClasspath	project ':core:database'
:core:data	releaseRuntimeClasspath	project ':core:datastore'
:core:data	releaseRuntimeClasspath	project ':core:model'
:core:data	releaseRuntimeClasspath	project ':core:protocol'
:core:data	debugUnitTestRuntimeClasspath	androidx.annotation:annotation-experimental:1.5.0
:core:data	debugUnitTestRuntimeClasspath	androidx.annotation:annotation-jvm:1.9.1
:core:data	debugUnitTestRuntimeClasspath	androidx.annotation:annotation:1.9.1
:core:data	debugUnitTestRuntimeClasspath	androidx.arch.core:core-common:2.2.0
:core:data	debugUnitTestRuntimeClasspath	androidx.arch.core:core-runtime:2.2.0
:core:data	debugUnitTestRuntimeClasspath	androidx.collection:collection-jvm:1.5.0
:core:data	debugUnitTestRuntimeClasspath	androidx.collection:collection:1.5.0
:core:data	debugUnitTestRuntimeClasspath	androidx.datastore:datastore-android:1.2.1
:core:data	debugUnitTestRuntimeClasspath	androidx.datastore:datastore-core-android:1.2.1
:core:data	debugUnitTestRuntimeClasspath	androidx.datastore:datastore-core-okio-jvm:1.2.1
:core:data	debugUnitTestRuntimeClasspath	androidx.datastore:datastore-core-okio:1.2.1
:core:data	debugUnitTestRuntimeClasspath	androidx.datastore:datastore-core:1.2.1
:core:data	debugUnitTestRuntimeClasspath	androidx.datastore:datastore-preferences-android:1.2.1
:core:data	debugUnitTestRuntimeClasspath	androidx.datastore:datastore-preferences-core-android:1.2.1
:core:data	debugUnitTestRuntimeClasspath	androidx.datastore:datastore-preferences-core:1.2.1
:core:data	debugUnitTestRuntimeClasspath	androidx.datastore:datastore-preferences-external-protobuf:1.2.1
:core:data	debugUnitTestRuntimeClasspath	androidx.datastore:datastore-preferences-proto:1.2.1
:core:data	debugUnitTestRuntimeClasspath	androidx.datastore:datastore-preferences:1.2.1
:core:data	debugUnitTestRuntimeClasspath	androidx.datastore:datastore:1.2.1
:core:data	debugUnitTestRuntimeClasspath	androidx.room:room-common-jvm:2.8.5
:core:data	debugUnitTestRuntimeClasspath	androidx.room:room-common:2.8.5
:core:data	debugUnitTestRuntimeClasspath	androidx.room:room-runtime-android:2.8.5
:core:data	debugUnitTestRuntimeClasspath	androidx.room:room-runtime:2.8.5
:core:data	debugUnitTestRuntimeClasspath	androidx.sqlite:sqlite-android:2.6.2
:core:data	debugUnitTestRuntimeClasspath	androidx.sqlite:sqlite-framework-android:2.6.2
:core:data	debugUnitTestRuntimeClasspath	androidx.sqlite:sqlite-framework:2.6.2
:core:data	debugUnitTestRuntimeClasspath	androidx.sqlite:sqlite:2.6.2
:core:data	debugUnitTestRuntimeClasspath	com.squareup.okio:okio-jvm:3.9.1
:core:data	debugUnitTestRuntimeClasspath	com.squareup.okio:okio:3.9.1
:core:data	debugUnitTestRuntimeClasspath	junit:junit:4.13.2
:core:data	debugUnitTestRuntimeClasspath	org.bouncycastle:bcprov-jdk18on:1.86
:core:data	debugUnitTestRuntimeClasspath	org.hamcrest:hamcrest-core:1.3
:core:data	debugUnitTestRuntimeClasspath	org.jetbrains.kotlin:kotlin-stdlib:2.3.20
:core:data	debugUnitTestRuntimeClasspath	org.jetbrains.kotlin:kotlin-test-junit:2.3.20
:core:data	debugUnitTestRuntimeClasspath	org.jetbrains.kotlin:kotlin-test:2.3.20
:core:data	debugUnitTestRuntimeClasspath	org.jetbrains.kotlinx:kotlinx-coroutines-android:1.10.2
:core:data	debugUnitTestRuntimeClasspath	org.jetbrains.kotlinx:kotlinx-coroutines-bom:1.10.2
:core:data	debugUnitTestRuntimeClasspath	org.jetbrains.kotlinx:kotlinx-coroutines-core-jvm:1.10.2
:core:data	debugUnitTestRuntimeClasspath	org.jetbrains.kotlinx:kotlinx-coroutines-core:1.10.2
:core:data	debugUnitTestRuntimeClasspath	org.jetbrains.kotlinx:kotlinx-serialization-bom:1.7.3
:core:data	debugUnitTestRuntimeClasspath	org.jetbrains.kotlinx:kotlinx-serialization-core-jvm:1.7.3
:core:data	debugUnitTestRuntimeClasspath	org.jetbrains.kotlinx:kotlinx-serialization-core:1.7.3
:core:data	debugUnitTestRuntimeClasspath	org.jetbrains.kotlinx:kotlinx-serialization-json-jvm:1.7.3
:core:data	debugUnitTestRuntimeClasspath	org.jetbrains.kotlinx:kotlinx-serialization-json:1.7.3
:core:data	debugUnitTestRuntimeClasspath	org.jetbrains:annotations:23.0.0
:core:data	debugUnitTestRuntimeClasspath	org.jspecify:jspecify:1.0.0
:core:data	debugUnitTestRuntimeClasspath	project ':core:contracts'
:core:data	debugUnitTestRuntimeClasspath	project ':core:data'
:core:data	debugUnitTestRuntimeClasspath	project ':core:database'
:core:data	debugUnitTestRuntimeClasspath	project ':core:datastore'
:core:data	debugUnitTestRuntimeClasspath	project ':core:model'
:core:data	debugUnitTestRuntimeClasspath	project ':core:protocol'
:core:data	debugAndroidTestRuntimeClasspath	androidx.annotation:annotation-experimental:1.5.0
:core:data	debugAndroidTestRuntimeClasspath	androidx.annotation:annotation-jvm:1.9.1
:core:data	debugAndroidTestRuntimeClasspath	androidx.annotation:annotation:1.9.1
:core:data	debugAndroidTestRuntimeClasspath	androidx.arch.core:core-common:2.2.0
:core:data	debugAndroidTestRuntimeClasspath	androidx.arch.core:core-runtime:2.2.0
:core:data	debugAndroidTestRuntimeClasspath	androidx.collection:collection-jvm:1.5.0
:core:data	debugAndroidTestRuntimeClasspath	androidx.collection:collection:1.5.0
:core:data	debugAndroidTestRuntimeClasspath	androidx.datastore:datastore-android:1.2.1
:core:data	debugAndroidTestRuntimeClasspath	androidx.datastore:datastore-core-android:1.2.1
:core:data	debugAndroidTestRuntimeClasspath	androidx.datastore:datastore-core-okio-jvm:1.2.1
:core:data	debugAndroidTestRuntimeClasspath	androidx.datastore:datastore-core-okio:1.2.1
:core:data	debugAndroidTestRuntimeClasspath	androidx.datastore:datastore-core:1.2.1
:core:data	debugAndroidTestRuntimeClasspath	androidx.datastore:datastore-preferences-android:1.2.1
:core:data	debugAndroidTestRuntimeClasspath	androidx.datastore:datastore-preferences-core-android:1.2.1
:core:data	debugAndroidTestRuntimeClasspath	androidx.datastore:datastore-preferences-core:1.2.1
:core:data	debugAndroidTestRuntimeClasspath	androidx.datastore:datastore-preferences-external-protobuf:1.2.1
:core:data	debugAndroidTestRuntimeClasspath	androidx.datastore:datastore-preferences-proto:1.2.1
:core:data	debugAndroidTestRuntimeClasspath	androidx.datastore:datastore-preferences:1.2.1
:core:data	debugAndroidTestRuntimeClasspath	androidx.datastore:datastore:1.2.1
:core:data	debugAndroidTestRuntimeClasspath	androidx.room:room-common-jvm:2.8.5
:core:data	debugAndroidTestRuntimeClasspath	androidx.room:room-common:2.8.5
:core:data	debugAndroidTestRuntimeClasspath	androidx.room:room-runtime-android:2.8.5
:core:data	debugAndroidTestRuntimeClasspath	androidx.room:room-runtime:2.8.5
:core:data	debugAndroidTestRuntimeClasspath	androidx.sqlite:sqlite-android:2.6.2
:core:data	debugAndroidTestRuntimeClasspath	androidx.sqlite:sqlite-framework-android:2.6.2
:core:data	debugAndroidTestRuntimeClasspath	androidx.sqlite:sqlite-framework:2.6.2
:core:data	debugAndroidTestRuntimeClasspath	androidx.sqlite:sqlite:2.6.2
:core:data	debugAndroidTestRuntimeClasspath	com.squareup.okio:okio-jvm:3.9.1
:core:data	debugAndroidTestRuntimeClasspath	com.squareup.okio:okio:3.9.1
:core:data	debugAndroidTestRuntimeClasspath	org.bouncycastle:bcprov-jdk18on:1.86
:core:data	debugAndroidTestRuntimeClasspath	org.jetbrains.kotlin:kotlin-stdlib:2.3.20
:core:data	debugAndroidTestRuntimeClasspath	org.jetbrains.kotlinx:kotlinx-coroutines-android:1.10.2
:core:data	debugAndroidTestRuntimeClasspath	org.jetbrains.kotlinx:kotlinx-coroutines-bom:1.10.2
:core:data	debugAndroidTestRuntimeClasspath	org.jetbrains.kotlinx:kotlinx-coroutines-core-jvm:1.10.2
:core:data	debugAndroidTestRuntimeClasspath	org.jetbrains.kotlinx:kotlinx-coroutines-core:1.10.2
:core:data	debugAndroidTestRuntimeClasspath	org.jetbrains.kotlinx:kotlinx-serialization-bom:1.7.3
:core:data	debugAndroidTestRuntimeClasspath	org.jetbrains.kotlinx:kotlinx-serialization-core-jvm:1.7.3
:core:data	debugAndroidTestRuntimeClasspath	org.jetbrains.kotlinx:kotlinx-serialization-core:1.7.3
:core:data	debugAndroidTestRuntimeClasspath	org.jetbrains.kotlinx:kotlinx-serialization-json-jvm:1.7.3
:core:data	debugAndroidTestRuntimeClasspath	org.jetbrains.kotlinx:kotlinx-serialization-json:1.7.3
:core:data	debugAndroidTestRuntimeClasspath	org.jetbrains:annotations:23.0.0
:core:data	debugAndroidTestRuntimeClasspath	org.jspecify:jspecify:1.0.0
:core:data	debugAndroidTestRuntimeClasspath	project ':core:contracts'
:core:data	debugAndroidTestRuntimeClasspath	project ':core:data'
:core:data	debugAndroidTestRuntimeClasspath	project ':core:database'
:core:data	debugAndroidTestRuntimeClasspath	project ':core:datastore'
:core:data	debugAndroidTestRuntimeClasspath	project ':core:model'
:core:data	debugAndroidTestRuntimeClasspath	project ':core:protocol'
:core:data	debugLintChecksClasspath	androidx.annotation:annotation-experimental:1.5.0
:core:data	debugLintChecksClasspath	androidx.annotation:annotation-jvm:1.9.1
:core:data	debugLintChecksClasspath	androidx.annotation:annotation:1.9.1
:core:data	debugLintChecksClasspath	androidx.arch.core:core-common:2.2.0
:core:data	debugLintChecksClasspath	androidx.arch.core:core-runtime:2.2.0
:core:data	debugLintChecksClasspath	androidx.collection:collection-jvm:1.5.0
:core:data	debugLintChecksClasspath	androidx.collection:collection:1.5.0
:core:data	debugLintChecksClasspath	androidx.datastore:datastore-android:1.2.1
:core:data	debugLintChecksClasspath	androidx.datastore:datastore-core-android:1.2.1
:core:data	debugLintChecksClasspath	androidx.datastore:datastore-core-okio-jvm:1.2.1
:core:data	debugLintChecksClasspath	androidx.datastore:datastore-core-okio:1.2.1
:core:data	debugLintChecksClasspath	androidx.datastore:datastore-core:1.2.1
:core:data	debugLintChecksClasspath	androidx.datastore:datastore-preferences-android:1.2.1
:core:data	debugLintChecksClasspath	androidx.datastore:datastore-preferences-core-android:1.2.1
:core:data	debugLintChecksClasspath	androidx.datastore:datastore-preferences-core:1.2.1
:core:data	debugLintChecksClasspath	androidx.datastore:datastore-preferences-external-protobuf:1.2.1
:core:data	debugLintChecksClasspath	androidx.datastore:datastore-preferences-proto:1.2.1
:core:data	debugLintChecksClasspath	androidx.datastore:datastore-preferences:1.2.1
:core:data	debugLintChecksClasspath	androidx.datastore:datastore:1.2.1
:core:data	debugLintChecksClasspath	androidx.room:room-common-jvm:2.8.5
:core:data	debugLintChecksClasspath	androidx.room:room-common:2.8.5
:core:data	debugLintChecksClasspath	androidx.room:room-runtime-android:2.8.5
:core:data	debugLintChecksClasspath	androidx.room:room-runtime:2.8.5
:core:data	debugLintChecksClasspath	androidx.sqlite:sqlite-android:2.6.2
:core:data	debugLintChecksClasspath	androidx.sqlite:sqlite-framework-android:2.6.2
:core:data	debugLintChecksClasspath	androidx.sqlite:sqlite-framework:2.6.2
:core:data	debugLintChecksClasspath	androidx.sqlite:sqlite:2.6.2
:core:data	debugLintChecksClasspath	com.squareup.okio:okio-jvm:3.9.1
:core:data	debugLintChecksClasspath	com.squareup.okio:okio:3.9.1
:core:data	debugLintChecksClasspath	org.bouncycastle:bcprov-jdk18on:1.86
:core:data	debugLintChecksClasspath	org.jetbrains.kotlin:kotlin-stdlib:2.3.20
:core:data	debugLintChecksClasspath	org.jetbrains.kotlinx:kotlinx-coroutines-android:1.10.2
:core:data	debugLintChecksClasspath	org.jetbrains.kotlinx:kotlinx-coroutines-bom:1.10.2
:core:data	debugLintChecksClasspath	org.jetbrains.kotlinx:kotlinx-coroutines-core-jvm:1.10.2
:core:data	debugLintChecksClasspath	org.jetbrains.kotlinx:kotlinx-coroutines-core:1.10.2
:core:data	debugLintChecksClasspath	org.jetbrains.kotlinx:kotlinx-serialization-bom:1.7.3
:core:data	debugLintChecksClasspath	org.jetbrains.kotlinx:kotlinx-serialization-core-jvm:1.7.3
:core:data	debugLintChecksClasspath	org.jetbrains.kotlinx:kotlinx-serialization-core:1.7.3
:core:data	debugLintChecksClasspath	org.jetbrains.kotlinx:kotlinx-serialization-json-jvm:1.7.3
:core:data	debugLintChecksClasspath	org.jetbrains.kotlinx:kotlinx-serialization-json:1.7.3
:core:data	debugLintChecksClasspath	org.jetbrains:annotations:23.0.0
:core:data	debugLintChecksClasspath	org.jspecify:jspecify:1.0.0
:core:data	debugLintChecksClasspath	project ':core:contracts'
:core:data	debugLintChecksClasspath	project ':core:data'
:core:data	debugLintChecksClasspath	project ':core:database'
:core:data	debugLintChecksClasspath	project ':core:datastore'
:core:data	debugLintChecksClasspath	project ':core:model'
:core:data	debugLintChecksClasspath	project ':core:protocol'
:core:data	releaseLintChecksClasspath	androidx.annotation:annotation-experimental:1.5.0
:core:data	releaseLintChecksClasspath	androidx.annotation:annotation-jvm:1.9.1
:core:data	releaseLintChecksClasspath	androidx.annotation:annotation:1.9.1
:core:data	releaseLintChecksClasspath	androidx.arch.core:core-common:2.2.0
:core:data	releaseLintChecksClasspath	androidx.arch.core:core-runtime:2.2.0
:core:data	releaseLintChecksClasspath	androidx.collection:collection-jvm:1.5.0
:core:data	releaseLintChecksClasspath	androidx.collection:collection:1.5.0
:core:data	releaseLintChecksClasspath	androidx.datastore:datastore-android:1.2.1
:core:data	releaseLintChecksClasspath	androidx.datastore:datastore-core-android:1.2.1
:core:data	releaseLintChecksClasspath	androidx.datastore:datastore-core-okio-jvm:1.2.1
:core:data	releaseLintChecksClasspath	androidx.datastore:datastore-core-okio:1.2.1
:core:data	releaseLintChecksClasspath	androidx.datastore:datastore-core:1.2.1
:core:data	releaseLintChecksClasspath	androidx.datastore:datastore-preferences-android:1.2.1
:core:data	releaseLintChecksClasspath	androidx.datastore:datastore-preferences-core-android:1.2.1
:core:data	releaseLintChecksClasspath	androidx.datastore:datastore-preferences-core:1.2.1
:core:data	releaseLintChecksClasspath	androidx.datastore:datastore-preferences-external-protobuf:1.2.1
:core:data	releaseLintChecksClasspath	androidx.datastore:datastore-preferences-proto:1.2.1
:core:data	releaseLintChecksClasspath	androidx.datastore:datastore-preferences:1.2.1
:core:data	releaseLintChecksClasspath	androidx.datastore:datastore:1.2.1
:core:data	releaseLintChecksClasspath	androidx.room:room-common-jvm:2.8.5
:core:data	releaseLintChecksClasspath	androidx.room:room-common:2.8.5
:core:data	releaseLintChecksClasspath	androidx.room:room-runtime-android:2.8.5
:core:data	releaseLintChecksClasspath	androidx.room:room-runtime:2.8.5
:core:data	releaseLintChecksClasspath	androidx.sqlite:sqlite-android:2.6.2
:core:data	releaseLintChecksClasspath	androidx.sqlite:sqlite-framework-android:2.6.2
:core:data	releaseLintChecksClasspath	androidx.sqlite:sqlite-framework:2.6.2
:core:data	releaseLintChecksClasspath	androidx.sqlite:sqlite:2.6.2
:core:data	releaseLintChecksClasspath	com.squareup.okio:okio-jvm:3.9.1
:core:data	releaseLintChecksClasspath	com.squareup.okio:okio:3.9.1
:core:data	releaseLintChecksClasspath	org.bouncycastle:bcprov-jdk18on:1.86
:core:data	releaseLintChecksClasspath	org.jetbrains.kotlin:kotlin-stdlib:2.3.20
:core:data	releaseLintChecksClasspath	org.jetbrains.kotlinx:kotlinx-coroutines-android:1.10.2
:core:data	releaseLintChecksClasspath	org.jetbrains.kotlinx:kotlinx-coroutines-bom:1.10.2
:core:data	releaseLintChecksClasspath	org.jetbrains.kotlinx:kotlinx-coroutines-core-jvm:1.10.2
:core:data	releaseLintChecksClasspath	org.jetbrains.kotlinx:kotlinx-coroutines-core:1.10.2
:core:data	releaseLintChecksClasspath	org.jetbrains.kotlinx:kotlinx-serialization-bom:1.7.3
:core:data	releaseLintChecksClasspath	org.jetbrains.kotlinx:kotlinx-serialization-core-jvm:1.7.3
:core:data	releaseLintChecksClasspath	org.jetbrains.kotlinx:kotlinx-serialization-core:1.7.3
:core:data	releaseLintChecksClasspath	org.jetbrains.kotlinx:kotlinx-serialization-json-jvm:1.7.3
:core:data	releaseLintChecksClasspath	org.jetbrains.kotlinx:kotlinx-serialization-json:1.7.3
:core:data	releaseLintChecksClasspath	org.jetbrains:annotations:23.0.0
:core:data	releaseLintChecksClasspath	org.jspecify:jspecify:1.0.0
:core:data	releaseLintChecksClasspath	project ':core:contracts'
:core:data	releaseLintChecksClasspath	project ':core:data'
:core:data	releaseLintChecksClasspath	project ':core:database'
:core:data	releaseLintChecksClasspath	project ':core:datastore'
:core:data	releaseLintChecksClasspath	project ':core:model'
:core:data	releaseLintChecksClasspath	project ':core:protocol'
:core:data	debugUnitTestLintChecksClasspath	androidx.annotation:annotation-experimental:1.5.0
:core:data	debugUnitTestLintChecksClasspath	androidx.annotation:annotation-jvm:1.9.1
:core:data	debugUnitTestLintChecksClasspath	androidx.annotation:annotation:1.9.1
:core:data	debugUnitTestLintChecksClasspath	androidx.arch.core:core-common:2.2.0
:core:data	debugUnitTestLintChecksClasspath	androidx.arch.core:core-runtime:2.2.0
:core:data	debugUnitTestLintChecksClasspath	androidx.collection:collection-jvm:1.5.0
:core:data	debugUnitTestLintChecksClasspath	androidx.collection:collection:1.5.0
:core:data	debugUnitTestLintChecksClasspath	androidx.datastore:datastore-android:1.2.1
:core:data	debugUnitTestLintChecksClasspath	androidx.datastore:datastore-core-android:1.2.1
:core:data	debugUnitTestLintChecksClasspath	androidx.datastore:datastore-core-okio-jvm:1.2.1
:core:data	debugUnitTestLintChecksClasspath	androidx.datastore:datastore-core-okio:1.2.1
:core:data	debugUnitTestLintChecksClasspath	androidx.datastore:datastore-core:1.2.1
:core:data	debugUnitTestLintChecksClasspath	androidx.datastore:datastore-preferences-android:1.2.1
:core:data	debugUnitTestLintChecksClasspath	androidx.datastore:datastore-preferences-core-android:1.2.1
:core:data	debugUnitTestLintChecksClasspath	androidx.datastore:datastore-preferences-core:1.2.1
:core:data	debugUnitTestLintChecksClasspath	androidx.datastore:datastore-preferences-external-protobuf:1.2.1
:core:data	debugUnitTestLintChecksClasspath	androidx.datastore:datastore-preferences-proto:1.2.1
:core:data	debugUnitTestLintChecksClasspath	androidx.datastore:datastore-preferences:1.2.1
:core:data	debugUnitTestLintChecksClasspath	androidx.datastore:datastore:1.2.1
:core:data	debugUnitTestLintChecksClasspath	androidx.room:room-common-jvm:2.8.5
:core:data	debugUnitTestLintChecksClasspath	androidx.room:room-common:2.8.5
:core:data	debugUnitTestLintChecksClasspath	androidx.room:room-runtime-android:2.8.5
:core:data	debugUnitTestLintChecksClasspath	androidx.room:room-runtime:2.8.5
:core:data	debugUnitTestLintChecksClasspath	androidx.sqlite:sqlite-android:2.6.2
:core:data	debugUnitTestLintChecksClasspath	androidx.sqlite:sqlite-framework-android:2.6.2
:core:data	debugUnitTestLintChecksClasspath	androidx.sqlite:sqlite-framework:2.6.2
:core:data	debugUnitTestLintChecksClasspath	androidx.sqlite:sqlite:2.6.2
:core:data	debugUnitTestLintChecksClasspath	com.squareup.okio:okio-jvm:3.9.1
:core:data	debugUnitTestLintChecksClasspath	com.squareup.okio:okio:3.9.1
:core:data	debugUnitTestLintChecksClasspath	junit:junit:4.13.2
:core:data	debugUnitTestLintChecksClasspath	org.bouncycastle:bcprov-jdk18on:1.86
:core:data	debugUnitTestLintChecksClasspath	org.hamcrest:hamcrest-core:1.3
:core:data	debugUnitTestLintChecksClasspath	org.jetbrains.kotlin:kotlin-stdlib:2.3.20
:core:data	debugUnitTestLintChecksClasspath	org.jetbrains.kotlin:kotlin-test-junit:2.3.20
:core:data	debugUnitTestLintChecksClasspath	org.jetbrains.kotlin:kotlin-test:2.3.20
:core:data	debugUnitTestLintChecksClasspath	org.jetbrains.kotlinx:kotlinx-coroutines-android:1.10.2
:core:data	debugUnitTestLintChecksClasspath	org.jetbrains.kotlinx:kotlinx-coroutines-bom:1.10.2
:core:data	debugUnitTestLintChecksClasspath	org.jetbrains.kotlinx:kotlinx-coroutines-core-jvm:1.10.2
:core:data	debugUnitTestLintChecksClasspath	org.jetbrains.kotlinx:kotlinx-coroutines-core:1.10.2
:core:data	debugUnitTestLintChecksClasspath	org.jetbrains.kotlinx:kotlinx-serialization-bom:1.7.3
:core:data	debugUnitTestLintChecksClasspath	org.jetbrains.kotlinx:kotlinx-serialization-core-jvm:1.7.3
:core:data	debugUnitTestLintChecksClasspath	org.jetbrains.kotlinx:kotlinx-serialization-core:1.7.3
:core:data	debugUnitTestLintChecksClasspath	org.jetbrains.kotlinx:kotlinx-serialization-json-jvm:1.7.3
:core:data	debugUnitTestLintChecksClasspath	org.jetbrains.kotlinx:kotlinx-serialization-json:1.7.3
:core:data	debugUnitTestLintChecksClasspath	org.jetbrains:annotations:23.0.0
:core:data	debugUnitTestLintChecksClasspath	org.jspecify:jspecify:1.0.0
:core:data	debugUnitTestLintChecksClasspath	project ':core:contracts'
:core:data	debugUnitTestLintChecksClasspath	project ':core:data'
:core:data	debugUnitTestLintChecksClasspath	project ':core:database'
:core:data	debugUnitTestLintChecksClasspath	project ':core:datastore'
:core:data	debugUnitTestLintChecksClasspath	project ':core:model'
:core:data	debugUnitTestLintChecksClasspath	project ':core:protocol'
:core:data	debugAndroidTestLintChecksClasspath	androidx.annotation:annotation-experimental:1.5.0
:core:data	debugAndroidTestLintChecksClasspath	androidx.annotation:annotation-jvm:1.9.1
:core:data	debugAndroidTestLintChecksClasspath	androidx.annotation:annotation:1.9.1
:core:data	debugAndroidTestLintChecksClasspath	androidx.arch.core:core-common:2.2.0
:core:data	debugAndroidTestLintChecksClasspath	androidx.arch.core:core-runtime:2.2.0
:core:data	debugAndroidTestLintChecksClasspath	androidx.collection:collection-jvm:1.5.0
:core:data	debugAndroidTestLintChecksClasspath	androidx.collection:collection:1.5.0
:core:data	debugAndroidTestLintChecksClasspath	androidx.datastore:datastore-android:1.2.1
:core:data	debugAndroidTestLintChecksClasspath	androidx.datastore:datastore-core-android:1.2.1
:core:data	debugAndroidTestLintChecksClasspath	androidx.datastore:datastore-core-okio-jvm:1.2.1
:core:data	debugAndroidTestLintChecksClasspath	androidx.datastore:datastore-core-okio:1.2.1
:core:data	debugAndroidTestLintChecksClasspath	androidx.datastore:datastore-core:1.2.1
:core:data	debugAndroidTestLintChecksClasspath	androidx.datastore:datastore-preferences-android:1.2.1
:core:data	debugAndroidTestLintChecksClasspath	androidx.datastore:datastore-preferences-core-android:1.2.1
:core:data	debugAndroidTestLintChecksClasspath	androidx.datastore:datastore-preferences-core:1.2.1
:core:data	debugAndroidTestLintChecksClasspath	androidx.datastore:datastore-preferences-external-protobuf:1.2.1
:core:data	debugAndroidTestLintChecksClasspath	androidx.datastore:datastore-preferences-proto:1.2.1
:core:data	debugAndroidTestLintChecksClasspath	androidx.datastore:datastore-preferences:1.2.1
:core:data	debugAndroidTestLintChecksClasspath	androidx.datastore:datastore:1.2.1
:core:data	debugAndroidTestLintChecksClasspath	androidx.room:room-common-jvm:2.8.5
:core:data	debugAndroidTestLintChecksClasspath	androidx.room:room-common:2.8.5
:core:data	debugAndroidTestLintChecksClasspath	androidx.room:room-runtime-android:2.8.5
:core:data	debugAndroidTestLintChecksClasspath	androidx.room:room-runtime:2.8.5
:core:data	debugAndroidTestLintChecksClasspath	androidx.sqlite:sqlite-android:2.6.2
:core:data	debugAndroidTestLintChecksClasspath	androidx.sqlite:sqlite-framework-android:2.6.2
:core:data	debugAndroidTestLintChecksClasspath	androidx.sqlite:sqlite-framework:2.6.2
:core:data	debugAndroidTestLintChecksClasspath	androidx.sqlite:sqlite:2.6.2
:core:data	debugAndroidTestLintChecksClasspath	com.squareup.okio:okio-jvm:3.9.1
:core:data	debugAndroidTestLintChecksClasspath	com.squareup.okio:okio:3.9.1
:core:data	debugAndroidTestLintChecksClasspath	org.bouncycastle:bcprov-jdk18on:1.86
:core:data	debugAndroidTestLintChecksClasspath	org.jetbrains.kotlin:kotlin-stdlib:2.3.20
:core:data	debugAndroidTestLintChecksClasspath	org.jetbrains.kotlinx:kotlinx-coroutines-android:1.10.2
:core:data	debugAndroidTestLintChecksClasspath	org.jetbrains.kotlinx:kotlinx-coroutines-bom:1.10.2
:core:data	debugAndroidTestLintChecksClasspath	org.jetbrains.kotlinx:kotlinx-coroutines-core-jvm:1.10.2
:core:data	debugAndroidTestLintChecksClasspath	org.jetbrains.kotlinx:kotlinx-coroutines-core:1.10.2
:core:data	debugAndroidTestLintChecksClasspath	org.jetbrains.kotlinx:kotlinx-serialization-bom:1.7.3
:core:data	debugAndroidTestLintChecksClasspath	org.jetbrains.kotlinx:kotlinx-serialization-core-jvm:1.7.3
:core:data	debugAndroidTestLintChecksClasspath	org.jetbrains.kotlinx:kotlinx-serialization-core:1.7.3
:core:data	debugAndroidTestLintChecksClasspath	org.jetbrains.kotlinx:kotlinx-serialization-json-jvm:1.7.3
:core:data	debugAndroidTestLintChecksClasspath	org.jetbrains.kotlinx:kotlinx-serialization-json:1.7.3
:core:data	debugAndroidTestLintChecksClasspath	org.jetbrains:annotations:23.0.0
:core:data	debugAndroidTestLintChecksClasspath	org.jspecify:jspecify:1.0.0
:core:data	debugAndroidTestLintChecksClasspath	project ':core:contracts'
:core:data	debugAndroidTestLintChecksClasspath	project ':core:data'
:core:data	debugAndroidTestLintChecksClasspath	project ':core:database'
:core:data	debugAndroidTestLintChecksClasspath	project ':core:datastore'
:core:data	debugAndroidTestLintChecksClasspath	project ':core:model'
:core:data	debugAndroidTestLintChecksClasspath	project ':core:protocol'
